pair_uid,task_id,image_a,image_b,sha256_a,sha256_b
008e997dd1bb6c02e5e75dd78030d5cb939211c20f4e8f4002bbf29da6bc77df,sthereo_day_night_vis_vis,images/sthereo_07_valley_morning/visible_left/1630115768975647953.png,images/sthereo_09_valley_evening/visible_left/1630073760533933309.png,2ca1558728b35d167f891775c004471ac52e432ac331e0f05e68144bf8ca03d6,19ca78c8cf8806ac529a05a941baf05b107d02018de51ce2cc29fc2386ded8b8
0157ed87bbc5331a6a875e633a1a9ed3b3700d0b40934af8b7f1e9e0d27e31b5,sthereo_day_night_vis_vis,images/sthereo_07_valley_morning/visible_left/1630115869042032643.png,images/sthereo_09_valley_evening/visible_left/1630073839908374104.png,ec93791368295b0b12964185259b5fdc9be9f584e5aa1af6d8a7c32c747dfdeb,5d43e1f93b684dd5787c4ccf88eb181363615f9eb04727965ce3babafbcbd175
01696e035c7e7f780f1908a14647f76a8bfe555323cce04bd40e27dbc6a08353,sthereo_day_night_thermal_thermal,images/sthereo_07_valley_morning/thermal_left/1630115726976538720.png,images/sthereo_09_valley_evening/thermal_left/1630073884491052601.png,e0a310dfb29795ba4ad91f58a7b94797e0c6ea60909f4d65d5c0868d4414fb1a,6a790df079dbe1ac0fb38dba9d244c1080e8460fe688ae608a84551a401e5d70
0196b7cd84f78d4ab1f184e461b47737f4e29f15ac69e59fd78a5f3d175bad66,sthereo_day_night_thermal_thermal,images/sthereo_07_valley_morning/thermal_left/1630115887071760093.png,images/sthereo_09_valley_evening/thermal_left/1630073854391027449.png,50473963cc08300fd6a5b8590f3c109f7591652f77b2331fed4761f8adcaf2be,10c8073a2008e5e623062342ef4a631f93a88756228dbbbacd3445ad5d339dbd
02e0c54f5e056648e692f9dc959a76b110e7f435845fde290f6088057cf48737,sthereo_day_night_thermal_thermal,images/sthereo_07_valley_morning/thermal_left/1630116028971764869.png,images/sthereo_09_valley_evening/thermal_left/1630073974871424473.png,ba23935134cd8216cdd2583272d3fb9f5a0362422b9fc14cb1832546fdb990df,792fb0934587e8e7eea722b76c515afb35bcc17d3e19e88427f2ba2cab74eab5
03d621671dd9ca6aabca7958ca4c28bd1c729f5476c21ac40a37d5b5d756627b,sthereo_day_night_thermal_thermal,images/sthereo_07_valley_morning/thermal_left/1630115768976542324.png,images/sthereo_09_valley_evening/thermal_left/1630073760491005234.png,8012426d92b25b0bf8a436e4e57ab6ad2169612d0f5127967107de3d237a1862,b8de46b6b7c18857644a97f836ec9432555f162a6f1bcf74a34e20e16e5a50db
0440ef08b296a6b60b9680e2af3f5ba90389c789b40d51caa9639f8d7b7b23ed,sthereo_day_vis_thermal,images/sthereo_07_valley_morning/visible_left/1630116003000049963.png,images/sthereo_07_valley_morning/thermal_left/1630116004971770884.png,dd47f8d51bf8be191670874c707fc9105ce59b874afcc727bf5f026d83f14328,978b32d0fc440565bc2e12326c92952e6a1150a7c183e2c50ebd4b92c3a7d91e
044dc4a157469bf0192a48b35b3e9a7f1ed330044a39af78392aec621fbe07be,sthereo_day_night_thermal_thermal,images/sthereo_07_valley_morning/thermal_left/1630115632976541736.png,images/sthereo_09_valley_evening/thermal_left/1630073648119166861.png,8683394581cf6970bd0b222550cadf50dca6a549e6e8ed3df2776b082ad7baa2,a363be3ba8916e5f1722f461a64646f7a41c1138f01ab6df4944b73140dfbab2
0489493aff1c3d966f9e6e5f4fd32f1045da4fc443ae79a63bfb6dbd9bad2c40,sthereo_day_night_thermal_thermal,images/sthereo_07_valley_morning/thermal_left/1630115996971759624.png,images/sthereo_09_valley_evening/thermal_left/1630073777991028483.png,4613605dfc76b7f2187da6a1fd2974fcf68657f8e0e2b2f0b6431cb2f825cca3,acfd8b67319751222b25c242c35f8e9e49cc2ecac53eac64959867444754a1e6
051ec164ba856688b4cd447798e2f430c90fa269a36c748bedb76d4168f82e04,sthereo_day_vis_thermal,images/sthereo_07_valley_morning/visible_left/1630115847048864359.png,images/sthereo_07_valley_morning/thermal_left/1630115849071760858.png,0a92f9ff44dd7849d517c26a2afa715a60ff1a482028e0e6a4865b1318dc565a,4f45c81ab07869dee715d283edd391e4897bc8888e236a570b7c7080e4f84776
05506e393dcdc8212858e145bb3dcc442f48230ef94aee79040e0b46c7e951b7,sthereo_day_night_vis_vis,images/sthereo_07_valley_morning/visible_left/1630115893033333751.png,images/sthereo_09_valley_evening/visible_left/1630073692459645960.png,b959f47fae71c0e9b1b95ebd677c863c14f81358046e6e9e3d004844492faf70,7580f3a3095a2838476e6520c03907525d24661acad25e69e2b377c784510c8a
068e25b8353f9691ae73cf5defa2807316f4c914eecbd8cf21c2342a3fb1ce3a,sthereo_day_vis_thermal,images/sthereo_07_valley_morning/visible_left/1630115726986114511.png,images/sthereo_07_valley_morning/thermal_left/1630115728976537778.png,803a7ea1e2e955628f7050e1a50477a41e7bd47504041731335300848a774136,18ad72628bba6385172ca73ffa428631b16ab1253795513e5534a9b37ad6cc93
072d8adf26614b9ae380164dda838ac3e0c0342b98a08fbfa1b357f6c1d0f67e,sthereo_day_night_thermal_thermal,images/sthereo_07_valley_morning/thermal_left/1630116012971785299.png,images/sthereo_09_valley_evening/thermal_left/1630073960971427410.png,034b6ce8a9d13e24d90e9bd85a600331a171e07d1f9495845eea28e0f0fca0cf,96e5ee0cba9c4adb5a00a5178e1a9ba8efab628bfa6e3a53ace8729a05bcd5ab
07c25d43c07db386083e70fe25f62b6dcaffa44f90517095ecfd3d5beffc1d7f,sthereo_day_night_vis_vis,images/sthereo_07_valley_morning/visible_left/1630115726986114511.png,images/sthereo_09_valley_evening/visible_left/1630073884493988443.png,803a7ea1e2e955628f7050e1a50477a41e7bd47504041731335300848a774136,c8da50f892be845dbd5ef0071f6725609e18d89d8b51893a29babf1a04fd6cb2
0870a348d6e22a90acf0870ceb72cf18a1fd59e6a081a3f15c335e7f58d87adf,sthereo_day_vis_thermal,images/sthereo_07_valley_morning/visible_left/1630115989005987902.png,images/sthereo_07_valley_morning/thermal_left/1630115990971767374.png,273bf873ae2547ceb135ad6e50853304125509ef8906136f328ff6c268004489,f0d6ec07b76f7f11d0782425fe2dd32b0cbe05aa53d6c1ff8b15982b51ad44ac
08e2258023f76af522bbc8197ccf87201175660aecceac6a887bbecf6e053fa4,sthereo_day_vis_thermal,images/sthereo_07_valley_morning/visible_left/1630115740982450421.png,images/sthereo_07_valley_morning/thermal_left/1630115742976542888.png,62afa0327c06129d97d771fe2bbca182528f0fb5704b04a1418e99f2f3b355dc,e688d1487994622d73903143a454e5cb72fc1689c0d62afaecb7a521c3f507da
0a8e33687d3e0364b0eb1e9e9751ad7ce8f8e57d6042138e9074873af876dfc6,sthereo_day_night_vis_vis,images/sthereo_07_valley_morning/visible_left/1630115742981933216.png,images/sthereo_09_valley_evening/visible_left/1630073897589125530.png,f5bca701d2bb8bc470adb11d02bbbf43449fa89dddba51cdd5947d9bd4214480,8756e0c6056387d3c82ee0705dbafbeb4ea746bc13e4571df0f4a8e1ed38272f
0a9cb104a1b9f31897aaa5e95c3e25223f13d4927c84cfee279a3a121163b543,sthereo_day_night_thermal_thermal,images/sthereo_07_valley_morning/thermal_left/1630115897071761192.png,images/sthereo_09_valley_evening/thermal_left/1630073695691005573.png,d8a307dfb837ad77e0619c76291e8fa22d3cbc95a8edffa0065842a510c21266,78dd0afd483749e463c74a9586dde7dd89731e282dd157c1672a79228eff6085
0b41a879676b92bb3a9b3827a62a4232045c96b6694649340ea7e67ac991e978,sthereo_day_night_thermal_thermal,images/sthereo_07_valley_morning/thermal_left/1630115847071760923.png,images/sthereo_09_valley_evening/thermal_left/1630073823091027909.png,6c86575718a07948e95608038a0bd7f89e84cd2d24a1367c1b0680a719bb2514,2d11875eef9f8481903bba389e7d4fe95230792f28af5f4c8fac8d6a85fd8720
0b4d9d6c84e0d1c6b759dbd2ecde7e11da604a2ed67c37938494410f34d4aec2,sthereo_day_night_thermal_thermal,images/sthereo_07_valley_morning/thermal_left/1630115666976539681.png,images/sthereo_09_valley_evening/thermal_left/1630073678691048183.png,26847fd4bf95da715c3d152e2f491330e98929a1bbf903bad09057cb72a31990,9064cf56db86cb868721c00f68978eb23784ab96187dad0bb1df4354637d90fc
0c09ece032e033aedb4c92145ef2816704817ada2a837973a88a8225a6c8cae2,sthereo_day_vis_thermal,images/sthereo_07_valley_morning/visible_left/1630115983008219151.png,images/sthereo_07_valley_morning/thermal_left/1630115984971759355.png,9dbed66c0051cc317fff138499a1399a42ae3cba05ef5d2172f517d3ec2412a0,1fe3b3916a0b9895bc487f910ff89d1bb9ebeb99a1d4a8997a494d64eadda17c
0c13a0ba0a5bdc11fa668c7eafddbc4d6eb02f95f2d970fb9fae2988cd140698,sthereo_day_vis_thermal,images/sthereo_07_valley_morning/visible_left/1630115742981933216.png,images/sthereo_07_valley_morning/thermal_left/1630115744976538907.png,f5bca701d2bb8bc470adb11d02bbbf43449fa89dddba51cdd5947d9bd4214480,7e90fb6bff68e5e5c3cb2f451207dcaa52767fa92c62b7d0c678a8dc8d44a953
0c1bd6bf9878a72f103b739b3eb3afc1544b1878c0cb7ac44a6d980608803117,sthereo_day_night_thermal_thermal,images/sthereo_07_valley_morning/thermal_left/1630115662976541260.png,images/sthereo_09_valley_evening/thermal_left/1630073675691010712.png,6c4903cc8b71b75bf0d0703b44685b2e4ff4e72b0d5501e87031861c343fcf6f,4c9eb3f2bf0f3fe6ac3891d289242ea2f49ba404d78e0f60d8243493b150b8f6
0c7dcd8ecd2ca34d19864d5b6feb300f499c7b1e739ee97a48e963c7731764c8,sthereo_day_vis_thermal,images/sthereo_07_valley_morning/visible_left/1630116006998124051.png,images/sthereo_07_valley_morning/thermal_left/1630116008971760063.png,23785e7040146b636cf1080b2c8c86f397ee45c864bf43e3f4630ca4ee22df81,e2d9b82570aa6f5a5f45685f214926a4104dcc078aab47c17ee7cfc9e4390ad0
0d183bf9c277915d4b888a10a2e819220624328217abc677929deabfcd654676,sthereo_day_night_thermal_thermal,images/sthereo_07_valley_morning/thermal_left/1630115646976543243.png,images/sthereo_09_valley_evening/thermal_left/1630073661691052114.png,e32e1b11007b4899b232d7bb7829537704616d36c93701088aaa6bb36f806bfd,14130ba4d5f839194241e65fe945bddf4548709af6c958157061e56c42af7a6d
0d8e3461231423f2ed2c8814c0f92a340d59fccacceb848374cadf9af64c4871,sthereo_day_vis_thermal,images/sthereo_07_valley_morning/visible_left/1630115722987268314.png,images/sthereo_07_valley_morning/thermal_left/1630115724976573449.png,8a3ac1b82d51a16baeb506586b2517a936a5998b524b5e3188ec4c2004516f22,dd9cefa434e55080124fe1f6de9b21c36ae537f613ad1151864c74122154ed63
105249368c0e4d3c8b1baacdc97ff2041cae9be1dd84aac4bbbc695972a6a6a9,sthereo_day_night_vis_vis,images/sthereo_07_valley_morning/visible_left/1630115873039985829.png,images/sthereo_09_valley_evening/visible_left/1630073676360234584.png,2daad699527c0eb2d2ddc284c8f855999c6cc9bba24aa84f50381e1de008dbc5,054a5277bfdc7da36009d1513d6037ff1fbb23c68ba89d3db0a4b8adfffbeb1b
11dd7bf3c5ae507d6b07aa597a9803e6c7761e5c80ca6dfd3dbd5c686024ce94,sthereo_day_night_vis_vis,images/sthereo_07_valley_morning/visible_left/1630115949016833847.png,images/sthereo_09_valley_evening/visible_left/1630073736441153373.png,d7c9342d7c8db54a8e1d40422ccaccdd5d4c2f5b0a29fc7815fe5b69bbef4742,5cfc6f3d4a7fe5af126535114d9b1f516d0d361284f4e4d81a0423d595819cd1
137d79b1f02dd6824e962b37498ef1fc3119ff2f30d2abb97574160ae4973051,sthereo_day_vis_thermal,images/sthereo_07_valley_morning/visible_left/1630115809061775456.png,images/sthereo_07_valley_morning/thermal_left/1630115811076554433.png,6e8fe8c4d38acfb295957d8bf2c92a88675d696474c3cca3a3b35beeb23e5462,d4caa2e7130ee5318adcd827fe9055a334c43b6bdf7e23fcea375e0c1d4161c9
165ba2f11c3d4b9e5c98250fb86e6dd8892b2f453b24b13328e0fc94af12709d,sthereo_day_night_vis_vis,images/sthereo_07_valley_morning/visible_left/1630115921024658826.png,images/sthereo_09_valley_evening/visible_left/1630073711349200650.png,06bdf1a8bf4e10aa1bcc01fab9d27444719d285d3f3531505965400105029667,778fff324c732af54080346a7d169534c422442e498f6e2f34aa8647090b8cce
179b3d708c6326571a8ab862ea0a43d658d6f658e2ba9bc26eaa512fe3fe585f,sthereo_day_night_thermal_thermal,images/sthereo_07_valley_morning/thermal_left/1630116018971797701.png,images/sthereo_09_valley_evening/thermal_left/1630073797091031527.png,bb5eb624db089b2f867a281b7a04379e0349c3ed0293544bb051d9ec76ccbe4c,ef0e968adc9c009ac7537965c33356b10961584577ed31df14e9e836421d23b2
17caee3ff491c07ade280dd46f59b7c4518b523a160b3571626f163a9a8db283,sthereo_day_night_thermal_thermal,images/sthereo_07_valley_morning/thermal_left/1630115742976542888.png,images/sthereo_09_valley_evening/thermal_left/1630073897591036624.png,e688d1487994622d73903143a454e5cb72fc1689c0d62afaecb7a521c3f507da,5f961a06563a1a5b992e729bcf02077238013d79499d5c7147ba810ae999375e
180c4a8a1cae65006bf8f077e2caf075c872453c92c776ea74fd6624c04312fc,sthereo_day_night_thermal_thermal,images/sthereo_07_valley_morning/thermal_left/1630115813076545504.png,images/sthereo_09_valley_evening/thermal_left/1630073798191028694.png,659e95b6b0dd8ec96eae75615b729e11df6ce52bcd13a57d8c0557fba6c8a8bb,d9c090b5ebcf173ab092ea0a565785650f4a30f4f0eefe61c032be37f01026cb
19382172001999e82ca575a57a8a911abfbfcd5d48db33fefec8c2446d0ecd46,sthereo_day_night_thermal_thermal,images/sthereo_07_valley_morning/thermal_left/1630115829076549849.png,images/sthereo_09_valley_evening/thermal_left/1630073640319192467.png,cb74bd311fdb216ef76dcd06bcd7bcab6864c3f0623702b35e56c4fa8141947f,812414602e8d8d6d3b3fa1ed8dc793046dcd8f2e63b0231a5fab6034af517aa5
199dbaff9bd1119483b37840246c0c690b59b470f75d3ee0de930012f3507a4b,sthereo_day_vis_thermal,images/sthereo_07_valley_morning/visible_left/1630115657009590678.png,images/sthereo_07_valley_morning/thermal_left/1630115658976541777.png,a4f10eae81cfa4b4788bba23b4877db23be7873c288b132031da4dcc48899532,14382b537ce220270496d69277b7bdd261f5def1b1839b12f526bf9b2efc1ae2
1b279e29bb946c207971b2208440447466f5b5de834699871d0e0e570e76fd71,sthereo_day_night_thermal_thermal,images/sthereo_07_valley_morning/thermal_left/1630115988971712543.png,images/sthereo_09_valley_evening/thermal_left/1630073937530570637.png,1b41a68f7a3bd758108e3c68f7957bff74a13dc6fbdefe7dca3a155906255734,8fc2b99c73beded357ddd570d71e0bfe01e6a0c66b07f719afc7c8f82f3213c6
1c98cec407a9b9fb91e4ec99c23a40d61f5d6f6ee6e3f48b574fc48ecc1c9454,sthereo_day_vis_thermal,images/sthereo_07_valley_morning/visible_left/1630115750980094175.png,images/sthereo_07_valley_morning/thermal_left/1630115752976537824.png,4425c035fdf7131d8bd15dfcc0ed323e5fb8503c80349c0b6a8828b0d825b518,6afaefb659c7f0386bb82ed65461b0d16f7a51e4a195dd31b9dc2c1c27e222f0
1dea490b11fa1afe510274826cef54c8a6a7b950ce4870480612293ee0850434,sthereo_day_night_thermal_thermal,images/sthereo_07_valley_morning/thermal_left/1630115740976533751.png,images/sthereo_09_valley_evening/thermal_left/1630073895191038605.png,469a83df3965d96f77adc1b355276861a83c1cf57f1f434d2b7c7c46af2d87f2,145b76e0df966430bafbdc5a23977ed10020746c9a9e250872636646ddc6a150
1f346adea5e3025878e1eebaad8f24cc63bd24c168e81c872d8f9f6ac69e16af,sthereo_day_vis_thermal,images/sthereo_07_valley_morning/visible_left/1630115867043164516.png,images/sthereo_07_valley_morning/thermal_left/1630115869071761650.png,c3ab3425186b21810194bde0e6d0199e008ce2ba8c132620ba6321b81067e56e,8e21034b336de654969f0d729cb37ef7ab05d260b4e351aec1e35d150c1c4b2a
1fa5529e35d8760ae07cdf047cf2a2ef1f8db091e8dd1ad358b80e91891afbbe,sthereo_day_night_vis_vis,images/sthereo_07_valley_morning/visible_left/1630115997003592833.png,images/sthereo_09_valley_evening/visible_left/1630073778029236242.png,9376f90c6e3010b558c6caca1d982456470ada3b44936a2dff415929a3a3a8a1,e4fc2973c18e18f0e890192f3a23e309945f616df63d7cfdb81ff62ec652b21a
21ae814465f836ef2ef3904971c55bde2345e67e6dd3ee8cf40c3b099b369b25,sthereo_day_night_thermal_thermal,images/sthereo_07_valley_morning/thermal_left/1630115978971760304.png,images/sthereo_09_valley_evening/thermal_left/1630073762791032244.png,47c5661dd2284e6eaa3619eac2f01a60712cc478ba4cca7272aea909626df194,5253d9784a3587b78669ef78082e569ec75c41c5fd1e3be203c6959d3b4308a5
22585703476d5776a78e0cc013ce6293ae957725884c4b7a173bc95f5e8b2591,sthereo_day_night_thermal_thermal,images/sthereo_07_valley_morning/thermal_left/1630115929071763232.png,images/sthereo_09_valley_evening/thermal_left/1630073881691052968.png,aa0be20a67bc1892e89fb741c6912ad6f25f388a720fcfb69f13a552f30e8d94,75b1571c56dc1fa8277695327403f21c5e98ad6e336a038f8c83c2bc9a3a61bd
22dd8326d9da1f689e6a31dfea69fddd8fb5f26cbf981fb41a3d4ed58e96583c,sthereo_day_night_vis_vis,images/sthereo_07_valley_morning/visible_left/1630115797065533137.png,images/sthereo_09_valley_evening/visible_left/1630073784327402879.png,6324a078df6c9c0bd6cab81afeec2ee97380b8d5a2b3569590ed1aa7508abf8c,55bd48e50e063db3d2980531a3a6f9e7841aeac30cb9ab533c225b0fe668d01b
23c4164f7938e3066de232e2593332b41d084a454cbab923931855f2d4e40081,sthereo_day_vis_thermal,images/sthereo_07_valley_morning/visible_left/1630115823057304864.png,images/sthereo_07_valley_morning/thermal_left/1630115825076516237.png,41a3332ddc8a4fde09f27f4c744a19efef9c3be990fe495bf37fb2cbaab3145c,6100b24ae421757f4f6e5fb05e19f04ee3cf113506167880c30f7590796a8798
25079d339d6c77bfafb58f75d47766b6d091ce7f84b8a9f644f8629350ebabdd,sthereo_day_vis_thermal,images/sthereo_07_valley_morning/visible_left/1630115783070601963.png,images/sthereo_07_valley_morning/thermal_left/1630115785076542618.png,fb069e60d806661d5aaa8fb436d64c3a1e20b722fcca2578e1ea24fc1f838ebc,b918910f203c758a94d338c17e167cfec2a09d56cfb03c30bb74cbfb26a2b463
25431e26ec6d9c557ab43a404f68f0b4587a05d742d3de837e2cf1f8d5a38b5a,sthereo_day_vis_thermal,images/sthereo_07_valley_morning/visible_left/1630115807061853109.png,images/sthereo_07_valley_morning/thermal_left/1630115809076539204.png,a27ac0b824045585b6bbc232bf68297de1bcc793f80c5c3e3ec480ad9d838679,a304f840f86e3fcc24c956be1361b61f7d1383f7493001c31d08b9e8d05fe957
25672a241a244d3761df436373987dd6050d377209468acf61ad5c571544b771,sthereo_day_night_thermal_thermal,images/sthereo_07_valley_morning/thermal_left/1630115966971759023.png,images/sthereo_09_valley_evening/thermal_left/1630073915530567740.png,6cc59c7bb7da3aef80a2a5534a00adaa164853b7138b12a138260791f51e18b4,d28b75bf3b24930d622fd23b94a4e3d1bd62d2d89bc86e5405af64f1f1931a63
257b7bdb47a8f89ea2407360aa6870052d9f3cef19071e29ebeafaaad7a87f9a,sthereo_day_night_vis_vis,images/sthereo_07_valley_morning/visible_left/1630115633016657382.png,images/sthereo_09_valley_evening/visible_left/1630073648169079767.png,69400a7456b8507d780e31bb09951abcb2748653614d733f22269c9d043b4c29,4bdf8c5e38d4b722b28059c50ba4bdada4c7cda83277f9acd80c818498ceb17b
281a479a2134eae0ff111b925caceedc848dd3c0aa304ad4924cf45990f2d4b3,sthereo_day_night_vis_vis,images/sthereo_07_valley_morning/visible_left/1630115677002774321.png,images/sthereo_09_valley_evening/visible_left/1630073686356511383.png,882ea5e3704a3b44f42994c9595ebd7ed7d95f2717e63beeb76d8a14d11919ac,cd4ab9c809804ec45804dd542a7e009abcba578f27195c067ba88409f3af7d1f
28acbe37ce685c71e815c57a1bd66a218e5808f8d4b72845506196110652df52,sthereo_day_vis_thermal,images/sthereo_07_valley_morning/visible_left/1630115979009128791.png,images/sthereo_07_valley_morning/thermal_left/1630115980971783802.png,aac762822e87d3afee4199f4621a93effbf6c2f7a2813c91343070fd8fb2d527,49584b0a1e79f1d167af1656fb4c6aa6c6b8d4162e600e719e61969fcea75f91
28b2f3d4f689399b73fa50b4353dd7f0fa3279b85f56b8f168e106db897b66f2,sthereo_day_night_thermal_thermal,images/sthereo_07_valley_morning/thermal_left/1630115934971762605.png,images/sthereo_09_valley_evening/thermal_left/1630073722791025907.png,32ca2eda89379d0a4ddbd90bea16f142d9f7749bcb6d657ac5f1e6e75e03c741,b2eba210d993534a9e6b3dbcbbe3441a0fc809689404694dd1ae648e961e6c29
292561b9e87806bb4283cb83ceafdfc8e9b8c9c9a62b513f195fb36f1d7b8ecf,sthereo_day_vis_thermal,images/sthereo_07_valley_morning/visible_left/1630115947017585651.png,images/sthereo_07_valley_morning/thermal_left/1630115948971759047.png,a09e64618287919e489bf3bf520a2c284817338d0fd6757fa4ba4713d073278d,3d16b09a8309679d618f5e6eb1eb6acb0e706e8b971103ea4dd8fdc30b0837ce
29945bca650119d4603cc19233db943f04d4fbaeb9e4994bcab38b09c649c7c9,sthereo_day_night_thermal_thermal,images/sthereo_07_valley_morning/thermal_left/1630115676976539170.png,images/sthereo_09_valley_evening/thermal_left/1630073686391024755.png,130e2b04585f129f503206f29c2dcfbc619b12c0f01853626946815d490f9738,fa038255d76cc3aa6b738e86deb568cb3bcf4bca7c116fb07e832910ba938b3f
2a642077472a18e6e00b4c7adea8f39788658ed64245cf839212ebedac00076f,sthereo_day_night_vis_vis,images/sthereo_07_valley_morning/visible_left/1630115963013069334.png,images/sthereo_09_valley_evening/visible_left/1630073748637803118.png,5949d539ae299d79e69b6869a3c31304327ae0209d1de98e0942246164b7c621,8d534d19b57670c81ecd16a7ca3ba8c38098bc1444833785cbc22f8999e32cbb
2ab87e865818e541b0b8f3405a519a8bf5a9085e6142c63dafea7140220cb0ee,sthereo_day_vis_thermal,images/sthereo_07_valley_morning/visible_left/1630115677002774321.png,images/sthereo_07_valley_morning/thermal_left/1630115678976537237.png,882ea5e3704a3b44f42994c9595ebd7ed7d95f2717e63beeb76d8a14d11919ac,9780f0d0a3690a07b5228ff7c99a9026b6f2c33759046ff9df2841fd06e4ba83
2b5c950722f45389f494bc28edfcc7cc46f132a760da992fedb46e67d0453da8,sthereo_day_night_thermal_thermal,images/sthereo_07_valley_morning/thermal_left/1630115968971763866.png,images/sthereo_09_valley_evening/thermal_left/1630073754091030819.png,4927f164a724d90a089cc5449384c1677f64461db55b65dc3ebabe6b89a1c8f0,99c84ab30416afbb43232180fe5f2d9ee289a7fb307e62e6094d352da63bd7ae
2c8775c0be32d06014d182f73a552fc2f6400cd647ae369452dc3a82234d0336,sthereo_day_night_thermal_thermal,images/sthereo_07_valley_morning/thermal_left/1630115976971791377.png,images/sthereo_09_valley_evening/thermal_left/1630073760991030492.png,743dea86d48856ad8d870ebca25f4a11d1b5e52248cd2ced680b1f575bdd6147,52714c4272a8066f5b36733cfb4c92fa80b7a91791f67eec31a8998e8470110d
2e2cc9bad0cd48d03149b6666b4631c74866e5ff84035e56753e92e7fb80d08e,sthereo_day_night_thermal_thermal,images/sthereo_07_valley_morning/thermal_left/1630115839076554106.png,images/sthereo_09_valley_evening/thermal_left/1630073649519166839.png,452b3fcae5c64d30fe6d90c09db258fc9f96eb3a0362d82bbab8169beafb520b,794adba9933e067c649b335e49ab8326414012cfb193cdde309e1cb61811fd1f
2e5348e4594c09840d288d424c290ef01661cf52068d1bc3ece823bc11779d39,sthereo_day_night_vis_vis,images/sthereo_07_valley_morning/visible_left/1630115853046882814.png,images/sthereo_09_valley_evening/visible_left/1630073828211190971.png,5e7fa4a1c2d1f6c3db14235690809c48155da8878a1f31147eb921a6f5db03c5,20877e1a94d3c858c2fa0d7c1e5a8bbe311fce16f6cec4cc42573b47202e541a
2f9dd81853ce41a01c78fd9063f67e9a10e6f57add903496a094515151478316,sthereo_day_night_thermal_thermal,images/sthereo_07_valley_morning/thermal_left/1630115992971780208.png,images/sthereo_09_valley_evening/thermal_left/1630073941330569633.png,f8e00ec6f9c3d7f020f3573caea7ffef7f440754250006f97d2d9ce83c81b59a,30a931807290e8caf7bbacc1bd371636a72b850fa220d4834ad93cc8729795c8
308958b9a055c6930c9ff15d82d246ab321271940403b6e0eed737ac496dd33c,sthereo_day_vis_thermal,images/sthereo_07_valley_morning/visible_left/1630115967012051702.png,images/sthereo_07_valley_morning/thermal_left/1630115968971763866.png,cfc3421db2201c60509dc4dcccca2d362eec02b483c332f328914e2186279a7a,4927f164a724d90a089cc5449384c1677f64461db55b65dc3ebabe6b89a1c8f0
30bcc72530dca238c3d487893866f093b1b989dd15a0ac5cda1a036c6e2cb2e8,sthereo_day_night_vis_vis,images/sthereo_07_valley_morning/visible_left/1630115669004668286.png,images/sthereo_09_valley_evening/visible_left/1630073680058457130.png,844df486fedabce7c3645655c1ae1f35a7a182c0182b534c0f0835cad394ba72,2e68a53903bb2f9109ab55c9c80d614da6914dfce7c0f19d5f180af95215a454
3128a58453abf71a12f41158f2e6af80e21ac76cc87086c0ffde6353f7630338,sthereo_day_night_thermal_thermal,images/sthereo_07_valley_morning/thermal_left/1630115722976539458.png,images/sthereo_09_valley_evening/thermal_left/1630073882690979444.png,3add5963a1810d69e6f46b57f1e7a24a6ec31f7da6434f6799baa781b55e0657,30d2985c84422dd1d2283b37919e1a7238c53582537ae79260f62dbf5edac556
320f2e44f187e9f14d87013ec06af54dfb84c572fd22f8f2ac85effa261e8cdb,sthereo_day_night_thermal_thermal,images/sthereo_07_valley_morning/thermal_left/1630115843076547565.png,images/sthereo_09_valley_evening/thermal_left/1630073820291054699.png,ba6871a542ccb5be2a8254840c0e3e0c088d98de4cab3e0e2c741c123052488a,db446eef99ffc2533738a0807b698853c14182c695234494c8bb85f9078684a0
333a4b2ddaf556d4e4d7c7e4b7f3026e465b8346b4560c39939df0fe26287a2d,sthereo_day_night_thermal_thermal,images/sthereo_07_valley_morning/thermal_left/1630115650976517200.png,images/sthereo_09_valley_evening/thermal_left/1630073665391050818.png,3b20b965aeb381ef6ea724bf0debe0a8b299a09d40e86b4ecb0897cd24f8f457,e66adc6391f3224d4dc0e5c7c3ba0bec6c1a315ea9b5a6c17d0c845865ecb5a0
33870f48b909d913e5855a470fad74644b21ccfce713f52e5bb9fdefe4bd3677,sthereo_day_night_vis_vis,images/sthereo_07_valley_morning/visible_left/1630115720988118249.png,images/sthereo_09_valley_evening/visible_left/1630073881594483972.png,f7f1eb5946a0a295b5cd8857c05b108f0c28ca7b7d446e79fdb3879cb642bafc,ff6952eff1fd2658c0925306b67af9d0e9a90fad4905bdc6828f6a02c8d746e1
33afab55a616d13abf3c082f0688ba7d1a7b86de770fa8fb29e3b1617082c3ea,sthereo_day_vis_thermal,images/sthereo_07_valley_morning/visible_left/1630115819057636895.png,images/sthereo_07_valley_morning/thermal_left/1630115821076548342.png,4048b861c222b369427b004f1a3cefb91b9b8c8fe27abb8fbd32f4e81be2c6f2,0b19ed9ddf6c3b6c4b32585b61cb9dd59f72a326ba8f355a874d316e5d2cc4ab
369f8b299fb93cf78561a71da7d1b297f2e0f81c074ea5b603727e89ce491907,sthereo_day_vis_thermal,images/sthereo_07_valley_morning/visible_left/1630115768975647953.png,images/sthereo_07_valley_morning/thermal_left/1630115770977023325.png,2ca1558728b35d167f891775c004471ac52e432ac331e0f05e68144bf8ca03d6,195ca8e26898744d80ae224c6aa1be635fa50774c4e7c672b5abdb5fcfd010ae
3819e581be4839762a0b33d9820330f387d3f172129b3d8b03cb3f2ceab2b56a,sthereo_day_night_vis_vis,images/sthereo_07_valley_morning/visible_left/1630115857044992513.png,images/sthereo_09_valley_evening/visible_left/1630073664264047608.png,6909110afbb3cfdabdea8429e47bb9eab3247815e24fdd6c03626a523080a1f7,5eb767bc898ac2b408a134b4c162879d7dcad4ea82744ed41e4777f201bec7f0
38223934112f6929c476098b6e546dfc745ff06cdf24d6e127ea42ae40789457,sthereo_day_night_vis_vis,images/sthereo_07_valley_morning/visible_left/1630115933021073546.png,images/sthereo_09_valley_evening/visible_left/1630073721145653054.png,d070bfe1e8c3c545ef440eaacca4b224354503000314e5eb486b02e1c9dca23b,52d194c8ab552f8c455f55c556bde4aab9432ac9d5c4fbc451b370a3e48503cf
38552ea0b815cb27d30e5d93f02a701811cc6d1462aa296c41f6b38163b51a40,sthereo_day_night_thermal_thermal,images/sthereo_07_valley_morning/thermal_left/1630115682976549904.png,images/sthereo_09_valley_evening/thermal_left/1630073690891029318.png,2d3c37a6f8083db4ddc41573cc53bb0a97ab06a2acfd511b0b73e709490ce5c1,a0582203b62aa38f120577ebd76cd1cfc197ab8420b1f00760912fbe9f2114de
39f5f7b8f87fd3a3af4952d4353682504163e55837941d4195f2ba609d2f6747,sthereo_day_night_vis_vis,images/sthereo_07_valley_morning/visible_left/1630115987007073978.png,images/sthereo_09_valley_evening/visible_left/1630073935677047183.png,358713b0cef4790a3511d03a748c83948a36a1092ade285fedd08f10615e497f,b58d40342a905822a9467b83c8d50092901f35b5271e2a5ed08722bf12f3f7b6
3a4eeca53f1670c8a03dad17ee73f9fbec4a6d3ce822713c8a86761e17c0c02e,sthereo_day_vis_thermal,images/sthereo_07_valley_morning/visible_left/1630115993004902830.png,images/sthereo_07_valley_morning/thermal_left/1630115994971784497.png,2813411bb2c1e427c81b5f1452f814a8f9a086d7226fdc0b4a4b9de7d4880321,e36a70596c307463e74864b2b43fa8076742c881b49a4101da8e566319fe1818
3c0609048fdd8d65390724d7f5c659f54f9bc94d1595281810fc756d95f60475,sthereo_day_night_thermal_thermal,images/sthereo_07_valley_morning/thermal_left/1630115678976537237.png,images/sthereo_09_valley_evening/thermal_left/1630073687991026512.png,9780f0d0a3690a07b5228ff7c99a9026b6f2c33759046ff9df2841fd06e4ba83,1f549992f107e649cfc6b0282a87c4115f3f1f7e7fd277babd7e8c20a4e78682
3c98f7cdca3f4f6caf65855fd064b0888b2708012a837158694897eb5df2ebe8,sthereo_day_vis_thermal,images/sthereo_07_valley_morning/visible_left/1630115623021272126.png,images/sthereo_07_valley_morning/thermal_left/1630115624976538339.png,659e2a8d3a84e3e44bc0606a7b55baca6209f392afca00bfad64d493c3bc6ba3,38a66411042294776eca8c3296088c9d64bf1013b7fdf6c0d4b8621f38747c9f
3d8972072202b1d6f2a9cea6ab2e6f40aaf07fb736072e35a8a2526b8f40a17a,sthereo_day_vis_thermal,images/sthereo_07_valley_morning/visible_left/1630115887036573643.png,images/sthereo_07_valley_morning/thermal_left/1630115889071758132.png,81d96229a941cb7ac99b5a24b56f8c1d0a2771a1005c3ea7bdd861a7ea663238,496956214461a7cb1cf29654fe362754b26284493691d17ef7b1664882dea6b7
3d9f9db3f4cbd466e85608c112e3812565931dd6a96412043a634bd14c274095,sthereo_day_night_vis_vis,images/sthereo_07_valley_morning/visible_left/1630115760977944344.png,images/sthereo_09_valley_evening/visible_left/1630073915983359344.png,7f30702801303d601933be3ca2ba7d43fe865e52a40e5cd452aa2dfc6a9498d8,b842fd6f3af1e0d337bf0e8626e9d07022e5b59da056a5891cfec5e454d4e7eb
3ee3cd1d9189ebba1936c6007db2bc3c40732f75c21513723d1d3bc7eba38269,sthereo_day_night_vis_vis,images/sthereo_07_valley_morning/visible_left/1630115897032245388.png,images/sthereo_09_valley_evening/visible_left/1630073695654035064.png,b005a3a344782c624d0bf281884b2ea48a05f33c22e8e8dce475526b8bb19c68,623d5d4938fb9d178d9389194038f3df67209fe963f36d90bc75b1d29572e49c
3fd7c7320ea62e4701d802e5f409beba3351d747a07611e0ce8c6286c379f676,sthereo_day_night_vis_vis,images/sthereo_07_valley_morning/visible_left/1630116012996566231.png,images/sthereo_09_valley_evening/visible_left/1630073960968531318.png,c934991186b02459a8464c6b92fa695a475d9d9b6bd4180200df2e50f71106f6,db0c03280bcf8b0ff067b76ff4c4bf57d3faae37120ddf7d39216d4088bf080d
40463bcd48c52997a501861bc4bd0a2271292b542f478ed4720a5fe45424e11c,sthereo_day_night_thermal_thermal,images/sthereo_07_valley_morning/thermal_left/1630115889071758132.png,images/sthereo_09_valley_evening/thermal_left/1630073855891031017.png,496956214461a7cb1cf29654fe362754b26284493691d17ef7b1664882dea6b7,a3be274742844462273259281e0e2bcc0e087411bd000463862cfa8d5f668ada
4156ee641a784be876f08ed8cb2661d16e7c29592710adb3f3e416b51b051fea,sthereo_day_vis_thermal,images/sthereo_07_valley_morning/visible_left/1630115643014267581.png,images/sthereo_07_valley_morning/thermal_left/1630115644976540348.png,406f4d1d3be118e61bb78c5dc6c5ccfa570e26ee466dcdb8da0ceed396249eb7,2eaaa239fbd15aacf2ec977bb44f4f5d8b6a726dd16a01c0c8a6d9ce90ea6774
418171c9109b3e4fa01a60fa0a7ead5af0f8a67a8f9191c24afacb8a111e3a13,sthereo_day_night_vis_vis,images/sthereo_07_valley_morning/visible_left/1630115663006601599.png,images/sthereo_09_valley_evening/visible_left/1630073675660290285.png,f6785cdd111aaafbc984867ee5a8a00719e8b755b560b232b87a845d2e40a4b3,8bb42c683360ce4e51b3fcc2361ea97410fffd6a0217926fe150c7e44d68f4d2
418932162a53193894a642bd6e67556e87c43cf6d8bdf0caa8594b59f0ee7d57,sthereo_day_night_vis_vis,images/sthereo_07_valley_morning/visible_left/1630115631017583119.png,images/sthereo_09_valley_evening/visible_left/1630073645969785185.png,19f3d8989505676a02df28414c509c485f36036277770865e29c0d0a36737839,76519166fca0e0ac499cbeec161f26cb446811d98a14d136ac48399bbcb07c43
41f9c64d1594c71b2ee2cee0195f2890bb133e4051d646b6c9d6d651c4555a8e,sthereo_day_night_vis_vis,images/sthereo_07_valley_morning/visible_left/1630116022995199983.png,images/sthereo_09_valley_evening/visible_left/1630073969266036131.png,ca4d5534bed41836a0ea51bb634aaec0fc0abc39a3c8e9290dd8de792ba84d2a,48aab117b40a9683d8356a5d4570806e36674a8cd8fb2453e582f50ca979b715
4205a00b8c5d2b2e0311ff78aa04e606fc40b8f39c4abaca0164ec0911f3a170,sthereo_day_night_thermal_thermal,images/sthereo_07_valley_morning/thermal_left/1630115658976541777.png,images/sthereo_09_valley_evening/thermal_left/1630073839091028938.png,14382b537ce220270496d69277b7bdd261f5def1b1839b12f526bf9b2efc1ae2,cce0db29d51b2e5cc04af4defea6a960a70c6783339b9290de91148e61e53e3c
4314e9b328c34d3afa64e013a4ab3b6a147c0b2136be5a6fe2c87c140b5cffac,sthereo_day_night_thermal_thermal,images/sthereo_07_valley_morning/thermal_left/1630115797076541376.png,images/sthereo_09_valley_evening/thermal_left/1630073784291027148.png,859a06230118d28ecea0859ba94e90dcdba1082f68a16d0d7bbd560a0b754156,f530980516e1e35672699a0e37560760457b766f63aaedbcf74dc570d9d82606
44d56f91674ff1b8b92d612f7eb4b4cb008aff8eff8392259e6c6b981fa2f4c8,sthereo_day_night_vis_vis,images/sthereo_07_valley_morning/visible_left/1630115863044228259.png,images/sthereo_09_valley_evening/visible_left/1630073668662782654.png,6d4edab3159cf3b281e6ccdd8cac12e3a87b4faad8fabe89fa592ff253d6b040,3daa9c17cca798f3fb1f5ce17365df8ac85e0f4e90a3389187c5630a48ec9758
455a44956e70d89d45f7e98a2b43d5fc1dacbf4b2149fa17d3d92acb03b56715,sthereo_day_night_thermal_thermal,images/sthereo_07_valley_morning/thermal_left/1630116002971760412.png,images/sthereo_09_valley_evening/thermal_left/1630073951071426056.png,75652eaac7997cfc1fee5283de27ed34b2602211d415e042e77ca2eb8ae94846,849d193280ca76e45d67234776c92f8d458535662b17316d26a558e0bf176703
467af5b91785ec069bb677e395dbab05f26b43d66abe4f4268ac702f4553d6e1,sthereo_day_vis_thermal,images/sthereo_07_valley_morning/visible_left/1630115963013069334.png,images/sthereo_07_valley_morning/thermal_left/1630115964971762145.png,5949d539ae299d79e69b6869a3c31304327ae0209d1de98e0942246164b7c621,5702088cf263c3a87a262a268bc82c92f7a3655754f90655c6eb65f9433fb5d5
46fdbfb1af9974b6ad4e35e218a3ac7b7011df5135e7085b73ee858e00d3838d,sthereo_day_vis_thermal,images/sthereo_07_valley_morning/visible_left/1630115977009804048.png,images/sthereo_07_valley_morning/thermal_left/1630115978971760304.png,5f8a6aa946434df0f0ca1cb67f5512e443973ee840c8b0d27f415a26fa467680,47c5661dd2284e6eaa3619eac2f01a60712cc478ba4cca7272aea909626df194
474c09efded190790c19948769449745e84a43775bcda8a16310f9c486a6bff0,sthereo_day_vis_thermal,images/sthereo_07_valley_morning/visible_left/1630115758977684360.png,images/sthereo_07_valley_morning/thermal_left/1630115760976538449.png,8e5f048844d4a0f84dfe0122ddf84fd71f0404938ebb6f147a796476acea6ef9,4b8a89af0489d16847a65f9a34fe3ff15319b68461d8fcf172efe180129c7c8d
49ee6bb05fe69b43827242c13657714dc72c9717a1de1d7db4f8243d94608ec2,sthereo_day_night_vis_vis,images/sthereo_07_valley_morning/visible_left/1630115957013941511.png,images/sthereo_09_valley_evening/visible_left/1630073744138293352.png,c4ff02cff8524b758dbb853302c7e7a8f22b966e95a95dec1cb548daefebd753,c4958d77141c39352c63f100748f3cbce1c217abfd82917bca0f3c56416c9ed2
4a0dca40d39838ffdc8426d58dbe57a0c7986f64d9cf701607f8bbb512bb81c0,sthereo_day_vis_thermal,images/sthereo_07_valley_morning/visible_left/1630115633016657382.png,images/sthereo_07_valley_morning/thermal_left/1630115634976539584.png,69400a7456b8507d780e31bb09951abcb2748653614d733f22269c9d043b4c29,4a5940110f5e56d5fbd10ab594e5e409cab1540a4e8b8001f4cd55ac18f23450
4b07709dc821ec9053ebfcb972028a5d0792ad5773d5a4049a7417471d6c6658,sthereo_day_vis_thermal,images/sthereo_07_valley_morning/visible_left/1630116016996498608.png,images/sthereo_07_valley_morning/thermal_left/1630116018971797701.png,992e3d2edf0a6d95e4bdc0dfd4f40e9d426cd611b6d51dc7cf75597c9e5d80e9,bb5eb624db089b2f867a281b7a04379e0349c3ed0293544bb051d9ec76ccbe4c
4b93131762c2c6bff2e22487a6e09e08181b5d375041dbeae30e06c53fe7c7da,sthereo_day_night_thermal_thermal,images/sthereo_07_valley_morning/thermal_left/1630115958971758260.png,images/sthereo_09_valley_evening/thermal_left/1630073745491027760.png,8797f981c9acb37512bc73c95de4c871947779e542250a4157b0a9382e272014,60d2cfc65178229102784075958fba486a856d11171f0c3943ae418b489acef7
4c437b724028bfbeaf5d05d8c44df8560b6c59b3d6e6095e18f5ab169d6fb4ea,sthereo_day_night_vis_vis,images/sthereo_07_valley_morning/visible_left/1630116016996498608.png,images/sthereo_09_valley_evening/visible_left/1630073964267405379.png,992e3d2edf0a6d95e4bdc0dfd4f40e9d426cd611b6d51dc7cf75597c9e5d80e9,eb9cbe352cf6ec17ee7bb671900f89362b1ec26c5450d35e8e0db3e2a33e376f
4d55fe91759517f97c3bfbf0a6673430fabcee8e2f30854deefa8ecad100d1d0,sthereo_day_night_vis_vis,images/sthereo_07_valley_morning/visible_left/1630115959014330348.png,images/sthereo_09_valley_evening/visible_left/1630073745537940250.png,74eee92661d3e881aecc4cca5031f2e18062d1c3fe6bb112eee0c496e46f16ab,ae696b4ffca91e870e785928a236a4c3da7f012a50fa4cd9ccc76be395d659e6
4da33b7c5286cb7e7e334e48f0b4b3362b9f151ca9dd3d3e545cb5b1bff18a7c,sthereo_day_night_vis_vis,images/sthereo_07_valley_morning/visible_left/1630115813060245725.png,images/sthereo_09_valley_evening/visible_left/1630073798220855769.png,45d27e2c5b89600dba69a25691cc260c2fd1845befb4d7f1e5866a1ba6458e8a,b2e7091aa4d62f7f65c7f5de050f44f9e49db1567dd1a14760b164129121c5dd
4f5df3db20c683ea6a72be0e55655c588f982740b9ec1f2b6658c3d81434a9c3,sthereo_day_vis_thermal,images/sthereo_07_valley_morning/visible_left/1630115877038969957.png,images/sthereo_07_valley_morning/thermal_left/1630115879071779055.png,cbc8a25f36cd8049c9dd713c2ae09d5fcc62f0ecd3e9356d8e290c86c8b88d0a,67279f4c0edb0e0ba1a9b5636680442a32cb7b83d9d7a458d927a477b3d17e2b
4fad0b34c20cd33ac0918fbb0a660dda9286fb687939de3219f57c9aa3efc5a7,sthereo_day_vis_thermal,images/sthereo_07_valley_morning/visible_left/1630115797065533137.png,images/sthereo_07_valley_morning/thermal_left/1630115799076540084.png,6324a078df6c9c0bd6cab81afeec2ee97380b8d5a2b3569590ed1aa7508abf8c,f48db70947c9518af69e64912cf44c9af9e1c2aac5dbf23f18f119174fd6d20f
5016f68372cfce154fcd6370fd678d312ffee5a00108154c7d16a449803ad743,sthereo_day_vis_thermal,images/sthereo_07_valley_morning/visible_left/1630115829055187468.png,images/sthereo_07_valley_morning/thermal_left/1630115831076545945.png,2cdf025e2e46499929109f70b801b8f001b83c3c6e2e3628d41291d0e19a298b,6cfc32417cf40ca8e48c641b24bfa5df0120ccb43fc4d74ec457856446ae6434
5152ef706da8a054c451705458a527bdad2be405294bd5c54371aa1e508451aa,sthereo_day_night_thermal_thermal,images/sthereo_07_valley_morning/thermal_left/1630115899071760679.png,images/sthereo_09_valley_evening/thermal_left/1630073697191033733.png,ec13e07a665f0c343b83c3cada93f90e9b18deb231adc7620b422b7c1f90cbef,f609970b5b0fde0860530c372bdf4c91d7d145eaeb41b2a7fe25577359bc93a1
52fe93d317f78f2ea2999dc1332573348904a25b3168ed3d0d03e20f024063ea,sthereo_day_night_vis_vis,images/sthereo_07_valley_morning/visible_left/1630115953015923914.png,images/sthereo_09_valley_evening/visible_left/1630073740541254409.png,a8a053e2f05a98bf748485a35ced783a8ec6d566ec67cc61957c8f4ba865b217,3960b407ac3ab038245acd9f1d858ab19d5bf1cb0aed51c5fdb297218c46368d
53939f26c2d80e5a95ee30325d804db5905093f41ed6297612cd1978ed7cee6e,sthereo_day_night_vis_vis,images/sthereo_07_valley_morning/visible_left/1630115722987268314.png,images/sthereo_09_valley_evening/visible_left/1630073882693785494.png,8a3ac1b82d51a16baeb506586b2517a936a5998b524b5e3188ec4c2004516f22,4a9bb6553e787f6bbeb7306fdb243bddb089e4a84ce3d67fa1d759e582d43eba
54a5470813bd7e757abbac765090e47b16a637908d2f3533e90491b079fe7afa,sthereo_day_vis_thermal,images/sthereo_07_valley_morning/visible_left/1630115953015923914.png,images/sthereo_07_valley_morning/thermal_left/1630115954971759561.png,a8a053e2f05a98bf748485a35ced783a8ec6d566ec67cc61957c8f4ba865b217,3bc935782bdcabca56cfd125ac48556112eea37b388257f05adf424e54a3ac10
54a7431a9a40add4914b30de1399573b1bf04fbe5dc217a9c5402308c1d1061f,sthereo_day_vis_thermal,images/sthereo_07_valley_morning/visible_left/1630115879038082359.png,images/sthereo_07_valley_morning/thermal_left/1630115881071760335.png,b315b2cec91dffceefdc5735e3a490e3622bc94d65322c980f13976cf25fb3ec,cbfde4d36a0a4db9c01381395b30c64e9cbd5795097dc98bea476e64f717cd12
55613f0d6fc78a642a69a16b7bcc5d18b14e0db66d33ed03e007ae5d77318dc3,sthereo_day_vis_thermal,images/sthereo_07_valley_morning/visible_left/1630115813060245725.png,images/sthereo_07_valley_morning/thermal_left/1630115815076547537.png,45d27e2c5b89600dba69a25691cc260c2fd1845befb4d7f1e5866a1ba6458e8a,7e5bf9b3b246025dcbfc3a8e31d8cb7c3949ed9e74e288bc7a7f897adc9f0467
559a740055261e3deeeae8f32a9b8168190e9e9a47263a363cae864624053c04,sthereo_day_night_vis_vis,images/sthereo_07_valley_morning/visible_left/1630115643014267581.png,images/sthereo_09_valley_evening/visible_left/1630073825112347221.png,406f4d1d3be118e61bb78c5dc6c5ccfa570e26ee466dcdb8da0ceed396249eb7,dbc42c938f0962b567833e7439128185eea1c2a4aa4982d4125261f81bd02db4
55aadd4993aed91d6bf6fa44909057fabb15eb1938403c87ccd89a946d941933,sthereo_day_night_thermal_thermal,images/sthereo_07_valley_morning/thermal_left/1630115668976537872.png,images/sthereo_09_valley_evening/thermal_left/1630073680091054973.png,81620d4d90bb364e18bc8208b35558c79b247c18d2d36ce8bc60b673229f7b17,0ff44c6db38d2d88dc71afb06039698abbf07fb9b3f8488a7533c6dc8ce13a06
55ba047f1375b994b36b528de29c26be9c50ad4ad59d981d3ad103a101b2805f,sthereo_day_vis_thermal,images/sthereo_07_valley_morning/visible_left/1630115799064195004.png,images/sthereo_07_valley_morning/thermal_left/1630115801076540590.png,aa6fe9aea0aa67f5e7b562911a0027840530d29a3609fc66010645131439817a,d4ec9dbf651e726aac4b7d4f85f28b36e87769b4fea07ed2c203757f6aee0756
55f298c4516a19d6db055da24336f5d6f02d3859cd84be5ca0310df18515c367,sthereo_day_vis_thermal,images/sthereo_07_valley_morning/visible_left/1630115893033333751.png,images/sthereo_07_valley_morning/thermal_left/1630115895071760326.png,b959f47fae71c0e9b1b95ebd677c863c14f81358046e6e9e3d004844492faf70,0c85f55e1d4bc0d9128493f89bf84e5f64ecdc21f5e340a6935e5d53c089389d
57cc933ad3a183e3eb1a7303733b01558f37ae952b512c175fe53c44f125030e,sthereo_day_vis_thermal,images/sthereo_07_valley_morning/visible_left/1630115933021073546.png,images/sthereo_07_valley_morning/thermal_left/1630115934971762605.png,d070bfe1e8c3c545ef440eaacca4b224354503000314e5eb486b02e1c9dca23b,32ca2eda89379d0a4ddbd90bea16f142d9f7749bcb6d657ac5f1e6e75e03c741
5a03bf2389ac0a187f77372335bd1ad6dc0a65f615d5eae62d6111a11f47e4a7,sthereo_day_night_thermal_thermal,images/sthereo_07_valley_morning/thermal_left/1630115831076545945.png,images/sthereo_09_valley_evening/thermal_left/1630073642219168096.png,6cfc32417cf40ca8e48c641b24bfa5df0120ccb43fc4d74ec457856446ae6434,9385449254ad807f5e4cb847567ae9e9c99ac4149e7b78e587d322e3a6c3f78f
5af3bc893a9378d19558e4e1986da6cf4e56dacf9b5117e71cadaa3909c0c044,sthereo_day_night_vis_vis,images/sthereo_07_valley_morning/visible_left/1630115740982450421.png,images/sthereo_09_valley_evening/visible_left/1630073895189995288.png,62afa0327c06129d97d771fe2bbca182528f0fb5704b04a1418e99f2f3b355dc,faf41a26efcdccbb5060d985adf38954e6e0d115d7c0ccb936fca59019496832
5b32ae9eecc39be27e36cf9d47113e9aa3c741959b034e8ab121c1090aceb573,sthereo_day_night_vis_vis,images/sthereo_07_valley_morning/visible_left/1630115627019627387.png,images/sthereo_09_valley_evening/visible_left/1630073640871419588.png,4863596fac4bb6f231cd83f5bb2b324f5f0db94d8d2aa2e9abdd6c84f1e866f4,f36e0e2fbd0e94af231b80ccf8f7d1fd522e181f53710cbaa41bd586f547ab47
5c8830935978a7571b3d1818ca4f2fedb8895b05815ae1efb071e5099fbe83a6,sthereo_day_vis_thermal,images/sthereo_07_valley_morning/visible_left/1630115770975463763.png,images/sthereo_07_valley_morning/thermal_left/1630115772976539643.png,023f38495474fa120e32e80a984c1cbb84cccc5facd2ad44b3c5caf5b432731f,1368182985f0732008e18b72b7b577545b41a46a394fceefba50cb62ce8b465d
5c9d1a40f07cb38e4b9accf273e238d1f4a3815aaa055d5e2bc370b7904502a6,sthereo_day_night_vis_vis,images/sthereo_07_valley_morning/visible_left/1630115688997992997.png,images/sthereo_09_valley_evening/visible_left/1630073694953793797.png,7acfa1125d992732e0040d7715db0db4f6bc476fb3699e9bbe45d3a2dc10adba,30b1f5fa7fff41ef71af43e4c56e3f4b4b04337a244a2e316f8c22877787b8cb
5cab50beed1c426c8f9f5f5e655c21b936a5ebff4803e716a6f0f23cbdd343c6,sthereo_day_night_vis_vis,images/sthereo_07_valley_morning/visible_left/1630115659008857663.png,images/sthereo_09_valley_evening/visible_left/1630073839107634846.png,6d0343dad5150f1c256973df6aef8e95bc3723883ee118159a3fb48e6225e444,1b9dae0cba9d3ad4286b7cccb4b846683d87087bfcaa94c379a93480a37d25fa
5d3cdfd243e0c34e03494b0302b6c20d45ba3260488e62bd90d2a9dcc2ba8129,sthereo_day_vis_thermal,images/sthereo_07_valley_morning/visible_left/1630115627019627387.png,images/sthereo_07_valley_morning/thermal_left/1630115628976538834.png,4863596fac4bb6f231cd83f5bb2b324f5f0db94d8d2aa2e9abdd6c84f1e866f4,81958a19018c8a70b3fdf0f658beecfcd66745a9f648517acf09beb1fd34f0e4
5d646cd8e10e9e50a18afe5a87f34ee716288021b6d3495c0aa6b4df2478f1ea,sthereo_day_vis_thermal,images/sthereo_07_valley_morning/visible_left/1630115921024658826.png,images/sthereo_07_valley_morning/thermal_left/1630115923071738527.png,06bdf1a8bf4e10aa1bcc01fab9d27444719d285d3f3531505965400105029667,3959ad7600eeaad5a3fbd3ea56d65722570e7fd0e37360510ff9bb532f1307b6
609481855cb7f45ab2b4215ce63b87176be2a42d0ca3550daa682fc83ecde03b,sthereo_day_night_thermal_thermal,images/sthereo_07_valley_morning/thermal_left/1630115688976539287.png,images/sthereo_09_valley_evening/thermal_left/1630073694991035618.png,2ffb5ba4d8f3089f08b270fedef299a24489939e375eaf0078f120389dd0d263,dcf19b994de328e5e697f901b311fc49993505f64908bb8e023d1f90da61cc34
6212b3a9da6d8f4fe5de1332bd96bc00a7314a7359db1e00e54578b0aedcb06b,sthereo_day_vis_thermal,images/sthereo_07_valley_morning/visible_left/1630115863044228259.png,images/sthereo_07_valley_morning/thermal_left/1630115865071740430.png,6d4edab3159cf3b281e6ccdd8cac12e3a87b4faad8fabe89fa592ff253d6b040,1e22bb3dd28c9c9fa022abb7db2175a9e9d9606298f41d0041c703573c984b1b
62c29c973ebb5de0999d8179ad41f8a4a59a79cb574955c8afab47b0f7bd739c,sthereo_day_vis_thermal,images/sthereo_07_valley_morning/visible_left/1630115653010188284.png,images/sthereo_07_valley_morning/thermal_left/1630115654976542379.png,8ba43d83ee136583ffd8cf4bfda9d36679b46e0f6adf342b1c412f4fc15ea0c5,21d935687fb98f26d8eff076251f695017f587e98439db21ccc86f2462da02ba
639af6be8f607f76930d9663885217299d035018e959af9f80bf7a2e1ea7927b,sthereo_day_night_thermal_thermal,images/sthereo_07_valley_morning/thermal_left/1630115863071724608.png,images/sthereo_09_valley_evening/thermal_left/1630073668691024940.png,9c18eebb914c010f6ea90a5aa613d76fadcef9a87b5e0462313bb329ecefe1da,62d8ec2abcab9f1ac57ad8512b00a730f9e44e74c1f2e65b613f349e2d71fbfe
6442643652adc7bdd0aed8a8e756ba955963124f01aa09803690667bca41f8ec,sthereo_day_night_vis_vis,images/sthereo_07_valley_morning/visible_left/1630115789069751853.png,images/sthereo_09_valley_evening/visible_left/1630073944174361327.png,fd441c705e15a5301b44f187e487cc733fde1b4e2a357661c556169a1d8ea85b,0ebabfd68dee938d84c31a665a113b7c31a56c3463342c16154a2d126570174a
644630f79ac31831afe94f1cc0de7316cb71f0fed5cedf8cac3ff984015dba7b,sthereo_day_night_vis_vis,images/sthereo_07_valley_morning/visible_left/1630115823057304864.png,images/sthereo_09_valley_evening/visible_left/1630073806919038291.png,41a3332ddc8a4fde09f27f4c744a19efef9c3be990fe495bf37fb2cbaab3145c,e5de23bb5b7cd01963cff935c1da32c3a1dfed04cd81c8ffaf53c86dedd956c2
6505bb2257c9b279f500c9022f8623cb4d032fbc109c4d875960b7468d4f5c7a,sthereo_day_night_vis_vis,images/sthereo_07_valley_morning/visible_left/1630115923024006520.png,images/sthereo_09_valley_evening/visible_left/1630073712951803874.png,ab3bb791f8bf92f31ddeeb9d08e48fa65fb48977ab7e70fe895d11de5347adea,ccb315ef930801ff9d0f383bfccc9fb3de6088bcd99dc7e08d49e28f22c54e95
6563da21a42df66a030d2e5b05b8ac9420fb4b0e873af35a52ba12f13f6870f5,sthereo_day_night_thermal_thermal,images/sthereo_07_valley_morning/thermal_left/1630115626976540471.png,images/sthereo_09_valley_evening/thermal_left/1630073640919201520.png,d89ee4e08da91e381bdff02ba79504cd274bbe562a269c493b16626a70bb850f,45de2559c5faea32480e6093970e334cd1d6111be38538034b251bd6194e5861
656a8c3132683164c61e260dd5266a7d4aa42b506c62c1986c75312a20427924,sthereo_day_vis_thermal,images/sthereo_07_valley_morning/visible_left/1630116028990992646.png,images/sthereo_07_valley_morning/thermal_left/1630116030971758913.png,fc04c258ba8c4b8029fb6038e9636eb08af71635fbf90ffbc31442b3d2596f1c,df68480e9160f872e633ae5321022e66b98d7ed77c2330a94fb1aa05136a3397
674e3acf4942a09b02c7e1aa99e282a2d2cd4c067282fb59c6c6879284e730cd,sthereo_day_night_vis_vis,images/sthereo_07_valley_morning/visible_left/1630115943018965645.png,images/sthereo_09_valley_evening/visible_left/1630073892490613045.png,a89c571d57a6fdb40114f55ae0232dd065a6af3ab85fba03e40331ecc056b429,d8bfbee53ac5b94ecd25155546845be2a15c92e211134e156887d009cc3ff2bb
678d7d21ef3b57c3bb16cde0b13f54e045adcf735f65b6b6e354d14fe517f09e,sthereo_day_night_thermal_thermal,images/sthereo_07_valley_morning/thermal_left/1630115877071761219.png,images/sthereo_09_valley_evening/thermal_left/1630073679491026426.png,8bfe3d5a2d774f7daeb43f09d33460d0d62c4527f9074b0237a26356d6edb4a3,88a6b3d61b7715e24157f73f15a26700489447225cc05e67f0474db12e17feb9
6792237eaa4a7441d622e5dfcd40a2730e28c717fc5fc95a9cf32378b9e299ee,sthereo_day_vis_thermal,images/sthereo_07_valley_morning/visible_left/1630115817058720547.png,images/sthereo_07_valley_morning/thermal_left/1630115819076547004.png,95124c9f4f5773ed92ad193e3a21dabd4b8f858b1e02ea47b1f93d44217ddde5,5f6ef027c6b688bbbb6cda90faa6de898e0b46010057921017b3e682104444b2
68319f69efa9889afaef140da658ac2e20f807993bbda9400928bedc20d940af,sthereo_day_night_thermal_thermal,images/sthereo_07_valley_morning/thermal_left/1630115789076558384.png,images/sthereo_09_valley_evening/thermal_left/1630073944171423472.png,eb96a6c5e2e555436b9c1daa56e77880379a96f2ccc16ac9f6e7082432efc827,fd78273fa7da99d5d5c6dfbfbea9e87cb2f5b0c81f912a00e242b66c8c610be4
69dfe9c2b9845332233521f89cc4995c8bd2b6532dec6aed2c1a7f2f5920c9b7,sthereo_day_night_vis_vis,images/sthereo_07_valley_morning/visible_left/1630115667006002711.png,images/sthereo_09_valley_evening/visible_left/1630073678658955455.png,2f9fc0b7f6d65bd31a4c602b38ec4a45144dc3ec9dc0006cc848b37d5ba81e26,31c0bdafb60001e7b02d8a2a8d541e602a9e6dff3be04b1cb84adbb557c5ca42
6c2978fb2782479ff1ec594406c9aa3bbfcc73a6e00c1cf41c0dba310108cdee,sthereo_day_night_vis_vis,images/sthereo_07_valley_morning/visible_left/1630115803062709575.png,images/sthereo_09_valley_evening/visible_left/1630073958469738457.png,51178eec5bbf72162cef21b8c19bd3c375cb165709e19f1cc17e26a562216e0e,ccbf5a39f876106833e9871709d699a350ec342a2c3684f973fc4e7fbd157df8
6c9ca4557f8fdbed256b26dc77f48aecf303dc65e667f86789e2ab89c42d9a99,sthereo_day_vis_thermal,images/sthereo_07_valley_morning/visible_left/1630115987007073978.png,images/sthereo_07_valley_morning/thermal_left/1630115988971712543.png,358713b0cef4790a3511d03a748c83948a36a1092ade285fedd08f10615e497f,1b41a68f7a3bd758108e3c68f7957bff74a13dc6fbdefe7dca3a155906255734
6ccf0b1135e0d95990bc66252cee96e08cc3818cb221191549da27d20256705d,sthereo_day_night_thermal_thermal,images/sthereo_07_valley_morning/thermal_left/1630115859071769970.png,images/sthereo_09_valley_evening/thermal_left/1630073832791033660.png,0c831b88530581f19bdd8ffc0d9bd389aff2cbb41e84fa141389d0fdf38cdd79,70577684c7c56fe5a0dfb5ecc86cee413601d0faecc39bd2a7cb6e380703a11d
6d4bbdb4f655924ad5d6439db3a5d636d27a85f94fc6010cc658e7c038b31d86,sthereo_day_night_vis_vis,images/sthereo_07_valley_morning/visible_left/1630115867043164516.png,images/sthereo_09_valley_evening/visible_left/1630073671561917355.png,c3ab3425186b21810194bde0e6d0199e008ce2ba8c132620ba6321b81067e56e,4c83481de451b7bf91aa98c9421b9ec524ed0c0d429ce62ae01b1388cf94327d
6d6722bdcf1921bd7ff751ad92b18127ded3ad80fee9c417442eb451924407fa,sthereo_day_night_thermal_thermal,images/sthereo_07_valley_morning/thermal_left/1630115652976537521.png,images/sthereo_09_valley_evening/thermal_left/1630073667191026990.png,c306429d421ac4eded12a9ba960af5a57b5225d0f5213213fa44e8be02618011,894b523aa1d6a8f3d1301113fdc00297aee76dfc769c18fb407ffe9c48a600c4
6dd7b864a15006607da53f960c5895eeee9967161c3634cf0043267e3cfb52f5,sthereo_day_night_thermal_thermal,images/sthereo_07_valley_morning/thermal_left/1630115923071738527.png,images/sthereo_09_valley_evening/thermal_left/1630073712991058555.png,3959ad7600eeaad5a3fbd3ea56d65722570e7fd0e37360510ff9bb532f1307b6,33a683e806a36f442a58c1cf49c5d0c2f7ee3ffca5cdcc0a949511ba5fbe86f4
6e1dd40550eac1d57c5d3452cb36c8728251375953a11af5797b662a5cb9af84,sthereo_day_night_vis_vis,images/sthereo_07_valley_morning/visible_left/1630115969011854735.png,images/sthereo_09_valley_evening/visible_left/1630073754135125502.png,9ded860402300a04dd131b9dd5e269605db2bf0f6037ed43c20454faa05db30d,36e5fef957958fba0cbd45aa1ec9ad65f90b6d1adde388d6b87b36a3492d95f1
706bacdf1ffbc7d7b4965149608b340287f6004bb31316e5252203c490f0d071,sthereo_day_night_vis_vis,images/sthereo_07_valley_morning/visible_left/1630115967012051702.png,images/sthereo_09_valley_evening/visible_left/1630073915483620893.png,cfc3421db2201c60509dc4dcccca2d362eec02b483c332f328914e2186279a7a,2b453c067d3d5b57547ae0d9677be0328af0be08e777536b6901980cce157fef
718cee331c2221825b50c3dc24546868cb8b153a0b9673e1a4980080bc656e04,sthereo_day_night_vis_vis,images/sthereo_07_valley_morning/visible_left/1630115673003724171.png,images/sthereo_09_valley_evening/visible_left/1630073683057846768.png,d1c4aedea0aacbc6bedef92b3d52226ad41d027a455599ced93f3acd39216891,6ed9244a2a29140e360da8d321aecff2b06366523335f38aceff9d4b0a92bcf9
7191d51b23ef6adcc308545b3b0b5f42e6570b3436544de2cb4b280aff797b27,sthereo_day_vis_thermal,images/sthereo_07_valley_morning/visible_left/1630115859046490110.png,images/sthereo_07_valley_morning/thermal_left/1630115861071762187.png,b49c8350e76dd2548f621ba3cd12741a1d8aea2d42fd0e0f667000e4bec98947,3eba3cf1e4ecbc44cae040f2084f57625f797c47875b0f0c45f6503d1f7cd58a
736b368677a760d75ea05c02520a59a8361955e969ae85d08890666a880a5245,sthereo_day_night_vis_vis,images/sthereo_07_valley_morning/visible_left/1630116003000049963.png,images/sthereo_09_valley_evening/visible_left/1630073951072436402.png,dd47f8d51bf8be191670874c707fc9105ce59b874afcc727bf5f026d83f14328,18b9a0ec3e6456fcc8caf1f6c0bebcc671f09c21671132c24f1e3f330566a4de
73a0b83185eff803bc2219c0acdc1c75282aad002a8b5c8cdadab07f8e911261,sthereo_day_night_thermal_thermal,images/sthereo_07_valley_morning/thermal_left/1630115883071762813.png,images/sthereo_09_valley_evening/thermal_left/1630073851191027749.png,7f12297fe8e59175b95e7a7ba375d6b7d8b30297255906d9a0fe1ef916201e50,7b92accef2f78ee6068e4af36c5696d6f50b1f9322b932a4d84bc79327b38346
7623c3477a684272e5cb3abc6c2fa5cc210edae87dff8965467cb0d641c8243a,sthereo_day_vis_thermal,images/sthereo_07_valley_morning/visible_left/1630115869042032643.png,images/sthereo_07_valley_morning/thermal_left/1630115871071762837.png,ec93791368295b0b12964185259b5fdc9be9f584e5aa1af6d8a7c32c747dfdeb,15614b6d8c989306459e915dbc4c1874c178adc30545c208b79d0fbe69b07599
7671b9a114b866c105552bb117c888a54efbab71ae4b9ad330c8c8b2c708d42e,sthereo_day_night_vis_vis,images/sthereo_07_valley_morning/visible_left/1630115679001795697.png,images/sthereo_09_valley_evening/visible_left/1630073687956224859.png,65a0ebe24a219440461f85b35aaa62aa1d52589b65ec593f2afe7e387786c57e,13caa128a6dac04b03c8bb38ce5e703ae5fc49e6d8130d5a723f6d3d0a8f43de
77eb80c5c20655f6a65941bb20ecdbf679100ca1cef2a753c9bd54afe477f389,sthereo_day_night_thermal_thermal,images/sthereo_07_valley_morning/thermal_left/1630115853071760843.png,images/sthereo_09_valley_evening/thermal_left/1630073828191009732.png,3164981420fe38a9086bce494e1a01c3d891e4190c21aa9ce8bf7ce68819ca94,29fe7cc23ad12056bbab99efedcd96bc29c36ae4d58d913a4ade99b0e13b4b34
78104984101c9c555bab7a8d90c43d5f91ab30a3f50cbe6c39965c9b44a8a898,sthereo_day_night_thermal_thermal,images/sthereo_07_valley_morning/thermal_left/1630115799076540084.png,images/sthereo_09_valley_evening/thermal_left/1630073786091026224.png,f48db70947c9518af69e64912cf44c9af9e1c2aac5dbf23f18f119174fd6d20f,9e0657512b571a142efa2f3f6bb8202ad7a974de3cbdfbf2096c9f654b9599f5
78467c27e5418c8afb13d21a44074c0b5fde7a4c9905c6178d8021d2caebfafb,sthereo_day_vis_thermal,images/sthereo_07_valley_morning/visible_left/1630115923024006520.png,images/sthereo_07_valley_morning/thermal_left/1630115925071765411.png,ab3bb791f8bf92f31ddeeb9d08e48fa65fb48977ab7e70fe895d11de5347adea,9e54f7f0e7078ca649596f089d74e24f19fd5c2ac5de6209ad73481b658c2a9a
7a1fac8916346a3227487e3d1ffde15e0654d60e8c3d4f67e315d68c9fe7eca9,sthereo_day_vis_thermal,images/sthereo_07_valley_morning/visible_left/1630115889035694450.png,images/sthereo_07_valley_morning/thermal_left/1630115891071760306.png,46c8d809c8d34501c0d050ba2279cc5607e103f058ce65412237eb5ea5ad236b,f0b187311c7026921093bf6da575b6aaa94f59e18aa66b7f29676b6636d72b0c
7a472c17ae90490a706b25d0d4228a377207380c0be2600e9c75ef15283d018b,sthereo_day_vis_thermal,images/sthereo_07_valley_morning/visible_left/1630115651010764020.png,images/sthereo_07_valley_morning/thermal_left/1630115652976537521.png,2a40451c904d13e19bc1a5f461da46e34d945c26a605c0792a11444bec6add1c,c306429d421ac4eded12a9ba960af5a57b5225d0f5213213fa44e8be02618011
7bd6dd8c8758d97dd2488fd2c249ad6d0b6927a5d573eaeb4cf7d6a3eaae5521,sthereo_day_night_vis_vis,images/sthereo_07_valley_morning/visible_left/1630115746982557120.png,images/sthereo_09_valley_evening/visible_left/1630073739239620381.png,839265d8c4d1c7309172472ebc8d092bb39bd228f2ba307d455ac3b1f0b907c5,69525b7ea3bbc692e51be9bf27d72e819ead6f838c2958d44c10bb129f00b249
7c6f236d4d20c8cfb150adf5609b75e2984c1453d08edc8e660e3f84e1e0b198,sthereo_day_night_vis_vis,images/sthereo_07_valley_morning/visible_left/1630115781071592962.png,images/sthereo_09_valley_evening/visible_left/1630073771531285041.png,5a5bf576c98e0d4a5212639672fe97b59d6b15b251be184752dab1e61ae26fc6,e0ebccb36c9766c4090853ac74713c16fda12999af41fc8b504aff1a478ac59a
7cf3492eb7ae3d40b23f1d6f2f5392705bd84e515f920da90708cf7b8d6c6e5c,sthereo_day_night_thermal_thermal,images/sthereo_07_valley_morning/thermal_left/1630115823076545865.png,images/sthereo_09_valley_evening/thermal_left/1630073806891076355.png,af649d1af500130d94cd0dcc17bdd5d0d9c574ac376da174c97e4021238bc885,75b8527c26591caf689992f8271057abe4d93164c5db40c597ee3a73f1983caa
7e8839f06ce442b97184c9323d2e705e819b7621b049de492b231006bdc8f9c3,sthereo_day_night_thermal_thermal,images/sthereo_07_valley_morning/thermal_left/1630115770977023325.png,images/sthereo_09_valley_evening/thermal_left/1630073762391026603.png,195ca8e26898744d80ae224c6aa1be635fa50774c4e7c672b5abdb5fcfd010ae,a831e40a9e8f5a82ea5f626d24fcda89f2f8217a35f9edd633e53d85a60f2cec
7f8a50a2a886626b16d7888533d92df927c160ff801dee105f320820e062176d,sthereo_day_vis_thermal,images/sthereo_07_valley_morning/visible_left/1630115969011854735.png,images/sthereo_07_valley_morning/thermal_left/1630115970971783057.png,9ded860402300a04dd131b9dd5e269605db2bf0f6037ed43c20454faa05db30d,6703ab6a4fbfd8266603af2f875560c3f0caf643cce3f667f69392731d2b2f8a
8015a4fb6ac0f278c42d6e69e2aa2551b229b883b82048480dc059993d96d381,sthereo_day_night_vis_vis,images/sthereo_07_valley_morning/visible_left/1630115989005987902.png,images/sthereo_09_valley_evening/visible_left/1630073937576260639.png,273bf873ae2547ceb135ad6e50853304125509ef8906136f328ff6c268004489,be192468da8f1c7c82c9e90f80b71be60f33d32094de60072041000a25eb1a8d
809b556aa99dc4d8864c92790c9c21453c351b601b8257869dc5774635e1f2fe,sthereo_day_night_vis_vis,images/sthereo_07_valley_morning/visible_left/1630115758977684360.png,images/sthereo_09_valley_evening/visible_left/1630073750836164010.png,8e5f048844d4a0f84dfe0122ddf84fd71f0404938ebb6f147a796476acea6ef9,caa9b07cfd71502ed3d27bae9a4c1df7c94a636663325926aad940c71c7fae7e
80c42cda36bc695adb43b3f65192a9f5d90e1ffdd4b2bf515b4a2e48ea65d6bd,sthereo_day_vis_thermal,images/sthereo_07_valley_morning/visible_left/1630115897032245388.png,images/sthereo_07_valley_morning/thermal_left/1630115899071760679.png,b005a3a344782c624d0bf281884b2ea48a05f33c22e8e8dce475526b8bb19c68,ec13e07a665f0c343b83c3cada93f90e9b18deb231adc7620b422b7c1f90cbef
817c91092c2020564d8cf2c733fb2c413445394d7b7f3f46c55d7dce987ae1f4,sthereo_day_vis_thermal,images/sthereo_07_valley_morning/visible_left/1630115774974713960.png,images/sthereo_07_valley_morning/thermal_left/1630115776976544228.png,51712db0b6adf9944794e444e978759e4f37d0777729e45121442c2bbaa876ca,53ec762e07e2019f7e6e9eabc95c0736c912c6248e5fd434dcb161138b5e410a
81b0d5c1230b9b517011ad6b46947c1325b9e52cc8bb5ec87435ac26a84e76d6,sthereo_day_night_vis_vis,images/sthereo_07_valley_morning/visible_left/1630115843050586784.png,images/sthereo_09_valley_evening/visible_left/1630073820313722901.png,38764f1ca97db2acdfbff5a23775ae835b05a5082988ac850ce24f2355dfe503,38854232f5a5dda667cf24ed23caf8148daed357f922b3056602e10ab0e5d805
8219c7d6c92e492ddeaf7d11af35f2c4aa2fd107a24cc17d498ea7adc8bb38bc,sthereo_day_night_vis_vis,images/sthereo_07_valley_morning/visible_left/1630115899031928845.png,images/sthereo_09_valley_evening/visible_left/1630073697155940275.png,cf85113344f47c82746c0d3296b2277300df0bcd004b2b6378bff5ed3e4bc7a6,e774c3d9f0e259c7d98a6db9ccb57d88e5abdc3a0f59a4765a98012601ba8496
828d628c8b0fa9e3db87209a372e6769f09c19c45b6d09155cfb1f014e75b092,sthereo_day_vis_thermal,images/sthereo_07_valley_morning/visible_left/1630115693000580710.png,images/sthereo_07_valley_morning/thermal_left/1630115694976528002.png,c609537b1cdd130ff0a4679a130ba5cde59e7c62ccf876c135ce4256d4eccc82,9e453ac99e46f0ee9d2bd07d79c37196153d9fc3a67a9d21ee3af14e9689c41c
85120c2081fe8f915cda34c3c8cd07668b788165f63f5ddc66f405e87fb4c15f,sthereo_day_vis_thermal,images/sthereo_07_valley_morning/visible_left/1630115935019858348.png,images/sthereo_07_valley_morning/thermal_left/1630115936971763645.png,104b19f57b38012263f4886c7c6ce526f779310c51347876697cd4716f5ffd19,d8ac161cf0c4f2ecf44dd3b1388baf2f66210f40d2789624901e49997448d29b
878b62969bd22c315c429fe1c396abc2b3b00f1edc42d1da5d9a2f4ee4f1f6e1,sthereo_day_vis_thermal,images/sthereo_07_valley_morning/visible_left/1630115873039985829.png,images/sthereo_07_valley_morning/thermal_left/1630115875071764737.png,2daad699527c0eb2d2ddc284c8f855999c6cc9bba24aa84f50381e1de008dbc5,5c1bac3f08280302912714ff23db9afafd1cb4418adfefd4163d460087810161
89578bf64d3d1c80f77de6924b3194264b899129a16f1a52ac68d5e69b5476ed,sthereo_day_night_vis_vis,images/sthereo_07_valley_morning/visible_left/1630115799064195004.png,images/sthereo_09_valley_evening/visible_left/1630073786126118667.png,aa6fe9aea0aa67f5e7b562911a0027840530d29a3609fc66010645131439817a,8f773041a3cd435245697f4705435988809ce1bb2c6016131816c2ff29b594ef
8a4725ed560ef699f32bf3bfb4dca8cdbdf62754abb689003ba98b0774ee6e20,sthereo_day_night_thermal_thermal,images/sthereo_07_valley_morning/thermal_left/1630115982971803297.png,images/sthereo_09_valley_evening/thermal_left/1630073931830574757.png,54a3afceb378a2a9465922caafa97e8a675512fe1c1d45e02824e595d38f68d5,4e389c11fd7b750cd18dffbe962fcdaeadfe82706c2fe49cb3b9cef6ffc03986
8ac92a63bee4b0cc9bde98138a0be282db16a59a16994c31b4b2708480e51e18,sthereo_day_vis_thermal,images/sthereo_07_valley_morning/visible_left/1630115683000347210.png,images/sthereo_07_valley_morning/thermal_left/1630115684976567238.png,5fb2199a4dc84c61a99848ffc8405c48b0e5d45e38fb7830f8778a771493bbc2,1054de035938494b3b0cba8e1e1b13afd926b13139b34fe6fe48082938c60d05
8b1c1b93d8db7ea5a2f48df491651aebda09e774729b252c344a93b18cb17cca,sthereo_day_night_vis_vis,images/sthereo_07_valley_morning/visible_left/1630115653010188284.png,images/sthereo_09_valley_evening/visible_left/1630073667162583843.png,8ba43d83ee136583ffd8cf4bfda9d36679b46e0f6adf342b1c412f4fc15ea0c5,b220aed087c593e8aeea70ad68941aac1faa4960e19572d9616d95794169c03d
8d93ac2334afec09b5b6250c0270341f328b5a3259225c4aaca46dc98f59b28b,sthereo_day_vis_thermal,images/sthereo_07_valley_morning/visible_left/1630115857044992513.png,images/sthereo_07_valley_morning/thermal_left/1630115859071769970.png,6909110afbb3cfdabdea8429e47bb9eab3247815e24fdd6c03626a523080a1f7,0c831b88530581f19bdd8ffc0d9bd389aff2cbb41e84fa141389d0fdf38cdd79
8eb556225d73db1ac78b069383ff05c50e80e1f546085906cdceaf97cf04866c,sthereo_day_night_vis_vis,images/sthereo_07_valley_morning/visible_left/1630115847048864359.png,images/sthereo_09_valley_evening/visible_left/1630073823113019659.png,0a92f9ff44dd7849d517c26a2afa715a60ff1a482028e0e6a4865b1318dc565a,38ad721e28d7244771777d9400fc901d979d7537492f9a9eb5d7b8bcfe41ccad
8fe9eec7126c09214f6e092e2430faab50d965374d27344b7b341b05a5a61ed3,sthereo_day_vis_thermal,images/sthereo_07_valley_morning/visible_left/1630115673003724171.png,images/sthereo_07_valley_morning/thermal_left/1630115674976537004.png,d1c4aedea0aacbc6bedef92b3d52226ad41d027a455599ced93f3acd39216891,02e5bdfddb076cf95fda8f0ffb2c07b6856a4d04f731a21419fedfaf7528f542
8fefa42b4b220d7e120bd1568c1d26eaa388123e99210df1673bdafdaf6b9bd5,sthereo_day_night_vis_vis,images/sthereo_07_valley_morning/visible_left/1630116006998124051.png,images/sthereo_09_valley_evening/visible_left/1630073955170442399.png,23785e7040146b636cf1080b2c8c86f397ee45c864bf43e3f4630ca4ee22df81,24139df65e10767a8f63572d4b88231404f17037b9900c9a59148122d37da6ec
933c0b2757d7ba15c53c7e5d8da125cc2ed1bd10a31e5a1d87834d6cc8a741e4,sthereo_day_vis_thermal,images/sthereo_07_valley_morning/visible_left/1630115899031928845.png,images/sthereo_07_valley_morning/thermal_left/1630115901071760920.png,cf85113344f47c82746c0d3296b2277300df0bcd004b2b6378bff5ed3e4bc7a6,67ed08882581630354d4dff5bda1773ae2ba9fc75b02531db10b9ab51e8d6bd0
93964003d8e23eea5bed700af457b663298adf4fb0bc5ade0fd6e48bb9e539bf,sthereo_day_vis_thermal,images/sthereo_07_valley_morning/visible_left/1630115943018965645.png,images/sthereo_07_valley_morning/thermal_left/1630115944971786740.png,a89c571d57a6fdb40114f55ae0232dd065a6af3ab85fba03e40331ecc056b429,39d1102fb6d9e8d669a9c3e8ec99602dd9f780a57588de3b02dd95330f64a73c
9473ca3c1535438338720724a7c4167b2eb0bae93e0516901b0bbd241be35fd3,sthereo_day_night_vis_vis,images/sthereo_07_valley_morning/visible_left/1630115929022473126.png,images/sthereo_09_valley_evening/visible_left/1630073881694767739.png,d04f2918a6a6d8cbfde9c301a7ea51137ad77eac4d172951db807d9a944fab7c,d03b36b14add52aaba020f5c1da9cefe141c793c5c6d20437a7962c3c4aa7d81
969f6570f6f00cc1920a6238888331477c22e2e19fc0d47e53e6eb08637f812e,sthereo_day_night_vis_vis,images/sthereo_07_valley_morning/visible_left/1630115693000580710.png,images/sthereo_09_valley_evening/visible_left/1630073697754002643.png,c609537b1cdd130ff0a4679a130ba5cde59e7c62ccf876c135ce4256d4eccc82,bdae5323e59667f6db9e9b0d28bde44815ce21336419d25f8c7eef5ffe130a87
96a9a39c3c3fd49607c4d32922c2eab0d2abffe4096d9145e7f71a3daa274ce1,sthereo_day_night_thermal_thermal,images/sthereo_07_valley_morning/thermal_left/1630115986971762136.png,images/sthereo_09_valley_evening/thermal_left/1630073935630569302.png,8f7c3e37ddb3a21e2bf185fc92060ac8aa4357590e1969cee134da6c7d22edbf,1cf446f3c2231c86a387858bc050a7162f23fc72dd9239074875b44cf5992047
96e885283364e8b65d585987321bac74588e563e910e4fefa8de5722f1bb4f3a,sthereo_day_night_vis_vis,images/sthereo_07_valley_morning/visible_left/1630115764976787382.png,images/sthereo_09_valley_evening/visible_left/1630073756634317974.png,ccf567c57a25f701fc1cf450b8b31a768ca9ca5ee67722493c974b3b9a91ba8c,208679b77fd7d26d192f1691a554989edaa1518ca4e01199856d10f13ed910d0
9729f8ec232721406cd425c3be4d3ebb25b1263558b2f8099f893908581ab298,sthereo_day_vis_thermal,images/sthereo_07_valley_morning/visible_left/1630115831054462225.png,images/sthereo_07_valley_morning/thermal_left/1630115833076547108.png,9b956839c668d2ce958db4229b8bd516373c28a92dcbe5e2ebf6b7930e035888,4d424f6209742ee4546633663e385e0d75995babfca82c21ff2110f2558c3987
974d719bf45f5f1f7e2db4e6660ec6734a55c29d18f672f79234342e961c0790,sthereo_day_vis_thermal,images/sthereo_07_valley_morning/visible_left/1630115688997992997.png,images/sthereo_07_valley_morning/thermal_left/1630115690976539181.png,7acfa1125d992732e0040d7715db0db4f6bc476fb3699e9bbe45d3a2dc10adba,3af774a0d4692588c3ac42943a8d94aba3df97b39278329df6235e969b3640a8
97e6c80b6b7dbe3ca31aef7c30f93539d9616424980e69784d2fe8e44565f5b5,sthereo_day_vis_thermal,images/sthereo_07_valley_morning/visible_left/1630115837052247105.png,images/sthereo_07_valley_morning/thermal_left/1630115839076554106.png,46a09a2772c1d61637e7636e4a7109d33af388e7795bc2a7ab468f8a2f32b3ca,452b3fcae5c64d30fe6d90c09db258fc9f96eb3a0362d82bbab8169beafb520b
9b0f122820be878b568948fa63cd0f704fa9eb27a319d075fe24a50866e719ac,sthereo_day_vis_thermal,images/sthereo_07_valley_morning/visible_left/1630115746982557120.png,images/sthereo_07_valley_morning/thermal_left/1630115748976538801.png,839265d8c4d1c7309172472ebc8d092bb39bd228f2ba307d455ac3b1f0b907c5,84c6af7d1596a0ab8809c02111537248e5c2e7ce54c636d67f9736fb1b007336
9b1512383291d43f72a4eb852dafc245298f42216b0a33488e606ed938397da2,sthereo_day_night_thermal_thermal,images/sthereo_07_valley_morning/thermal_left/1630116008971760063.png,images/sthereo_09_valley_evening/thermal_left/1630073957271438421.png,e2d9b82570aa6f5a5f45685f214926a4104dcc078aab47c17ee7cfc9e4390ad0,268101caf65b39106c5a622403dde80fe3d5b25b6d607866e480aac8258f4f63
9b3870cb4ea1e41f53caf0923d61f9e2c0b44995f8c0fe735d30bedacdd12f08,sthereo_day_night_thermal_thermal,images/sthereo_07_valley_morning/thermal_left/1630115857071721553.png,images/sthereo_09_valley_evening/thermal_left/1630073664291060613.png,beab6468fd6021e101f7d9d5222171666d04eafd797bb3152cc58b1e8ad41a9e,43eb2cb71acb93ca89a88c3d4270cbcd51c85e0d61fea8ce5206bde6bbcdc50b
9ef678257572d949fc3845f57539b4c2c64a6ed528904748f682ae82e41fb797,sthereo_day_vis_thermal,images/sthereo_07_valley_morning/visible_left/1630115929022473126.png,images/sthereo_07_valley_morning/thermal_left/1630115931071783052.png,d04f2918a6a6d8cbfde9c301a7ea51137ad77eac4d172951db807d9a944fab7c,345ea908a0412f1adb1c7b275cc560b017d7996a82dc985da9273f25ea7ceac2
9f485b9cb032005429ed1b71f59ce2a341ce70b80d54eaf47d1af9eddd15c1f9,sthereo_day_vis_thermal,images/sthereo_07_valley_morning/visible_left/1630115973010851250.png,images/sthereo_07_valley_morning/thermal_left/1630115974971777219.png,7eae3ecddc84665ad4941d2bc0a09467b06b9f8accf3d5e6522a06119c71ce02,906bfb170eed4ac1952facc4c1cb5ab8689725df6a5d243c72b6b9c80bcb72df
9f5a82397ebccdbc558016e49708ceee24a992a911b056b3a986d9d448ebabab,sthereo_day_night_thermal_thermal,images/sthereo_07_valley_morning/thermal_left/1630115774976541627.png,images/sthereo_09_valley_evening/thermal_left/1630073766091022983.png,e1804000db670500a4721ce77ee48d8d883e47de999befe87ee3b6006bf5d586,a57352a1df0240c17e295be040861dede428f6d6c808c226bf7a867a7364be78
a010c08819f4ed157a46982b5e3572914e3f6ced5d28ec6be637ef7bd7ccacbb,sthereo_day_vis_thermal,images/sthereo_07_valley_morning/visible_left/1630115949016833847.png,images/sthereo_07_valley_morning/thermal_left/1630115950971762186.png,d7c9342d7c8db54a8e1d40422ccaccdd5d4c2f5b0a29fc7815fe5b69bbef4742,56c5acd56b9fbcc3a3c516378c0eee091c2f30bebed607795138858dc5816dcf
a0254c6c4ef4441a8c35a8b1c66b8274ed14f95276a4532afc982d53bc34f3ff,sthereo_day_night_vis_vis,images/sthereo_07_valley_morning/visible_left/1630115807061853109.png,images/sthereo_09_valley_evening/visible_left/1630073962068601151.png,a27ac0b824045585b6bbc232bf68297de1bcc793f80c5c3e3ec480ad9d838679,b7aff693a14b438daf225f7668c658a4e72cfc89536576066ab9835a3a0a076e
a2ba1d46aac327d75d26a3a19e107bfc9d53f371f335c8cf6f6bb104973b8a19,sthereo_day_night_vis_vis,images/sthereo_07_valley_morning/visible_left/1630115752978895493.png,images/sthereo_09_valley_evening/visible_left/1630073745138413551.png,a0fe606405db86b66bd56fd9afc1c727b2d6ce4337895f839258864d60b23beb,81abe94c88c46702b68b99a7913a544f966f32907b4c1b964600263219d18b59
a2ca6c0d7b977b9d7aebf2749aa4f274f7663fe5b2e37be9a0ca5e627adbac48,sthereo_day_vis_thermal,images/sthereo_07_valley_morning/visible_left/1630115720988118249.png,images/sthereo_07_valley_morning/thermal_left/1630115722976539458.png,f7f1eb5946a0a295b5cd8857c05b108f0c28ca7b7d446e79fdb3879cb642bafc,3add5963a1810d69e6f46b57f1e7a24a6ec31f7da6434f6799baa781b55e0657
a342631f802a4ae79d81184bf97ab3b80e290291f04ae7c44574240f9fd10297,sthereo_day_vis_thermal,images/sthereo_07_valley_morning/visible_left/1630115679001795697.png,images/sthereo_07_valley_morning/thermal_left/1630115680976540859.png,65a0ebe24a219440461f85b35aaa62aa1d52589b65ec593f2afe7e387786c57e,7157056f74223d7aa31d9b17e5542a079bd37fc57fef9fd9052b4b3264b16f69
a4b238bba33a61992764776d5db49e86f61656d23f3d538a8e5597560781d0c3,sthereo_day_vis_thermal,images/sthereo_07_valley_morning/visible_left/1630115686998584082.png,images/sthereo_07_valley_morning/thermal_left/1630115688976539287.png,f8c0b37dbb30c0dc251a7e15138f68a724a665c51e82a4275e08bb1b8b1e8502,2ffb5ba4d8f3089f08b270fedef299a24489939e375eaf0078f120389dd0d263
a575b91e7b6fa3e35ded8cbdec4a7558b7762e50dcea47efd7c03ea6d586060f,sthereo_day_vis_thermal,images/sthereo_07_valley_morning/visible_left/1630115637015479193.png,images/sthereo_07_valley_morning/thermal_left/1630115638976540407.png,6cd4e8a5274854d2fe4fb789ad284a96701fa37597a522f21d4d1c30ae4cb238,7d93830bff7e5e76167800ec8e20f8b6e291890d2641c9407ad716f51b784cf8
a5d51f44574e2c356ca24df31d735aa584b20b530c29e819d8cc0bd5cfb1bbf2,sthereo_day_night_vis_vis,images/sthereo_07_valley_morning/visible_left/1630115809061775456.png,images/sthereo_09_valley_evening/visible_left/1630073794822513212.png,6e8fe8c4d38acfb295957d8bf2c92a88675d696474c3cca3a3b35beeb23e5462,630912557edd15475cc665160e59bb142abc6f7e5e96168354ac0ec1e52cd8cf
a60897041cdabcf3c6ed112164af29501d1629d52d3ce8212ba62a4a351e667f,sthereo_day_night_thermal_thermal,images/sthereo_07_valley_morning/thermal_left/1630115817076571734.png,images/sthereo_09_valley_evening/thermal_left/1630073970471428571.png,d1a3d50f05614351d87ca3d042c3bfd68f22bcd113f2bdce20161e35c6419294,54b166aeac326dc00a30321409ddf1ffa6fe7b4dede2015d2b0572ecabf5667f
a780f4280a1e4a7303736acd6f40b5cee0c1805ceb1788fa7981ee46a11b851e,sthereo_day_night_thermal_thermal,images/sthereo_07_valley_morning/thermal_left/1630115640976539412.png,images/sthereo_09_valley_evening/thermal_left/1630073823191028873.png,04a13e5801ca7167f60c55ec31497753bf94e5ba7dca3562157bf0131da2cef0,2b230d61ac89c1e4ded7e43f43f82c80eed21e1b0aba7961005a206dba323bd5
a7a769d3539a18929b02c0277f48dcd4fecba7915b81aaacc890eacc69e5e567,sthereo_day_night_vis_vis,images/sthereo_07_valley_morning/visible_left/1630115774974713960.png,images/sthereo_09_valley_evening/visible_left/1630073766132703735.png,51712db0b6adf9944794e444e978759e4f37d0777729e45121442c2bbaa876ca,0b54cab7f4ec28add48250f7efe2f680b26b63de257489d4dc1b4d30495f7d99
a850cd8d4a437801b4f4ee5e05273b68161422f1f7955e94a670820af426ad97,sthereo_day_vis_thermal,images/sthereo_07_valley_morning/visible_left/1630115667006002711.png,images/sthereo_07_valley_morning/thermal_left/1630115668976537872.png,2f9fc0b7f6d65bd31a4c602b38ec4a45144dc3ec9dc0006cc848b37d5ba81e26,81620d4d90bb364e18bc8208b35558c79b247c18d2d36ce8bc60b673229f7b17
a8a64b4d25a26e286284d4ac048363d222e58003c20a40141866d5853f8ad014,sthereo_day_night_thermal_thermal,images/sthereo_07_valley_morning/thermal_left/1630115837076574241.png,images/sthereo_09_valley_evening/thermal_left/1630073647919152530.png,4bd19a5f1502528a12dee4d2b4829a9367d76137be2e0c3a6876be8406d9612d,2c90ba08d018eae85907376959a8e860fc0c8c45c61f1c68db9f8660538d4b00
a915329c77dac9d709bef733cd076bc95856d00eac327d7ed451db2eca26ffaf,sthereo_day_vis_thermal,images/sthereo_07_valley_morning/visible_left/1630115641014062206.png,images/sthereo_07_valley_morning/thermal_left/1630115642976552347.png,257c16e7475fae4a8ec17bf3134f26854650ffa284b5042ab2262fa0cbf63c9f,89bc596970a4b9a6068362a92efd2d826e3549ac5d0f7e48f06350cffd88fe82
aa14ebb0e59e585b8275b15cb80eaf6bfafdeed0febdb80634ada5e9b6f6151e,sthereo_day_night_vis_vis,images/sthereo_07_valley_morning/visible_left/1630115839056336138.png,images/sthereo_09_valley_evening/visible_left/1630073649568810382.png,68bda95feaf4d276eed91d12c721cd3f42b759d687c61c45ccb818e28845eea7,bcda452d927e99870d77de2ab21fdd9882c4b7425642e5b5755a58f2ef83ca5f
aa4a8a9ba325d5570aeed996543a25da6dc495e5f1959554df4485c026bc78ff,sthereo_day_vis_thermal,images/sthereo_07_valley_morning/visible_left/1630115803062709575.png,images/sthereo_07_valley_morning/thermal_left/1630115805076490103.png,51178eec5bbf72162cef21b8c19bd3c375cb165709e19f1cc17e26a562216e0e,19396cb3cb799baee538478f6af10a652a9caac38906a021163fa5d4aa53229f
aafff13f203172212ac472aa9c570a4153862aba7ab32ff3a79526320df1b84e,sthereo_day_night_thermal_thermal,images/sthereo_07_valley_morning/thermal_left/1630115783076545496.png,images/sthereo_09_valley_evening/thermal_left/1630073939830568482.png,13ca08c589c45da7955ffc6344a09521fc4db472929791243896012df80bc09b,ebbfc8ab3b48b61518c509e2dccb6facd2e1931b215e21c108891cdb7e2868c0
ab3860c2e1fd2e174bca1eb93f122b4a36b960c7f6822712a5f876145f24c7c1,sthereo_day_vis_thermal,images/sthereo_07_valley_morning/visible_left/1630115781071592962.png,images/sthereo_07_valley_morning/thermal_left/1630115783076545496.png,5a5bf576c98e0d4a5212639672fe97b59d6b15b251be184752dab1e61ae26fc6,13ca08c589c45da7955ffc6344a09521fc4db472929791243896012df80bc09b
abf30cd04d6acfb25789429824ebc47ce2159866e43d3f1b836c542fe3596e76,sthereo_day_night_thermal_thermal,images/sthereo_07_valley_morning/thermal_left/1630115642976552347.png,images/sthereo_09_valley_evening/thermal_left/1630073825091018715.png,89bc596970a4b9a6068362a92efd2d826e3549ac5d0f7e48f06350cffd88fe82,c78ba710218ba3b5aa7aebfd74c602bbf71a577fb2621a756b566e536199c877
ace4acf0a5936c4346ab0268886876d2b581ada889c974d789c3681d8afaa417,sthereo_day_vis_thermal,images/sthereo_07_valley_morning/visible_left/1630115659008857663.png,images/sthereo_07_valley_morning/thermal_left/1630115660976541383.png,6d0343dad5150f1c256973df6aef8e95bc3723883ee118159a3fb48e6225e444,2c46aee0574c993c5bb75cc7e9fbafec4c4568c8945dc28e1602ec88e2450b48
ad09975465dba8580a0400d99e8b066ad3939427a12b586710061f24d79b5474,sthereo_day_night_vis_vis,images/sthereo_07_valley_morning/visible_left/1630115877038969957.png,images/sthereo_09_valley_evening/visible_left/1630073679458867546.png,cbc8a25f36cd8049c9dd713c2ae09d5fcc62f0ecd3e9356d8e290c86c8b88d0a,db0f9b5f9096c3f327b57c89d5f57f867d326475e1e47e804e65afa9444685e3
ae5236672f96d96bb20f2959243bb20547511d33ca3eb8438138b827f7e662ed,sthereo_day_night_thermal_thermal,images/sthereo_07_valley_morning/thermal_left/1630115932971756161.png,images/sthereo_09_valley_evening/thermal_left/1630073721191026243.png,912b46d3326ecce26cfdd0055d23a1b743501f15b0727bc12cda99721d71e671,b3b2bd3e63bd975d57538c1d0aed64c7af54e962bdfa9f8de4f3da1fe8392d03
ae8ba605496fc1a32b4ca8d8966e7f4b041866a6a25d62392a35ee293bc2532d,sthereo_day_night_vis_vis,images/sthereo_07_valley_morning/visible_left/1630115683000347210.png,images/sthereo_09_valley_evening/visible_left/1630073690855550956.png,5fb2199a4dc84c61a99848ffc8405c48b0e5d45e38fb7830f8778a771493bbc2,58b74282df91e5fa83c4fcdb8845bace310e4af69824dfdea781bafbc8cc9dc0
af9f19e9ac14ea5e9a707e28cfb6f7d05328d8b9d5625fe4139232e0eaf95b4e,sthereo_day_night_thermal_thermal,images/sthereo_07_valley_morning/thermal_left/1630115720976539118.png,images/sthereo_09_valley_evening/thermal_left/1630073881591025816.png,99811b2d023ca7e9f176163105bb173e5531c51c5b468160728c3dcec8e1551e,9ff808f0c41313aa947d6fe7f596e7b3c88766c21e5dfc6b332469711e6b3fd7
b12ef2b659af4685cf1cbd2b17d2882d86dea8f9ef3051e5e2d58b0fe6ef7793,sthereo_day_night_vis_vis,images/sthereo_07_valley_morning/visible_left/1630116008997532409.png,images/sthereo_09_valley_evening/visible_left/1630073957270314953.png,839072f40853581deca29e37669f3dcc85a68e31eec119dcc00c07932fd686bb,25ef66fad137da3b1c9211cec70bc74518d498a515bf9eeb513254d7879dc703
b239eda0f230d15e99160c3e09b0f71d763294af02d52d301a3930fa0022136a,sthereo_day_vis_thermal,images/sthereo_07_valley_morning/visible_left/1630115959014330348.png,images/sthereo_07_valley_morning/thermal_left/1630115960971759058.png,74eee92661d3e881aecc4cca5031f2e18062d1c3fe6bb112eee0c496e46f16ab,903d7f383e7db33969a04cdfcda0c0beec93373a5f2485c11887d5de8eeed177
b76a51565ae12e8ecf27d332c7a5e2e9c5c5e5f9424f2006e3078b1410490b64,sthereo_day_vis_thermal,images/sthereo_07_valley_morning/visible_left/1630115663006601599.png,images/sthereo_07_valley_morning/thermal_left/1630115664976541436.png,f6785cdd111aaafbc984867ee5a8a00719e8b755b560b232b87a845d2e40a4b3,6190b5a1b4513d1ec9a59e04ccfce45ffcb390466d75b51d52cad2b7358ea334
b76c4f9afe0dcabfbf53423f3a3592d77ab46c23c1aad780601788b2ba6483e6,sthereo_day_vis_thermal,images/sthereo_07_valley_morning/visible_left/1630116018995264229.png,images/sthereo_07_valley_morning/thermal_left/1630116020971764005.png,7ab575a81156595f3b20b216e1ff67230b4f7f3c1d9c3502684ec1144effc787,6f601cfa735b3aaac336cda39b842f143201085a2181147a017590c75336fcfe
b7d56ca91d0305aa299ddca53eec339d1b4180aa089d875e0fb757412c06ac87,sthereo_day_night_vis_vis,images/sthereo_07_valley_morning/visible_left/1630115651010764020.png,images/sthereo_09_valley_evening/visible_left/1630073665363469752.png,2a40451c904d13e19bc1a5f461da46e34d945c26a605c0792a11444bec6add1c,a92001f5a625a2df1c4a71488e4a17d0d7d1e249c502ec575f62254c52feb6ea
b7f6099de4f7befde0d65d082854cfbb03905ec0a4881416b712c15bc489a9d5,sthereo_day_vis_thermal,images/sthereo_07_valley_morning/visible_left/1630115883037684068.png,images/sthereo_07_valley_morning/thermal_left/1630115885071761217.png,99ceb65ef6b604b40d326b956fc728879e78261122157c221ce62695634bb5d0,b2e8f5cd71d6a9abf61a88c98de3de6f09f6633bbdaf7d471bddef17a9610f7d
b95d594435e4d21dc22dedcb92a3a65cb54244b338ed4f78c6f27c4fb7b12cd7,sthereo_day_vis_thermal,images/sthereo_07_valley_morning/visible_left/1630115647012374319.png,images/sthereo_07_valley_morning/thermal_left/1630115648976538374.png,6ab3dc767dea7f7737578348ea125dcaa1cc98b2b772fe62b65bcdd9d3afd039,63b1fb2bde9f4d3bcf9e6ecec92923d591857b87180a18398d244486c45b8e5e
b9ead3f11adc2672dfcba8ba11cbeee4cb460e4ea7298eb8e275a4d0485e861d,sthereo_day_night_vis_vis,images/sthereo_07_valley_morning/visible_left/1630115783070601963.png,images/sthereo_09_valley_evening/visible_left/1630073939875551397.png,fb069e60d806661d5aaa8fb436d64c3a1e20b722fcca2578e1ea24fc1f838ebc,9ec5ceb3e378bc8f3b8de70798f1948b3e6994cb2a168da1d48510d2a87c8c55
b9ed156ff844af9e3861bbb047c515cc05907327351929a345327da50c27ad2c,sthereo_day_vis_thermal,images/sthereo_07_valley_morning/visible_left/1630115957013941511.png,images/sthereo_07_valley_morning/thermal_left/1630115958971758260.png,c4ff02cff8524b758dbb853302c7e7a8f22b966e95a95dec1cb548daefebd753,8797f981c9acb37512bc73c95de4c871947779e542250a4157b0a9382e272014
bb8e5d275eccc3809ca76e427ba6e7a0af1130cdbb8f18b52748083d4b51d0fd,sthereo_day_night_thermal_thermal,images/sthereo_07_valley_morning/thermal_left/1630115758976542504.png,images/sthereo_09_valley_evening/thermal_left/1630073750791007065.png,70f570e07c3f169d2b7f54642ca7a46083bad180a86c2632735272a23505224e,a3c1b3f2bd84aa0e265587558c80cfe826806a7fbbb28aa2da7e1822e3410736
bba93cc09b3d63ac92c19eb62c5a4b930f495af5a8a2ae555efcd82b1ced7d6d,sthereo_day_night_thermal_thermal,images/sthereo_07_valley_morning/thermal_left/1630115819076547004.png,images/sthereo_09_valley_evening/thermal_left/1630073972771425676.png,5f6ef027c6b688bbbb6cda90faa6de898e0b46010057921017b3e682104444b2,e50afb7e25801dbec64a564516391936579fd064e751daac6530bd2a115e2d3d
bc7589979ddf45a3c9670e160581f80e3ccfd23073d7ee0d2bd337bd650ae609,sthereo_day_night_vis_vis,images/sthereo_07_valley_morning/visible_left/1630116028990992646.png,images/sthereo_09_valley_evening/visible_left/1630073974864685792.png,fc04c258ba8c4b8029fb6038e9636eb08af71635fbf90ffbc31442b3d2596f1c,10a7a3a059d582ad955bb3239d6417c16a4e4d82e842bf7f9bc440e441d12fc3
bd8933264c12d4b7f44bbe7cf4e10484d9401ff0cee7106d4fe193a462d006e7,sthereo_day_vis_thermal,images/sthereo_07_valley_morning/visible_left/1630116012996566231.png,images/sthereo_07_valley_morning/thermal_left/1630116014971764598.png,c934991186b02459a8464c6b92fa695a475d9d9b6bd4180200df2e50f71106f6,0e028b9e39df2a08c4e7c4c9e2c40bc5bbe98eda86aa99d725818f542b3b0b57
be5958d9b147c72b4943bdc6c504a761712cf5841b535c619854fc62ccdedcf5,sthereo_day_vis_thermal,images/sthereo_07_valley_morning/visible_left/1630115752978895493.png,images/sthereo_07_valley_morning/thermal_left/1630115754976542079.png,a0fe606405db86b66bd56fd9afc1c727b2d6ce4337895f839258864d60b23beb,09218760496e7c36f58a1daf49f0e8bd6c0b17e833cd8bafeaba599360542b2d
bf009220b6d32d4a03868ec841a24bd0af506ae4d074138111634960b606fad5,sthereo_day_vis_thermal,images/sthereo_07_valley_morning/visible_left/1630115853046882814.png,images/sthereo_07_valley_morning/thermal_left/1630115855071760397.png,5e7fa4a1c2d1f6c3db14235690809c48155da8878a1f31147eb921a6f5db03c5,2f838858190374dec56ffeaf07a0537a4f5d5ac7d3ea19a72fb817a910c2f34e
bffa9a0da7693504cbf90c7da9b7e5a1caf5ae4b7ebd254103192642d36e71f4,sthereo_day_night_thermal_thermal,images/sthereo_07_valley_morning/thermal_left/1630116006971762656.png,images/sthereo_09_valley_evening/thermal_left/1630073955171430183.png,87730c188aed34fab7dd4691f56e6ca7dbf123778d23d168210dc3f7283a3021,01886b1a6c14f22d936641bd2e9a1c35e8114dc54bab70d250d612c8be49c573
c00215345f5e8d165c9213fbaecd4d70c39890321c694db128686338688a2d27,sthereo_day_night_thermal_thermal,images/sthereo_07_valley_morning/thermal_left/1630115942971763723.png,images/sthereo_09_valley_evening/thermal_left/1630073892491029522.png,ce09b52fe61bc0f2b411acbc1f0885a0b5e27f98b1dc7148a64abbc24bbddddd,ba493c5b5b00368ba85d5be65dad393510d1085cd6282757054eebeb10002ae6
c21254f124bb9dfac41164645a415332a7b24b8bd928192b5058cdd887dbda70,sthereo_day_vis_thermal,images/sthereo_07_valley_morning/visible_left/1630115839056336138.png,images/sthereo_07_valley_morning/thermal_left/1630115841076545092.png,68bda95feaf4d276eed91d12c721cd3f42b759d687c61c45ccb818e28845eea7,27c8725f6d7c4a60d32b2ee7b14a3c93be81388a4162ad5248a6313935fc14cc
c386989a781860b4191891ccd8024519ee7eaca950257d976e48465ef0239afa,sthereo_day_night_vis_vis,images/sthereo_07_valley_morning/visible_left/1630115993004902830.png,images/sthereo_09_valley_evening/visible_left/1630073941374825320.png,2813411bb2c1e427c81b5f1452f814a8f9a086d7226fdc0b4a4b9de7d4880321,b66cffc4c1420cff433a50cfd42e1eb486fc638ca57b0f2fda34d9ca4c11fd85
c3b001e427a0171f509e69e6da1bd0818390f2a150380ed4a3046bdaa69eed51,sthereo_day_night_thermal_thermal,images/sthereo_07_valley_morning/thermal_left/1630116016971762455.png,images/sthereo_09_valley_evening/thermal_left/1630073964271429662.png,f94c1115c6445379fdf7df7e0949a3ecd0047d84a66eed429b941b39d075506b,f248822aba9875c70da6b3df5db5424d3f43d5573de6d36d67622e133cf8371c
c738d99a4bdedd307e55aa509330e95a32661fbddbc5d5825737494cce4de733,sthereo_day_vis_thermal,images/sthereo_07_valley_morning/visible_left/1630115843050586784.png,images/sthereo_07_valley_morning/thermal_left/1630115845071760954.png,38764f1ca97db2acdfbff5a23775ae835b05a5082988ac850ce24f2355dfe503,8b16a4c0384fa0c3196b491736d7a1b180154c2cb778b767d26e785c304773a0
c76086ebd72cfc2e0fb079fe4faa9491e45b59375f2256d803a2915ab79ca0ad,sthereo_day_vis_thermal,images/sthereo_07_valley_morning/visible_left/1630116008997532409.png,images/sthereo_07_valley_morning/thermal_left/1630116010971764448.png,839072f40853581deca29e37669f3dcc85a68e31eec119dcc00c07932fd686bb,b56750f8d5f6b75dde7a9333f4383a0ab45666365e7db3478a121f1ffd38c83a
c95023b607b9f8d476b01d486d5969da95498ea6005f25ee5e313a7bbebb4326,sthereo_day_night_vis_vis,images/sthereo_07_valley_morning/visible_left/1630115647012374319.png,images/sthereo_09_valley_evening/visible_left/1630073661664931895.png,6ab3dc767dea7f7737578348ea125dcaa1cc98b2b772fe62b65bcdd9d3afd039,62e9f59dd917efc767674890cc1fc7bd8fec038c3191433970e5d75ee23b7f20
c99ca4cf1e939401db1d793a9b9a386833e6f44b7c7db79cb530a75637a238c3,sthereo_day_night_thermal_thermal,images/sthereo_07_valley_morning/thermal_left/1630115869071761650.png,images/sthereo_09_valley_evening/thermal_left/1630073839891026391.png,8e21034b336de654969f0d729cb37ef7ab05d260b4e351aec1e35d150c1c4b2a,baae16d69b9fc8088b4b4456b8dc178b119a6b7a8b8df47bd49ebb5395b87039
ca10e6a7748fa697ca2b533769b8bee04fc45b108cb7b89d0cc159e96c2339e6,sthereo_day_night_thermal_thermal,images/sthereo_07_valley_morning/thermal_left/1630115656976539274.png,images/sthereo_09_valley_evening/thermal_left/1630073670691028670.png,8b602b650dcf567d188e3f8c4d10b1f6fe1beab2df23bde44075ac3fc3bf26d8,586a91064d97cd82aca56e0accb96290b8e0e44b14a07dc443ee1800df04511d
caa9444d6ec2349fa6b375e6bb61d782564562b2119816de039432911d70710f,sthereo_day_night_thermal_thermal,images/sthereo_07_valley_morning/thermal_left/1630115921071751776.png,images/sthereo_09_valley_evening/thermal_left/1630073711391028023.png,201c15aba23b716276933645b2256fa909f3c4f94fa32cac81c4d2572e052450,950457eb09fbf9b303cd4bc762f085ebd91b56790f6490e6a92d79ecd28e13c9
cb7694d8508bd0422c4da64fa7c87ea8a8fc250476d188e608195c60f138d7df,sthereo_day_night_thermal_thermal,images/sthereo_07_valley_morning/thermal_left/1630115807076508761.png,images/sthereo_09_valley_evening/thermal_left/1630073962071436355.png,e148ec6650cae0ff43ff132a28d73d7e0c6599c7d2ca259d2230ff38e4e8d80a,cccb6afad1fe946b58e26f988d8a98f50901fb9f356548edd8177eb3657a801a
cc4cdac83ecf7d5989f76e295768fb200e14d34b811d7f988b6e3f60682ec327,sthereo_day_vis_thermal,images/sthereo_07_valley_morning/visible_left/1630115669004668286.png,images/sthereo_07_valley_morning/thermal_left/1630115670976538779.png,844df486fedabce7c3645655c1ae1f35a7a182c0182b534c0f0835cad394ba72,47879e2e1303cffa2da18368d141aadec51a4820b8b44790364378cbff85c07d
cddb465edd2eae22d105c2770afb30c5a9c757a7af32117b9211018bd53865a5,sthereo_day_night_thermal_thermal,images/sthereo_07_valley_morning/thermal_left/1630115750976540849.png,images/sthereo_09_valley_evening/thermal_left/1630073905691034652.png,8e0e5a044a757f3be7d83c5c9cd4ebe268edbfecc3b4b55773288561fb413185,bdc84143809d187bc21b122ff6fda4ec941fc760e9364418cd2d448b401b8c04
ce50ef4b926fb26809cc8fb86855c45c9ef5bd0a36122c0e964d777be4439fb3,sthereo_day_vis_thermal,images/sthereo_07_valley_morning/visible_left/1630115849048383297.png,images/sthereo_07_valley_morning/thermal_left/1630115851071767740.png,e4652811357f52010909aec20680eac98b8aaeb47d122feb9c5e8ffbb524ca1f,2c5f720d04d572e9a50b83f19a0a06d886a640eb5fdc3af75b34fd46eccb6682
ce5e5e99469dd5ffd479f6ff421a41712062d4bb4c560817f8b451ac0bf66fa6,sthereo_day_night_vis_vis,images/sthereo_07_valley_morning/visible_left/1630115879038082359.png,images/sthereo_09_valley_evening/visible_left/1630073681058423672.png,b315b2cec91dffceefdc5735e3a490e3622bc94d65322c980f13976cf25fb3ec,4b39f2682d0ef9bfed2aaef0e2879adf1a36872f70f7a1fb6178087c06270a33
cf282d7f58f133a1eb9357039bb825dc4c3f34b87173ddcf3cf27f80fcace461,sthereo_day_night_vis_vis,images/sthereo_07_valley_morning/visible_left/1630115657009590678.png,images/sthereo_09_valley_evening/visible_left/1630073670662127588.png,a4f10eae81cfa4b4788bba23b4877db23be7873c288b132031da4dcc48899532,f9cc685db9f6cc7a9ab0f630ae568d18305866a3ed14d9cd3057bb3011d44b92
cfb823a0f13757552c138c1d4bdfc691730faaaf8eff05795e81ce9951427fcf,sthereo_day_night_thermal_thermal,images/sthereo_07_valley_morning/thermal_left/1630115972971776865.png,images/sthereo_09_valley_evening/thermal_left/1630073757491002099.png,76522d8428c0005d9a4cfb9a7f95bdef1b3a1a6075cf9d3be8ed2bc661d29966,3ec6b99036e56cbe23a5c4192326429f68bc3c98f03792c65e2c6c129cc3d122
d0719b867e032d9271a7b84d762b9d8a9c9cf638748da7ad29610a9db57d26f0,sthereo_day_night_thermal_thermal,images/sthereo_07_valley_morning/thermal_left/1630115752976537824.png,images/sthereo_09_valley_evening/thermal_left/1630073745091028508.png,6afaefb659c7f0386bb82ed65461b0d16f7a51e4a195dd31b9dc2c1c27e222f0,185f87ba21dbad1021f506938b8065f43440dd56f226ed85f4eee287f8380501
d0738c84495497b7b9bea7910266b5a06eccfad2009c7132e311c0edc7a1ca98,sthereo_day_night_vis_vis,images/sthereo_07_valley_morning/visible_left/1630115817058720547.png,images/sthereo_09_valley_evening/visible_left/1630073970465532671.png,95124c9f4f5773ed92ad193e3a21dabd4b8f858b1e02ea47b1f93d44217ddde5,26ec9e647a4ef9f257ad665583b809bb4c12f73d31c78d45230ac90d9d147705
d0f93c3eb163a3b1b9e71860e0377bf1877918548a84df9abb05d206ab2fe5f0,sthereo_day_night_vis_vis,images/sthereo_07_valley_morning/visible_left/1630115973010851250.png,images/sthereo_09_valley_evening/visible_left/1630073757534542715.png,7eae3ecddc84665ad4941d2bc0a09467b06b9f8accf3d5e6522a06119c71ce02,bdc017e7a450532d7e065415c488385c09c262a5b3c3fe3d8d7d7c41ff03fca5
d217d14493210927ae316abb614bcf0247aebde43a044a46f8ab6379701fcc0c,sthereo_day_night_thermal_thermal,images/sthereo_07_valley_morning/thermal_left/1630115636976539898.png,images/sthereo_09_valley_evening/thermal_left/1630073819891032180.png,900f1b92f17f98269502df86c14800697566889d1f9d7218f4f5508fcdcdf60e,c6f697b2b66c39b39c5d3cd4be2e7e6e075f62e0d25fb9663e849367a3c896c2
d29d6bc208c284735af00a7f8bad6372995c2f7490cc1c5114322fbad627b4f6,sthereo_day_night_vis_vis,images/sthereo_07_valley_morning/visible_left/1630115770975463763.png,images/sthereo_09_valley_evening/visible_left/1630073762432721715.png,023f38495474fa120e32e80a984c1cbb84cccc5facd2ad44b3c5caf5b432731f,8ca903a5769cae1edbe219feacc18b80a2a224e3be2417b5d5609a38647ce21a
d2cc468e4036c979261cebda704225d3c21b0072963029397e33ef74e6aa99f8,sthereo_day_night_thermal_thermal,images/sthereo_07_valley_morning/thermal_left/1630115686976541569.png,images/sthereo_09_valley_evening/thermal_left/1630073693591029332.png,0dafdee2be0ee7dd8b583cbc32a0b451307abc5e3efc7ff629e1a5045b60f7ab,b2589f81a2a3e1329d2040c59ac6658f7c939e86b72cf6b688a3ce1440ef8211
d32cabeebe68a1f9c5830d4f717c433fb0ce7eeeec5ced8140984f580cd57a19,sthereo_day_night_thermal_thermal,images/sthereo_07_valley_morning/thermal_left/1630115948971759047.png,images/sthereo_09_valley_evening/thermal_left/1630073736491032160.png,3d16b09a8309679d618f5e6eb1eb6acb0e706e8b971103ea4dd8fdc30b0837ce,5d2a715a5d935f50b6c9a4ce9896a8857c58119235e36215655e97e84c0145c5
d33081892970a3d7f5ec3338fe0995e6f3f206700d1d20036c6f9692a5aa3aea,sthereo_day_night_thermal_thermal,images/sthereo_07_valley_morning/thermal_left/1630115746976537214.png,images/sthereo_09_valley_evening/thermal_left/1630073739191017089.png,a3696cc75e26c063d4ca4bfe40da36cf51212ee9ac3f03c5812e4ab736683173,d6fe7ca05660cc338d1413c4355ad8b38d9d56d30ce60c583f0f5bab7f027e25
d503c1eed83627644af53978b90e6407e6fd277f0f20ac9af3731408af1fc0fa,sthereo_day_night_vis_vis,images/sthereo_07_valley_morning/visible_left/1630115831054462225.png,images/sthereo_09_valley_evening/visible_left/1630073642170815544.png,9b956839c668d2ce958db4229b8bd516373c28a92dcbe5e2ebf6b7930e035888,dbb03a40ac6fe7605040a31492845713e36673740cfc6be9bb2eee62d88f40dc
d54186917b8e56e12a5bbfceeb06348f274e319b4536c86afc72a18418c5465a,sthereo_day_night_vis_vis,images/sthereo_07_valley_morning/visible_left/1630115623021272126.png,images/sthereo_09_valley_evening/visible_left/1630073636077028309.png,659e2a8d3a84e3e44bc0606a7b55baca6209f392afca00bfad64d493c3bc6ba3,cd4f42194fac35ac95aea901fb323e12d3e59e83d4c618b3f09e7a620c0ebfb4
d55bf548142c8793363172eac67866ccdf76a425be0df99a770b04069a088f4f,sthereo_day_night_thermal_thermal,images/sthereo_07_valley_morning/thermal_left/1630115781076541925.png,images/sthereo_09_valley_evening/thermal_left/1630073771491030260.png,8973c272bec6688790cd921ee1659aca032ae489a8abddd1ba6e9dabac9b3a36,909869ae1b5bbb4224a5d8fc9ad05d2840f338716e76ff22620bc702ea7d8e66
d7155b1d301c96ab4a05a681dbac222dda0992ada2ed399975ccc071b92e6b0c,sthereo_day_night_thermal_thermal,images/sthereo_07_valley_morning/thermal_left/1630115946971769004.png,images/sthereo_09_valley_evening/thermal_left/1630073734191027196.png,e0aef9d1b58bd373e02a10ebe45f7eb1682e910d5115d14ea94b6501da3e4f7e,6b2fe6afcb4b117cb82bc1e498b646bc8c57a94531575d72c34e5511700a4cf7
d7b7ebdb35e64e16fafaabe86ae979a7db63b9990a49472dbfcd9b50594513a7,sthereo_day_night_vis_vis,images/sthereo_07_valley_morning/visible_left/1630115819057636895.png,images/sthereo_09_valley_evening/visible_left/1630073972765799787.png,4048b861c222b369427b004f1a3cefb91b9b8c8fe27abb8fbd32f4e81be2c6f2,a61dc3f30c45bb9e5ad730a65f2e0e8500e0604df3eb7dc2825b04f61b5bf45b
d8fb54dc5f00481d3914ac3c53c32dd18633cad78eda4e52d08eda30b447fe61,sthereo_day_night_vis_vis,images/sthereo_07_valley_morning/visible_left/1630115883037684068.png,images/sthereo_09_valley_evening/visible_left/1630073851204774549.png,99ceb65ef6b604b40d326b956fc728879e78261122157c221ce62695634bb5d0,c07974c7079784f8cd80406ec4ed9e7df014671d0d48708332b8a2ee152792e6
d94fad845b312c5fa5d4f2b0b9665e6de5effe2fcd6e91cd1144594bceaaaf9a,sthereo_day_night_thermal_thermal,images/sthereo_07_valley_morning/thermal_left/1630115622976539444.png,images/sthereo_09_valley_evening/thermal_left/1630073636119166886.png,4ac129f57b4030d9ff0a505eb0c125f2b9cd642a51d6b24fb4effc63ef84ca0b,92ba8bc055adf1424b3d9e6097667a794e22ffe268f75d52bd48a4f877783517
d9f6a359156fcc483b7e768d176cb83e4968bef5cc515f9ac1be24d063b62905,sthereo_day_night_vis_vis,images/sthereo_07_valley_morning/visible_left/1630115829055187468.png,images/sthereo_09_valley_evening/visible_left/1630073640271987984.png,2cdf025e2e46499929109f70b801b8f001b83c3c6e2e3628d41291d0e19a298b,2897c67cdedda5e4b3816ae16220c7632f2b402b0a1389088113c50ca7051950
da76af33d94912bff30dbb4411f89cdb472144ef45d6a30169bab5f9fc68fe39,sthereo_day_vis_thermal,images/sthereo_07_valley_morning/visible_left/1630115631017583119.png,images/sthereo_07_valley_morning/thermal_left/1630115632976541736.png,19f3d8989505676a02df28414c509c485f36036277770865e29c0d0a36737839,8683394581cf6970bd0b222550cadf50dca6a549e6e8ed3df2776b082ad7baa2
db79c038f6c77f1ad4319208c2fbb663069b9f1597b4a433c4e94c3f0cf8df01,sthereo_day_night_thermal_thermal,images/sthereo_07_valley_morning/thermal_left/1630115672976538018.png,images/sthereo_09_valley_evening/thermal_left/1630073683091028039.png,34b80369754b3ee5a0137e61caa6dd9da11e65795e1be61c03d97a4ae9dc8abc,0e1271b841f92cc0c61ee893b0de4388901f2d71781b9e1cb079e1abc6731f05
dd47977e6f922886afdeab5b004e40b1a86c0dbf60578b86363030c2e0239c0d,sthereo_day_night_vis_vis,images/sthereo_07_valley_morning/visible_left/1630115849048383297.png,images/sthereo_09_valley_evening/visible_left/1630073824912213362.png,e4652811357f52010909aec20680eac98b8aaeb47d122feb9c5e8ffbb524ca1f,b7f7a4c10f0555bb483d9fd007418dc0540506274302dc396dc2209043f952a5
dd91fe5953fe38ad25ea0d15b64dd32bd06308839da584b02e17bd352378233a,sthereo_day_vis_thermal,images/sthereo_07_valley_morning/visible_left/1630116022995199983.png,images/sthereo_07_valley_morning/thermal_left/1630116024971760353.png,ca4d5534bed41836a0ea51bb634aaec0fc0abc39a3c8e9290dd8de792ba84d2a,b064ab998d141eccd72b969acb6e8ce1b42d55c11bd377de3f9f19803697c348
deb9236188ccc5bc7ecec6032344ab31d3bf26df633ea590dc75ac289962dd50,sthereo_day_night_thermal_thermal,images/sthereo_07_valley_morning/thermal_left/1630115809076539204.png,images/sthereo_09_valley_evening/thermal_left/1630073794791028803.png,a304f840f86e3fcc24c956be1361b61f7d1383f7493001c31d08b9e8d05fe957,c68d1dfa5e11fb700b107831f85ec9c3c60507daecf31722bba73f801097abf1
defb8a2b83f6a638de13e1b0d0b630381b350caedb8ac4537b5d28bfae6e5a5f,sthereo_day_night_thermal_thermal,images/sthereo_07_valley_morning/thermal_left/1630115803076541190.png,images/sthereo_09_valley_evening/thermal_left/1630073958471433056.png,2a02cd3120f36ac802b6792da327496aa4d2fc64c929b14b2d0c1c71f5018741,7975557e4feefc74fd833316c5d3b62737c69b683533b48c2851a065a8bc9778
df7f69dca61ced9df1c82338fa3299431942f9fa78d186973740d2017eee615e,sthereo_day_night_thermal_thermal,images/sthereo_07_valley_morning/thermal_left/1630115873071759550.png,images/sthereo_09_valley_evening/thermal_left/1630073676391025047.png,03f1ca73d25ea1cb92e9761ee8eee600fdc06b97f4e7391c04d24c9242dbc19b,b6941c1e6782c40a27fd8eaf0e15a052c921903f8f8422540ac341a141ff0898
e269ac1527c0f45a920ba348d127c5c84bca1cea7d86daf0dc742b42d35df0fe,sthereo_day_night_thermal_thermal,images/sthereo_07_valley_morning/thermal_left/1630115692976537627.png,images/sthereo_09_valley_evening/thermal_left/1630073697791028689.png,0ebf98748351989d87c06212576ea12664d235a6a530c7b0ee7b188fb52a25ba,9d08df74ef18f86a6cf95fadfa119fa51e029512f9da70017bd8673f9ca6469b
e26ad18ab9d1b6941cc47eb4711de94fbe7f15001b252115c4b80f40adad3ab9,sthereo_day_night_vis_vis,images/sthereo_07_valley_morning/visible_left/1630115686998584082.png,images/sthereo_09_valley_evening/visible_left/1630073693554218276.png,f8c0b37dbb30c0dc251a7e15138f68a724a665c51e82a4275e08bb1b8b1e8502,19af8903fa8386f2196fea610c65293e1481d6741f57704f68edb197982aee1a
e4389a382644e977615e663900269945cf742cf9c6d4fb2c53d88e4d4a2e140a,sthereo_day_night_vis_vis,images/sthereo_07_valley_morning/visible_left/1630115641014062206.png,images/sthereo_09_valley_evening/visible_left/1630073823212969980.png,257c16e7475fae4a8ec17bf3134f26854650ffa284b5042ab2262fa0cbf63c9f,f198fde2c3812effe5e59eae8cf6dea47650d21ec9dd71de7c332a6de2b39257
e5bd384deb3d7162dcc4217b6aeecd0784363af196a395b1ce87b1ebb2730428,sthereo_day_night_thermal_thermal,images/sthereo_07_valley_morning/thermal_left/1630116022971773200.png,images/sthereo_09_valley_evening/thermal_left/1630073969271433209.png,19b96493e079e6353ce1f5bd0ee546674f626fdb6ac4938dd80e895aac9a6455,f25758ef3059eb0c975abac388ffae02b1986f17a079303f3eec72df330a3107
e6d16fd08de5cb2e721f290da92c8d55daba6861fd7b9b18bc41fc7a37aee291,sthereo_day_night_thermal_thermal,images/sthereo_07_valley_morning/thermal_left/1630115952971760251.png,images/sthereo_09_valley_evening/thermal_left/1630073740591028522.png,2683deb78c8670e4e33aedef735b204089963fdf08e2ddfcd1b164717ade3c29,d3b02192b06aeb8f1eb1c4f368daa485bac8489c750fd1bbbc6e9edfb7cdfade
e91df6223006ed97e5155252d99897c395f30f6a56019538d5bcbbe0102060c8,sthereo_day_night_vis_vis,images/sthereo_07_valley_morning/visible_left/1630115983008219151.png,images/sthereo_09_valley_evening/visible_left/1630073931878075299.png,9dbed66c0051cc317fff138499a1399a42ae3cba05ef5d2172f517d3ec2412a0,00e78773cb106af9e6d305f683a1b0cbff585dae040044c01d1c0f6cf153b92f
ea38b585efb37338aeb786cf6f5e32323c271c9b4e50526f8ea231b1070d0eab,sthereo_day_night_vis_vis,images/sthereo_07_valley_morning/visible_left/1630115947017585651.png,images/sthereo_09_valley_evening/visible_left/1630073734141705547.png,a09e64618287919e489bf3bf520a2c284817338d0fd6757fa4ba4713d073278d,8856607c5882d1d03461c94abc8a1366a41d5b1a3249d92485cdd4b946322719
eaf9988a06ef04cfdfadac4f31d1e619f350e23575732d9e72a82cff5900a6b6,sthereo_day_night_vis_vis,images/sthereo_07_valley_morning/visible_left/1630115837052247105.png,images/sthereo_09_valley_evening/visible_left/1630073647869741037.png,46a09a2772c1d61637e7636e4a7109d33af388e7795bc2a7ab468f8a2f32b3ca,934c404b13a1d4c0c38223fd7ae4907684cc62021992f74f3c36628ed1972508
ecdc5255390b7c5aa8cb4bb726d393eb927a013e65841c84549281958f23251d,sthereo_day_night_vis_vis,images/sthereo_07_valley_morning/visible_left/1630115979009128791.png,images/sthereo_09_valley_evening/visible_left/1630073762832648359.png,aac762822e87d3afee4199f4621a93effbf6c2f7a2813c91343070fd8fb2d527,46292b806fc9ea75559ecb7b900dd9c78a3df8f2229e7fd22098726e6218f542
ed688708948ed260d1400687d84e237bc960b78db9de552f4ee33a095189216b,sthereo_day_night_thermal_thermal,images/sthereo_07_valley_morning/thermal_left/1630115867071760094.png,images/sthereo_09_valley_evening/thermal_left/1630073671591015450.png,2d378910054ed3f2182f97120c0b477030ac796ac03428fa402e2584c38ea0f7,a5fcf9fd8a9abba10da76366fe7bfbb9c1d136a51b35ca435074530a7560aae4
ed8045936c85d53b8bc504d26783448aaab4b96d708d6ab0633bfc880630a450,sthereo_day_night_vis_vis,images/sthereo_07_valley_morning/visible_left/1630115859046490110.png,images/sthereo_09_valley_evening/visible_left/1630073832809664587.png,b49c8350e76dd2548f621ba3cd12741a1d8aea2d42fd0e0f667000e4bec98947,86b052a4204ccc5d3498e00e839a110d19a87101eb13f803e0d95d7c80dc3f41
ed81e5dacbdaa5efe8b02098f80e26d9a9332118d251c51570f81f0fcff728e2,sthereo_day_night_vis_vis,images/sthereo_07_valley_morning/visible_left/1630115977009804048.png,images/sthereo_09_valley_evening/visible_left/1630073761033281878.png,5f8a6aa946434df0f0ca1cb67f5512e443973ee840c8b0d27f415a26fa467680,935ddeb73f52cc677b714ef71ecffab3317bf7e2546449790000f96e77c0dae7
ed8a7363ab12817f2efee42ce356f9dddd85bdec0d0bb79acd2ec78b7705d2ee,sthereo_day_night_thermal_thermal,images/sthereo_07_valley_morning/thermal_left/1630115760976538449.png,images/sthereo_09_valley_evening/thermal_left/1630073916030571247.png,4b8a89af0489d16847a65f9a34fe3ff15319b68461d8fcf172efe180129c7c8d,14eb6b85af71892a316594dafa904061a669f56974d2b2cc5f6b3588525264c4
ee9f26836cd8608844f1d7766a229f83656e5306a9d33934c21bd758152f4b0d,sthereo_day_night_vis_vis,images/sthereo_07_valley_morning/visible_left/1630116018995264229.png,images/sthereo_09_valley_evening/visible_left/1630073797121607317.png,7ab575a81156595f3b20b216e1ff67230b4f7f3c1d9c3502684ec1144effc787,50b01ba13dcabedca842ed7c9b234ee6e8219756ab5187704d33889d611ef179
f003be634af1fa1c5e45356c6ffda4de0ae985997ecde9244b9473604e4aaf34,sthereo_day_night_thermal_thermal,images/sthereo_07_valley_morning/thermal_left/1630115879071779055.png,images/sthereo_09_valley_evening/thermal_left/1630073681091028732.png,67279f4c0edb0e0ba1a9b5636680442a32cb7b83d9d7a458d927a477b3d17e2b,24601c9837111aac9f7647ef2aed681bda6c540716e120d99739d9c6f4ade4ca
f115cf8d687d47f3de58f7b89543a49cd555a45f5470edca71e5ea2a75c05161,sthereo_day_vis_thermal,images/sthereo_07_valley_morning/visible_left/1630115789069751853.png,images/sthereo_07_valley_morning/thermal_left/1630115791076554389.png,fd441c705e15a5301b44f187e487cc733fde1b4e2a357661c556169a1d8ea85b,da647ff0b2a7b0ecace038f33f544135f9e6a3ecc8f997f8f10a0787780a5084
f2b765ea8fee1c1fa2a456731e3e2d4dc42b6a5416851664b3a9860cc08e34b7,sthereo_day_night_vis_vis,images/sthereo_07_valley_morning/visible_left/1630115889035694450.png,images/sthereo_09_valley_evening/visible_left/1630073855902557337.png,46c8d809c8d34501c0d050ba2279cc5607e103f058ce65412237eb5ea5ad236b,15d10e2d722d92be6f05c67380b02cdd720e19073a5690bdf0815e9d89ed67f0
f367155924691cecce58e7d5b0e1190bc4563a2d0175c6dee49770f17d34ad57,sthereo_day_night_vis_vis,images/sthereo_07_valley_morning/visible_left/1630115887036573643.png,images/sthereo_09_valley_evening/visible_left/1630073854402780731.png,81d96229a941cb7ac99b5a24b56f8c1d0a2771a1005c3ea7bdd861a7ea663238,2eafe59335689fbc7f8edf652c3ba4bc6b025dfde57cdbf0881e342006361940
f461833f2e2503ebba0dace443692b32dd0538b8e4239efc0497d2a5d5b172d1,sthereo_day_night_thermal_thermal,images/sthereo_07_valley_morning/thermal_left/1630115956971762700.png,images/sthereo_09_valley_evening/thermal_left/1630073744091030218.png,8466c136523f2972e0334762a58cf51e5c476fed5863161af8104af551f14162,20ab7304945e89e7126dd883a33ad53221d4a2811e1abf120d96695431ee4e09
f5340a77c4a3807f4e65a89cf2525f50c6387ff1a7904c8100fcdee48b4167e7,sthereo_day_vis_thermal,images/sthereo_07_valley_morning/visible_left/1630115764976787382.png,images/sthereo_07_valley_morning/thermal_left/1630115766976563240.png,ccf567c57a25f701fc1cf450b8b31a768ca9ca5ee67722493c974b3b9a91ba8c,4911eca961b9fde9664a5880a51c47d5c23d585d9dfae4caf7378f080f6555a9
f66edabc7c38c21d96a3244f840e2ef3b815af3dc95458f5977d968847602cf3,sthereo_day_night_vis_vis,images/sthereo_07_valley_morning/visible_left/1630115637015479193.png,images/sthereo_09_valley_evening/visible_left/1630073819913992772.png,6cd4e8a5274854d2fe4fb789ad284a96701fa37597a522f21d4d1c30ae4cb238,0de90d171886ca844986741b62a9e6f0c21f2b173f34d87216f8a72195181198
faaf04a919382d621f08bc14e942cc6eee00ff35cdb7f3447aef8ef48d725050,sthereo_day_night_vis_vis,images/sthereo_07_valley_morning/visible_left/1630115935019858348.png,images/sthereo_09_valley_evening/visible_left/1630073722745007081.png,104b19f57b38012263f4886c7c6ce526f779310c51347876697cd4716f5ffd19,1fd7a9e0a71f31deb865c706ebf9669a8b5a8697d35b98a84bf7c69e6ca5884a
fc1b6916d3c522f3b48e2ce446ebba12e100fc4a27a694cce1f2ae9d31e3f321,sthereo_day_night_thermal_thermal,images/sthereo_07_valley_morning/thermal_left/1630115962971764937.png,images/sthereo_09_valley_evening/thermal_left/1630073748591029074.png,4e3d00c9acdf56a7e2db44df48aa54da1835b1bc64d70c30a902c0fb3a1b5c68,85cfc3075d592d57b8c0bfc78543b96eb2f276cbca720d08edd0f2962fe4aa64
fd1389274fcc9feca0195fb41000fd57cb05fdc4fea58f4373eed87ae7c64d59,sthereo_day_night_thermal_thermal,images/sthereo_07_valley_morning/thermal_left/1630115630976541650.png,images/sthereo_09_valley_evening/thermal_left/1630073646019170860.png,e9b670ccc3fdaafefe7505223773c4cb037673c77d99595948ac74c6aa20404b,20295d1184da619a7d7a70113c4f24755171ea752a0ef59bf1a0e00e23328eb1
fd426a46c08dc0ceae2a19fef3fe9a967bbf2d57aa39022dc140f356c77b308d,sthereo_day_night_thermal_thermal,images/sthereo_07_valley_morning/thermal_left/1630115849071760858.png,images/sthereo_09_valley_evening/thermal_left/1630073824891031599.png,4f45c81ab07869dee715d283edd391e4897bc8888e236a570b7c7080e4f84776,4c722fbf0ae40437a382a7951cc520bc4150a4f6c7e0bda2ad453c9357e16520
fd5e548c58bf293f3762ac176a36adf58459ed2745e2e19f7071b9ca7135d99c,sthereo_day_night_vis_vis,images/sthereo_07_valley_morning/visible_left/1630115750980094175.png,images/sthereo_09_valley_evening/visible_left/1630073905686511710.png,4425c035fdf7131d8bd15dfcc0ed323e5fb8503c80349c0b6a8828b0d825b518,0717cad32a83889d3d98b16444c99ea85a7167348d821be12aad3d760d6d82d5
fdaf279d5cc1b7416521de07754a274e48311cca383458cb6ca265876e86261c,sthereo_day_vis_thermal,images/sthereo_07_valley_morning/visible_left/1630115760977944344.png,images/sthereo_07_valley_morning/thermal_left/1630115762976538753.png,7f30702801303d601933be3ca2ba7d43fe865e52a40e5cd452aa2dfc6a9498d8,cebfd138b258e55d929a446f84ea86a35775499250bd57006a347d458a8bd68a
fdbb5a409f5d3e4fab9578be4f48b348b43c6ac93f19959ebf58ccee7cd78832,sthereo_day_night_thermal_thermal,images/sthereo_07_valley_morning/thermal_left/1630115764976537052.png,images/sthereo_09_valley_evening/thermal_left/1630073756591028073.png,f0fba5e08eb1ae9190a91f97cbd20d5d5c67bdce9fa960413f3e6447f13a37e3,206f7b5080c7d8c99d7835edc9009cfa3267370439e21a01e4d751143f87c45e
fe01f8125df4ff944a581cb72872306782a74988c1ba686cd34c87cab4881bd2,sthereo_day_night_thermal_thermal,images/sthereo_07_valley_morning/thermal_left/1630115893071759573.png,images/sthereo_09_valley_evening/thermal_left/1630073692491028819.png,22b97a338d794850c74b30c1f037a9ca6a1a542f22c377b2c1f641924a8e95d7,3a2e22d9463f0bd13472daf95421187d74d32bac9acb93a7898280f781bc609d
fe4b5a96df6465dc8e579cc6a859a0d6e8e8b64cb6d5c97f21084d5072290d32,sthereo_day_vis_thermal,images/sthereo_07_valley_morning/visible_left/1630115997003592833.png,images/sthereo_07_valley_morning/thermal_left/1630115998971763217.png,9376f90c6e3010b558c6caca1d982456470ada3b44936a2dff415929a3a3a8a1,0e361815e57c5608d07d6f234eebeb0cdc9e667f4d1e7ba9b180e1704a702461
rubik_pair_042aaa68ffe03b91f17129fc,rubik_vis_vis_reference,images/rubik/rubik/e08f1aa4fc2a0cbd825fadc5.jpg,images/rubik/rubik/7a6991815fee6e3869e33bfb.jpg,e08f1aa4fc2a0cbd825fadc5f9ab93d8afb481b50cbbea12f18b8985ef076654,7a6991815fee6e3869e33bfbc1f0b12d05c4ee00be611d9207e1e7de1283cf74
rubik_pair_04abd3acad1f449a9d47e8ff,rubik_vis_vis_reference,images/rubik/rubik/22b9b687a4b1f5ce829b5724.jpg,images/rubik/rubik/25e7a373dbf529bc8ce4fa1e.jpg,22b9b687a4b1f5ce829b5724972531b238ef13c8cbbffee4479331a5b08ea103,25e7a373dbf529bc8ce4fa1e21acfa67e99ee2212a565bed2dadd65fda50a4e5
rubik_pair_069f41d28f4f2c7f7c770e62,rubik_vis_vis_reference,images/rubik/rubik/4b16736e841b701d234c433d.jpg,images/rubik/rubik/b8382495e4c94f4d04a47ba0.jpg,4b16736e841b701d234c433d557047e07efb783689429ef95ca0231469a7ea81,b8382495e4c94f4d04a47ba043fc531f88ea07d39709d33e9819a38de4f61124
rubik_pair_089158390b78b76ff6bdbbd7,rubik_vis_vis_reference,images/rubik/rubik/61bf34f9c5780795273d425b.jpg,images/rubik/rubik/860329b88edebd3856661957.jpg,61bf34f9c5780795273d425b3fa4fa6821c475b09a99840533cd2961b4f240b6,860329b88edebd3856661957c5b9608222c633f7a91d98f67bfb2d7c7954b5f9
rubik_pair_09da1e159565a44d7966777e,rubik_vis_vis_reference,images/rubik/rubik/dfb4035df5acb7d0bd0ec0d2.jpg,images/rubik/rubik/4ef257a1e9154282de005875.jpg,dfb4035df5acb7d0bd0ec0d2ad83b8a0b8d547631313fccdd75da04bb0716083,4ef257a1e9154282de0058750e38bc41a6e13da7a113e29fc9b7450b61d14428
rubik_pair_0b1cfd630a7bb59eca21ced8,rubik_vis_vis_reference,images/rubik/rubik/007e2ba566208ea0aeebc988.jpg,images/rubik/rubik/3035d59b918ae3d02fd486de.jpg,007e2ba566208ea0aeebc988d2fc4f39b8e57ed78c5d5461eb626bedaf6cfa56,3035d59b918ae3d02fd486de18a5cccbdb130da39fa8bd6b674702c008279d01
rubik_pair_0beb1412b87e7a6ab8bd6e54,rubik_vis_vis_reference,images/rubik/rubik/98961ef385a9285297de10e6.jpg,images/rubik/rubik/317f11147d8fb6fcdb7ab2b8.jpg,98961ef385a9285297de10e60eea03cd39be6e7344ff5cc3b9b6e47a20eb272b,317f11147d8fb6fcdb7ab2b848331f6be224bfd8356c7ff9b5f9c8d4bc85fa95
rubik_pair_0f730a7590a1d33b69eb1fdb,rubik_vis_vis_reference,images/rubik/rubik/d761e8d80b8e1d8161fb7236.jpg,images/rubik/rubik/c892514a15e7702cc696c401.jpg,d761e8d80b8e1d8161fb72362ecd9e642ba4a04805813b91c9007a817a9f2bc6,c892514a15e7702cc696c4012cd7675da18e754a684959b17b4c2e1bc26fca6d
rubik_pair_0f73981396b8df2084d6152e,rubik_vis_vis_reference,images/rubik/rubik/cd4437aebfe960379db7169d.jpg,images/rubik/rubik/a60d5bb6946a2c48a03ca35d.jpg,cd4437aebfe960379db7169d9089dbc3205e32e5e1631792e53a29e0e89ab7a9,a60d5bb6946a2c48a03ca35d9a6931503fe4596c30c78e09c36dfc41ffba8dce
rubik_pair_10a375ad4d848333030c0ba1,rubik_vis_vis_reference,images/rubik/rubik/ed670585f0b46cc89edfaf35.jpg,images/rubik/rubik/29d90a336c5aa865831ede64.jpg,ed670585f0b46cc89edfaf353803b2e663e594486db1a3e8e51a9319a9872bbe,29d90a336c5aa865831ede64b4127c8a431e357d9edbc58274df7a17f7858463
rubik_pair_11207332096510f20b74e47f,rubik_vis_vis_reference,images/rubik/rubik/66439985d7098cc807bfd841.jpg,images/rubik/rubik/1c3bfaed2e9ba29a0ceee796.jpg,66439985d7098cc807bfd841640a95d72e7280c94067ecdea7265f42f52bbaa9,1c3bfaed2e9ba29a0ceee796981f15f886befe10fa445f1b1dcef17b839e7891
rubik_pair_1532e22212f32db8c66058a6,rubik_vis_vis_reference,images/rubik/rubik/8daf95768426a384d990f222.jpg,images/rubik/rubik/036ad0dfe134ae8b2936527d.jpg,8daf95768426a384d990f22247c653ecdf2d8f14b2409fed31d0af28ef57c513,036ad0dfe134ae8b2936527dddef48eecda3d07267049cfb725f9936e7eed689
rubik_pair_184b3ef2b79c7e5a48eb495b,rubik_vis_vis_reference,images/rubik/rubik/127df9b001b4f1427a69ab3c.jpg,images/rubik/rubik/ffcc1d1383abdabb8d91d493.jpg,127df9b001b4f1427a69ab3cdfc5af14f0fa6ff061fc4b4b3c198f85abb3aa16,ffcc1d1383abdabb8d91d49317ce434890e684ca6d4eada9b217380c5b3836ac
rubik_pair_1c502912bc1758ea19ea43c4,rubik_vis_vis_reference,images/rubik/rubik/9f71de58552303f1acf94911.jpg,images/rubik/rubik/6ca433ba3cd7fe1bbf7055e2.jpg,9f71de58552303f1acf94911a4bdaa8fa1cc03293b98cda3caf05e497afb39ec,6ca433ba3cd7fe1bbf7055e2fc4975eb6eb46485246cf62c584bf9b61c57c038
rubik_pair_1dec2d6bb297011d2d8fde26,rubik_vis_vis_reference,images/rubik/rubik/c6e9e9281ea71297f40cc443.jpg,images/rubik/rubik/2192be7977c34934efee16f4.jpg,c6e9e9281ea71297f40cc443bd9edfaa285d7de2bbc93326e4ab764c51b05887,2192be7977c34934efee16f44218e5f7d46ec2379d921c2aa3aab182c0f9075e
rubik_pair_29e9563456bd1bd10ab52166,rubik_vis_vis_reference,images/rubik/rubik/17db13f2f56b3b496b8bd4b5.jpg,images/rubik/rubik/062516f9e21ad2e5bd7cefd1.jpg,17db13f2f56b3b496b8bd4b521c84887cb51d36af6cb3494f7fd0b1fb607e9c6,062516f9e21ad2e5bd7cefd1c41d8468b3961eacbeeaa76eb2eb2e5d8fe1fe6a
rubik_pair_35b4a7c5f683b2e74300841d,rubik_vis_vis_reference,images/rubik/rubik/011d05df7fdae52a2c468e18.jpg,images/rubik/rubik/24cdb5e995c1706cafb57869.jpg,011d05df7fdae52a2c468e1806a6ca16c3367413b605fdf5a448b794d85e96f6,24cdb5e995c1706cafb57869c79e895e91eee45254778af1564ce74bb74daa6c
rubik_pair_3792d5a7c7a4f73afb034ec3,rubik_vis_vis_reference,images/rubik/rubik/7561ebe3fee7cbb01fc93692.jpg,images/rubik/rubik/a7f6a8aaa32de3b19897fab5.jpg,7561ebe3fee7cbb01fc93692931c0a512903cc02814d35f89b8a14080470a286,a7f6a8aaa32de3b19897fab5ec6666a2b1b89a49427c3adcfd473baa58f7b3ea
rubik_pair_3baf0a5007fbf5a2948f4806,rubik_vis_vis_reference,images/rubik/rubik/6822fdc1f1764b3a7dbe2396.jpg,images/rubik/rubik/7fa506e7ce54e0d592c8fb6e.jpg,6822fdc1f1764b3a7dbe2396ac9baf89da72bf072562c7c095516ea64b21ad3e,7fa506e7ce54e0d592c8fb6ec1490f0d5bfbd6d9d6107fe7c2cfc4db1de59fe0
rubik_pair_3c8c69cfb122050a35193581,rubik_vis_vis_reference,images/rubik/rubik/c010ed94eb67393f9610a8e3.jpg,images/rubik/rubik/a6ad9753464cfd01155466d8.jpg,c010ed94eb67393f9610a8e389047d44a3eef7df412b6a3019a118c6ce5d94ed,a6ad9753464cfd01155466d8cb23c94f58ae1ee1776ff3c1c9ade8139dbe7042
rubik_pair_41d0098b28a08a5d42abf3b6,rubik_vis_vis_reference,images/rubik/rubik/44ca3ddb45d25479236825b0.jpg,images/rubik/rubik/36fd992157d81d43e2a9a5e5.jpg,44ca3ddb45d25479236825b082fc02100ed2cb5fc917f6f40ac4488ad86d0d5e,36fd992157d81d43e2a9a5e5d11774d142d03fb39e44947df6de0f64f0f148bf
rubik_pair_43fb001b764209427cfa7ccd,rubik_vis_vis_reference,images/rubik/rubik/b6b6dd17e77fb10bf392851c.jpg,images/rubik/rubik/c81d108106e634bb3998b376.jpg,b6b6dd17e77fb10bf392851c30813f5a593cf7fea88b603ce756529238974d01,c81d108106e634bb3998b376eefc1e963d8fb0a01b81e3ec2ed9ff5e581c31b5
rubik_pair_457a4cfe3703a7b4641b8c5a,rubik_vis_vis_reference,images/rubik/rubik/c354359d0e2a82e4135ad2eb.jpg,images/rubik/rubik/bd7c542fce791d9f3efc8757.jpg,c354359d0e2a82e4135ad2eb873d475d5b067473fe424be3f5f918c1b3f574db,bd7c542fce791d9f3efc8757e134a24918ecf4a2035545679963122fd8567c40
rubik_pair_45d2f0617bd188783d4d15e6,rubik_vis_vis_reference,images/rubik/rubik/e8bec2c043f794bf325b7e03.jpg,images/rubik/rubik/a910ae8601b3ade52750edf4.jpg,e8bec2c043f794bf325b7e0392fdc3566675f51c4d1f904d0908ce3e51615c25,a910ae8601b3ade52750edf43fcce094e2989f407eeb3b5a94e09195e9e98a1c
rubik_pair_45dcc9973373f5bae1cb091d,rubik_vis_vis_reference,images/rubik/rubik/ed52fda3e00f82b121571357.jpg,images/rubik/rubik/993b6e7a7472519b3cc017ea.jpg,ed52fda3e00f82b121571357442b1edba57647b6220c85ccb27b9ef33ed16897,993b6e7a7472519b3cc017eaad1329da077bdcd3ed0eb0d8677c348f6c41bc87
rubik_pair_47cb020efccf8d3571bc3bfb,rubik_vis_vis_reference,images/rubik/rubik/e3adae0c83edc89380b2d883.jpg,images/rubik/rubik/909cf8a68260c3d446c7eb41.jpg,e3adae0c83edc89380b2d88317a6aa26f21f8328b3d57e5c5d50ef4f76e940c7,909cf8a68260c3d446c7eb41f133dbe97b6ff303e2cd271aad828c26f2c561e4
rubik_pair_4a9a12f5ffd0e144211bd70b,rubik_vis_vis_reference,images/rubik/rubik/d3fc2fd7e7acb73aad966ee8.jpg,images/rubik/rubik/2c8c689aa12f228eacd28674.jpg,d3fc2fd7e7acb73aad966ee8941eed612ff0af1d88a7ee2bb0e8bcbe80afea72,2c8c689aa12f228eacd2867456d398a84c3f026d8556be5a44e98f914caef486
rubik_pair_4ad39a9505c995945d4b2b26,rubik_vis_vis_reference,images/rubik/rubik/49f3e8a73cb64b2be0052d2b.jpg,images/rubik/rubik/eb7a8d7b9930049fa879ac5a.jpg,49f3e8a73cb64b2be0052d2b6ea3f1e09fbcbeff0194dd18cdf92129327c7044,eb7a8d7b9930049fa879ac5a12a903b04bd617064c95179da7e638b36b978204
rubik_pair_4d91baa212265d011bdc6ec9,rubik_vis_vis_reference,images/rubik/rubik/1a59766ada231f8763603387.jpg,images/rubik/rubik/d6d4a3e0c0a59d33a64581f8.jpg,1a59766ada231f8763603387eb38374a11ab45d87562165426473d70d673f13d,d6d4a3e0c0a59d33a64581f8d039377005fcbfc90883e6e0c56eee2f43a82491
rubik_pair_4f521f48940350a909d9c5e6,rubik_vis_vis_reference,images/rubik/rubik/a5f7705d8bef070eb240bc1f.jpg,images/rubik/rubik/e24b323b7bbac41d1fb1888d.jpg,a5f7705d8bef070eb240bc1f75584b2233731b93f496a59ab895152c664a6e62,e24b323b7bbac41d1fb1888d79afef79845cd02cec2c90332442564ba6f0509b
rubik_pair_4f82875eba221e8885cf45fa,rubik_vis_vis_reference,images/rubik/rubik/a992d8524aabb9cd8ad7cff4.jpg,images/rubik/rubik/9e11969f12956586138bd96d.jpg,a992d8524aabb9cd8ad7cff41c81b8472bcae7c9343d99aeb0a824dac1fd9c41,9e11969f12956586138bd96d0d21c5a5c7281f1f4245e98a4bb6a9d77fb4c4ae
rubik_pair_5447877e4330c7db588d11f9,rubik_vis_vis_reference,images/rubik/rubik/9fe429daaced56db3eece026.jpg,images/rubik/rubik/d5436d7d9dafa9e0cd802b4d.jpg,9fe429daaced56db3eece02690030cb6efed77fbbb58810ec9ab0318824b9532,d5436d7d9dafa9e0cd802b4d2363c426ae27585989fd0aea663d0455c6c2dc10
rubik_pair_54f50b493edf7d9a4d015acd,rubik_vis_vis_reference,images/rubik/rubik/6baf52499b747689af0f5119.jpg,images/rubik/rubik/71152c2b1ec558bf5f89a16e.jpg,6baf52499b747689af0f511934f4d45e18da0ce16b426d4e505a7a860fa62b4b,71152c2b1ec558bf5f89a16e821722bd494206579956452ffc6c51ae0ab3a191
rubik_pair_5535baea89567f85d0c4de10,rubik_vis_vis_reference,images/rubik/rubik/6532fd0c363d772e220bfdf0.jpg,images/rubik/rubik/12a3acb40f19328be3306a24.jpg,6532fd0c363d772e220bfdf053d73bfecd7664ea77bdfae0ddfa14fa10919562,12a3acb40f19328be3306a24af88d31edb235c0aff7bfa9a93b34dde6a8bb7c0
rubik_pair_5684aa80c9f334e76fe0d014,rubik_vis_vis_reference,images/rubik/rubik/940dcffeb6fabd5326564a03.jpg,images/rubik/rubik/d9c72ac84256cc7cb06760ff.jpg,940dcffeb6fabd5326564a037fd1276fe40d32373f9d3c1fdaca63e92d44b763,d9c72ac84256cc7cb06760ffc69e616b3245a4339959b14b72db746ada3bbd75
rubik_pair_5817e604e627019b5ded19dd,rubik_vis_vis_reference,images/rubik/rubik/08e2c833fa0d53a7ac4c209d.jpg,images/rubik/rubik/f753e70c333840bd4829c98f.jpg,08e2c833fa0d53a7ac4c209dcbbcd477fd5eab332dd9e16e303d94372bbdd34d,f753e70c333840bd4829c98fbd5dbe14b68b0357f5e5acfbd92cfd4f47ad61d2
rubik_pair_583cf45d7f7464017d690e62,rubik_vis_vis_reference,images/rubik/rubik/8b28c681610aa21ed1e397fd.jpg,images/rubik/rubik/8991da057039085db152e178.jpg,8b28c681610aa21ed1e397fd6b69dc35c89d61b00836a9817d1b2379a9bfc5dd,8991da057039085db152e178fc977d61ada538aeaf56726d2ef430d18b2e9e9c
rubik_pair_59cc5d061f722f0a730862ab,rubik_vis_vis_reference,images/rubik/rubik/5b84221145116688109f2160.jpg,images/rubik/rubik/f31d1be3c3f29d1b55df6773.jpg,5b84221145116688109f216053d25320cc041ed5f00c9b34080042f432f5c196,f31d1be3c3f29d1b55df67739830aa274d98d86ec1d6b0f07b4385466d566b82
rubik_pair_5a93a36fced50d353f897a64,rubik_vis_vis_reference,images/rubik/rubik/e46886fd2236a714b51cf07f.jpg,images/rubik/rubik/ff3abe2101a32d1ee7501ecd.jpg,e46886fd2236a714b51cf07f8c8db917e9e8292420af9c83e369a96225db48b6,ff3abe2101a32d1ee7501ecda5622dc1c16bbc2c306c1b076e9c4e35b6544451
rubik_pair_5b65cd94cd789d674a17db28,rubik_vis_vis_reference,images/rubik/rubik/ca7dc59eb4128cd80f1ec7cf.jpg,images/rubik/rubik/a98c5ab0cea9f033c1a1bba9.jpg,ca7dc59eb4128cd80f1ec7cf257fa4af319a7cf11cff0e6818932e280a1c5f0d,a98c5ab0cea9f033c1a1bba9ce1a5ab807b19efd0c68021fd4ae19ea258237c0
rubik_pair_5c6e4394be291a7170596c90,rubik_vis_vis_reference,images/rubik/rubik/fbfe6182cf5326b866b18e5d.jpg,images/rubik/rubik/fd6ccdedd9b301c5048c25d8.jpg,fbfe6182cf5326b866b18e5d6921ffa54978f56f32066c7e79873bb7c5936878,fd6ccdedd9b301c5048c25d89609745f7ec5dd0317c5f272c0269ec0265dfe87
rubik_pair_5d1d40172048e3c3874a216f,rubik_vis_vis_reference,images/rubik/rubik/a5229eadfedcdb24a8368ff7.jpg,images/rubik/rubik/bd24e06e95ae714b41d32219.jpg,a5229eadfedcdb24a8368ff73e3419496fd6d9f216128ae43599ff680faabb77,bd24e06e95ae714b41d3221972e5d17bc7d8f872ac09bf5ec9264ef75064c4b6
rubik_pair_5e9b2ba30328e0d881ca6e12,rubik_vis_vis_reference,images/rubik/rubik/aa5f0ab45036a917f30e9f29.jpg,images/rubik/rubik/4cd018cc3a04e82d1e29956d.jpg,aa5f0ab45036a917f30e9f293d68c5a3d818ad341664fd2bdf3932267aa9dd6e,4cd018cc3a04e82d1e29956d375aa1df43f5066f8a7b1e1750f73ab15a142c77
rubik_pair_641f41a145015e4d5da4cdf4,rubik_vis_vis_reference,images/rubik/rubik/de5f3550388ef483f0e398e5.jpg,images/rubik/rubik/b6bf4c7c5fa05311a0bb9506.jpg,de5f3550388ef483f0e398e51f93af67f62c9bff0e520f208da8b2b4352b5bdf,b6bf4c7c5fa05311a0bb95065eb059ce8c7bbcd9e3f57b420c95dbc997363bf4
rubik_pair_6703d572bbb1f3a7572d43b8,rubik_vis_vis_reference,images/rubik/rubik/fe36d1604b769d32bdf1588a.jpg,images/rubik/rubik/f3324ea39879b1c94ecc33f0.jpg,fe36d1604b769d32bdf1588aaf0ae91498eec99a713b9bf0968b8be4344caffe,f3324ea39879b1c94ecc33f0d4ccd4ecdca942443b64ef90f45eb6ded475ef4f
rubik_pair_67175f31d46c550e38a0cd88,rubik_vis_vis_reference,images/rubik/rubik/ce2283a04bec738fb5218881.jpg,images/rubik/rubik/7637bf8d5ca10282a239a8ef.jpg,ce2283a04bec738fb52188814317554942d02892f1bcd9468726fadb66190320,7637bf8d5ca10282a239a8ef4c95d104009fa02bcafa98abeb78a85c95224cbd
rubik_pair_6823257038b82b99e9120f4f,rubik_vis_vis_reference,images/rubik/rubik/6ee8c64cad79d2d53295fd4c.jpg,images/rubik/rubik/b1b99364fcfb95da11cd9ef3.jpg,6ee8c64cad79d2d53295fd4c6331df0e70e3373da7fbc88509274a079515cfc0,b1b99364fcfb95da11cd9ef357c7d487ba964bd7c3715363adff21e62c6c170c
rubik_pair_6bbaf59783822ed8b50329c3,rubik_vis_vis_reference,images/rubik/rubik/2ef36e340ec1c088c9725c3a.jpg,images/rubik/rubik/ddaec2beb3e4b9af0ce033c6.jpg,2ef36e340ec1c088c9725c3a1ffe434129d0b53b37d96ed0d1476b657cbe2cbb,ddaec2beb3e4b9af0ce033c6ab2f68d91548828be3cdde88e5d874a570ca7a51
rubik_pair_6e1c5f0e5147ecd5a89da318,rubik_vis_vis_reference,images/rubik/rubik/561882b335ca88311c5cc73c.jpg,images/rubik/rubik/92a8602c689ab5ac0b07ce6e.jpg,561882b335ca88311c5cc73cb8f08e49ebc5e29d10960cf85d63d91d7cb71e38,92a8602c689ab5ac0b07ce6e3c25905cf6e7e67dbefde891fa5a759d652ebbe1
rubik_pair_6ef33c03d7c09d41a47b3666,rubik_vis_vis_reference,images/rubik/rubik/1b851307b42edbbcc369f5fe.jpg,images/rubik/rubik/a087bbc7f3b18a595e595c20.jpg,1b851307b42edbbcc369f5fec25ab21047bc709d196b3d33feb11d41e64e2e35,a087bbc7f3b18a595e595c20d825b5bf3b1ee0f6941d2b13b44629665d0d34ee
rubik_pair_6f55ea06040f7f8f0a364c2a,rubik_vis_vis_reference,images/rubik/rubik/3a3e61a7367cbc27a5ecc6e7.jpg,images/rubik/rubik/b30a82b25c1287ff3159acfd.jpg,3a3e61a7367cbc27a5ecc6e7a3fac5c62292f4f845254ed536b69836e45381db,b30a82b25c1287ff3159acfd0e979ec3d50f837c0a06d9cef1a81515627780d5
rubik_pair_75ebc42507358f75df019917,rubik_vis_vis_reference,images/rubik/rubik/a40bcd419a5cc1b81812fa6d.jpg,images/rubik/rubik/abe1f18a91ffc9f044df78d6.jpg,a40bcd419a5cc1b81812fa6d95226c9add46eae79585aeab89814c488480c434,abe1f18a91ffc9f044df78d64b982d343ddc294e4846ce83c6b324349300e0f7
rubik_pair_79c176efc192dda57cc9d0ce,rubik_vis_vis_reference,images/rubik/rubik/4360a12da284101cebab73b8.jpg,images/rubik/rubik/6927700b084151b6ba84d537.jpg,4360a12da284101cebab73b8e5f822c4620f273b9e597fe9284b426672b7e6eb,6927700b084151b6ba84d5374e1cfb99edd3418d939cf5c35048f98c7065638a
rubik_pair_7b36dd8c68f06b6b4dbb84e2,rubik_vis_vis_reference,images/rubik/rubik/ee2824c6ad30e27193e5cf85.jpg,images/rubik/rubik/ebc166eb6f19b327e77177a5.jpg,ee2824c6ad30e27193e5cf855068b30fdff2bfc45c8a01159802481bfe0a01fb,ebc166eb6f19b327e77177a5e131329120b6299287651beb196755b243731ebd
rubik_pair_81650d8c9e855d26ca51f362,rubik_vis_vis_reference,images/rubik/rubik/53d29223dd556e1156c05400.jpg,images/rubik/rubik/98cfe428c173f30e6f510166.jpg,53d29223dd556e1156c05400a0126cc7843c6e0898abc18bfae7322bbeeb4390,98cfe428c173f30e6f5101664cf5c9bf8ca0d70628961ecb96e0186ede23a77d
rubik_pair_89f19002563512e8e2366d97,rubik_vis_vis_reference,images/rubik/rubik/1130f1c82bc566b7c2ea7f07.jpg,images/rubik/rubik/fc1f50ecc041aee9cb0a5651.jpg,1130f1c82bc566b7c2ea7f07a0db78908cfa0576b7b2941e44a8e2e780f45ad3,fc1f50ecc041aee9cb0a5651940c04a40e9a9d2c74dee39bfc24f34c2e286b22
rubik_pair_8a76d135e26fba3e407e004c,rubik_vis_vis_reference,images/rubik/rubik/ebe677fc02424af4dc2fba37.jpg,images/rubik/rubik/d9a59a4f709725a76d097fbe.jpg,ebe677fc02424af4dc2fba370436f960cc8a898a91e306afaf95cbdbc47b5d18,d9a59a4f709725a76d097fbe7f5de54933432b83db5f8d7440d735e539483267
rubik_pair_8ddd8f07a21fd2cb8a10f3a9,rubik_vis_vis_reference,images/rubik/rubik/1194aea01aea76542367c893.jpg,images/rubik/rubik/e2380aa53a35a399d8e9a131.jpg,1194aea01aea76542367c8936779d1b2b9ab61ea824c7532f8db4be64a0d76ce,e2380aa53a35a399d8e9a131429467530c33cb54d1641d05ca86eac4f8adafc0
rubik_pair_90035d8217c549f0ff8e7445,rubik_vis_vis_reference,images/rubik/rubik/4d61d38ff185b57a7511caff.jpg,images/rubik/rubik/2230aeb01624b40d3d4c156b.jpg,4d61d38ff185b57a7511caff875095a5fd5751c9fa8c2005b7c8535a7c2ea305,2230aeb01624b40d3d4c156be24242b78849b9e7ac53f8f0e48250fc4d2eac64
rubik_pair_94fa6fe077384e9b2e606a8e,rubik_vis_vis_reference,images/rubik/rubik/20271d687b803153479151da.jpg,images/rubik/rubik/880c43d9083b22926e950971.jpg,20271d687b803153479151da3244cc5f511c3eaa157a7f1820df9e43e41d7630,880c43d9083b22926e9509712084909cfe758de03d29594c36e7a8b0ae5970e7
rubik_pair_98780593fadd524ca44b4d4b,rubik_vis_vis_reference,images/rubik/rubik/92a65040a765d02cf6076c88.jpg,images/rubik/rubik/36109329266cb292f195b011.jpg,92a65040a765d02cf6076c881224f2fa622082783574abb1b6722605ae6a9157,36109329266cb292f195b011815ad673870dcb31335c231a47ee407d2f1feaa1
rubik_pair_99757eea32d713ce3f127df3,rubik_vis_vis_reference,images/rubik/rubik/92dc6638cdced4417a45147c.jpg,images/rubik/rubik/4350515bc1ccf95feafed039.jpg,92dc6638cdced4417a45147ccd0b92cb5537f5c44d25b2fee361e07a797e782d,4350515bc1ccf95feafed039edfc9bdb569d700ac7f8c72f28ae2cd98b6f1379
rubik_pair_9a3812009f69770720af06bf,rubik_vis_vis_reference,images/rubik/rubik/6889908b594d84f94566e8a6.jpg,images/rubik/rubik/644ef8427159e27c55f31f42.jpg,6889908b594d84f94566e8a6314d636d263e64a97ed4451a042046628beb870e,644ef8427159e27c55f31f426cc684a258402598d2ee6e14ded2e4ad00668765
rubik_pair_9c3cb3799e4688b842a0db4b,rubik_vis_vis_reference,images/rubik/rubik/914871272f8718fe233826b7.jpg,images/rubik/rubik/17efd2b67354c1e47f84e038.jpg,914871272f8718fe233826b762a7b3cce17be648b2287d91dae1e478079b2344,17efd2b67354c1e47f84e038b088432e0052e5ecd940af2920b75c74dabd26ad
rubik_pair_9ec4617e752eb52d753fe4d5,rubik_vis_vis_reference,images/rubik/rubik/8339059d8c14a2db14c9b3a3.jpg,images/rubik/rubik/dba11421657db7c8239c354d.jpg,8339059d8c14a2db14c9b3a3e5338d7e04aff72d1957c28da4100ded4772d146,dba11421657db7c8239c354d8a1116756c7af676ca3d89e71efa41e0ce60cba9
rubik_pair_9f352fe40535f5f9d5c16bfa,rubik_vis_vis_reference,images/rubik/rubik/48d6fe222f63139e457d80ca.jpg,images/rubik/rubik/ddf3ea28d0ddb312a6cae30d.jpg,48d6fe222f63139e457d80ca62c91da5ceb17080c4fe2f4942352001f8bbb525,ddf3ea28d0ddb312a6cae30dddad5e6dd3f8bf06c2531b25c5c859730b9ed025
rubik_pair_9f5fb146ab3159b8328b0a63,rubik_vis_vis_reference,images/rubik/rubik/8c0f28b42ae0f7b5bf8ab048.jpg,images/rubik/rubik/409e56c11c918fa6222bb189.jpg,8c0f28b42ae0f7b5bf8ab04861b41cd2b826c55de567f0c0893a43ffb588419a,409e56c11c918fa6222bb18937d0150e752429cff805063ffd78ebb67fbd1750
rubik_pair_a3666cc883263d9b67466c19,rubik_vis_vis_reference,images/rubik/rubik/0c36c602712cde7f800fdcc3.jpg,images/rubik/rubik/c8a68e4e85e9da8b9631b511.jpg,0c36c602712cde7f800fdcc361e1a87e62528b76ad65969cbf67ef0672bf07f1,c8a68e4e85e9da8b9631b51197e5da4d845b6234e18e36c67d3c90ac629e295b
rubik_pair_a810464da28e0e018430ceeb,rubik_vis_vis_reference,images/rubik/rubik/8e03cb1eb8f5d523c555f9d7.jpg,images/rubik/rubik/b4968162ee25574d666729ab.jpg,8e03cb1eb8f5d523c555f9d74154e15fcbf2a5cc5c24b1308008e7ae81803552,b4968162ee25574d666729abf219e877d5748bcd200ef9374d2748d538480163
rubik_pair_a9e202922ab64ad70c158f3d,rubik_vis_vis_reference,images/rubik/rubik/d9eda165f74a6994c46b1c8f.jpg,images/rubik/rubik/9d9461e96e858f1471b78635.jpg,d9eda165f74a6994c46b1c8f00c7ecefbbde87dc2b3f1f68b7aa1e787c276670,9d9461e96e858f1471b78635d2b7a90ae4e878a1886683109f4f7f897b8abe6c
rubik_pair_aa94ebc5895c723b79a49f42,rubik_vis_vis_reference,images/rubik/rubik/d3f5e5adfcf472b299b115a5.jpg,images/rubik/rubik/66e460b5e19681de913de816.jpg,d3f5e5adfcf472b299b115a57de3c378b78e9e0c87ee1ff963d473993d6c966e,66e460b5e19681de913de81675ccdf6e2bfce7c786b803d335cafbef9dd5f9fc
rubik_pair_ad315a6ce034f66e3ebac3a7,rubik_vis_vis_reference,images/rubik/rubik/887cb4db9880fd04c0efb6ec.jpg,images/rubik/rubik/23692f3ba58d2cd648ac9ca5.jpg,887cb4db9880fd04c0efb6ec5610842c46cb37efc6a4a6b7f6114d12e26e6b53,23692f3ba58d2cd648ac9ca52bfa2a2c674483d62e1d98cbe4c9ae7c3cc13ad9
rubik_pair_ad51acc074df389132118774,rubik_vis_vis_reference,images/rubik/rubik/1c90bdc15b2ba19b19992e9b.jpg,images/rubik/rubik/5b905e108425234f108e248a.jpg,1c90bdc15b2ba19b19992e9b2dd8af217248e7508ca85d9da65156dca2907291,5b905e108425234f108e248a8cac52822f3e158c924f0c37dd4b2d9cf1a01115
rubik_pair_af7e97b4ebf6d242700e8a2e,rubik_vis_vis_reference,images/rubik/rubik/5761f8bda8294ec2a7ec798c.jpg,images/rubik/rubik/d3ca0f5bca9890111c9b528d.jpg,5761f8bda8294ec2a7ec798cb67bc4abad954225073d83cf0f5459d72f2de0bf,d3ca0f5bca9890111c9b528d27ab8b460782852ede9a8e027e6cf2f94725d802
rubik_pair_b16fd2cfeadd40561404b5ed,rubik_vis_vis_reference,images/rubik/rubik/11948f40463ac5fec6f0fc7e.jpg,images/rubik/rubik/4a4921b617adefc9aeea7f05.jpg,11948f40463ac5fec6f0fc7e10fcc660228cf5854dc3ca0aa800d6b8bd11e417,4a4921b617adefc9aeea7f05869c73534667f0cc60dc9fa1dae09ccb63669564
rubik_pair_b5614b0360bd0926f277a909,rubik_vis_vis_reference,images/rubik/rubik/e679e3d38ef8e3711892cee9.jpg,images/rubik/rubik/d781e72b210a4c7481d1259f.jpg,e679e3d38ef8e3711892cee951cbf7606912f092e416dd369b3c0470cc6df2dd,d781e72b210a4c7481d1259fd14c429bfc888c0bb9249117b3d42ddb0d4e1ab1
rubik_pair_b8ee49d7f61193a9cabfc764,rubik_vis_vis_reference,images/rubik/rubik/153b745cdb1afb40757e0cf9.jpg,images/rubik/rubik/d65f81f1cf9d56f2ddc2ff28.jpg,153b745cdb1afb40757e0cf93e6b5ab47c2bf4e2f2368a4044a7fbcd21608154,d65f81f1cf9d56f2ddc2ff2848caa6d7a4c59ba73d95d19e465b8b185cf8b54e
rubik_pair_b93e031beb8d2082ee4888de,rubik_vis_vis_reference,images/rubik/rubik/d272d042ae7122db0f3ab02d.jpg,images/rubik/rubik/c0304245997c7c7a2edbfa90.jpg,d272d042ae7122db0f3ab02d65c3fae3cb6cc78ffe5ec8b6bd131f31dfc00463,c0304245997c7c7a2edbfa902a6ebdc5f932a1a850863db8381a8961f3f47d38
rubik_pair_bbf7e2abf6ba1da573578cd8,rubik_vis_vis_reference,images/rubik/rubik/0bed6c35ca8436c4365f207c.jpg,images/rubik/rubik/698a2c8321e62d12e24ab668.jpg,0bed6c35ca8436c4365f207c743b677a206e7173e1c0bc3f558da2feca222242,698a2c8321e62d12e24ab6681369746d7277fe012b6e48ae3df54cc8b151d53c
rubik_pair_bdc116173ec8000b51e645cd,rubik_vis_vis_reference,images/rubik/rubik/c5c6358a67cce48d4b7c1e9c.jpg,images/rubik/rubik/d260cb32c6c64e382e04283e.jpg,c5c6358a67cce48d4b7c1e9cf69df7495dac84c4b1fd37fef2aac9ff3d20761d,d260cb32c6c64e382e04283ed4d6a93881d893ed56a7eb8a2cd75d19de54d330
rubik_pair_be451c6d826417c2025e2852,rubik_vis_vis_reference,images/rubik/rubik/d8e397db08ed92b68710853e.jpg,images/rubik/rubik/0dfbbce9282a8ac43022b6af.jpg,d8e397db08ed92b68710853e6e3084ebd4da5f8deda5d7308fb0ff1102e2a219,0dfbbce9282a8ac43022b6afcc5840681383d1f4d75c68e7f45b0c1ad287ec5b
rubik_pair_c2741898e4a727a9783b3770,rubik_vis_vis_reference,images/rubik/rubik/4d407185d0e2abe73457b75b.jpg,images/rubik/rubik/2a5da684a651f1ec489d0982.jpg,4d407185d0e2abe73457b75b6d3485293300787be84091dfba491d51d443749f,2a5da684a651f1ec489d0982a2e3f97ef48a3960231b7ae984176c0e1fd0e033
rubik_pair_c757f066510fc6ad374f4e66,rubik_vis_vis_reference,images/rubik/rubik/9d4da942a42111eb9ec038be.jpg,images/rubik/rubik/6224b5909c3a33b4ef8e4b31.jpg,9d4da942a42111eb9ec038be392db8a63b7a4b14a280ab22dbab948fe6715ce8,6224b5909c3a33b4ef8e4b3138b258eafff6b9a7dce24ed2f55b8a74f84b047b
rubik_pair_c8e87cc6f4331b3e50061b84,rubik_vis_vis_reference,images/rubik/rubik/0aa975a80c061c2980a83f5d.jpg,images/rubik/rubik/c8b1c6aa577f2f8b8ac69fe6.jpg,0aa975a80c061c2980a83f5d51e62515407839f9344c4c044aeeb05f7af7e094,c8b1c6aa577f2f8b8ac69fe61e629a9bf88fbc9c5fcf996faff8617dbfbad0a3
rubik_pair_ca5998d889d9e8ac32087ace,rubik_vis_vis_reference,images/rubik/rubik/e72f15f718ed6a65b1ca4a08.jpg,images/rubik/rubik/6f931c5df4e869a6d0629c5a.jpg,e72f15f718ed6a65b1ca4a08b77548da5e7ca19e1ad8274b55dee4156265b8a2,6f931c5df4e869a6d0629c5a597144046faec86448031658ff0c8c7cd8f116f3
rubik_pair_cb83a6d994c6eb4560bc1881,rubik_vis_vis_reference,images/rubik/rubik/5ec7c9bb3dbc8c6d50328710.jpg,images/rubik/rubik/0c2d4d70cbee50da60f57bb2.jpg,5ec7c9bb3dbc8c6d5032871091f4a98fbc0a523adf945a757615454d16f4bb7a,0c2d4d70cbee50da60f57bb25f939eac3c7b5219c4ac2180239ebce098205c21
rubik_pair_cc8aa30efae6d4b6d4252c87,rubik_vis_vis_reference,images/rubik/rubik/aa441c55dd8d2791cdeff53c.jpg,images/rubik/rubik/ac6868b7218fffe45358eea2.jpg,aa441c55dd8d2791cdeff53cd759197188eb79b0845313d78bfc32461f8dba6b,ac6868b7218fffe45358eea2c7f3c707bf65c85c3b7d416fe03ebf6b4f4fed76
rubik_pair_d08cf340b16deafab0289667,rubik_vis_vis_reference,images/rubik/rubik/d8de02421138350c466cb62c.jpg,images/rubik/rubik/6d9f7e959f1f2a0916d45ad5.jpg,d8de02421138350c466cb62c78b1548c68cfdbbf5042ebbd83d3606ba074241a,6d9f7e959f1f2a0916d45ad554c11535b2864fea83deaf484f73408c69006c73
rubik_pair_d2236f26e8d75713396b6e15,rubik_vis_vis_reference,images/rubik/rubik/ca5a53dd6d9ffecfb94939f8.jpg,images/rubik/rubik/8daa26b2257cae1a773cef67.jpg,ca5a53dd6d9ffecfb94939f8d8c9e2b63ba068a9fb540c2d2d630b9a48d0cc18,8daa26b2257cae1a773cef679e008116aef57ddcfb5c7bff063fca31b599e3cc
rubik_pair_dc179f35b7d00aba03c884f2,rubik_vis_vis_reference,images/rubik/rubik/ec2ab74967e24752bd409c09.jpg,images/rubik/rubik/740ea3909dc1f4dd4ff2baf0.jpg,ec2ab74967e24752bd409c097074911eeef8f7d2ed4ea6508bef53802ff47acd,740ea3909dc1f4dd4ff2baf0bbd1c4b89165a31f8f705ac52e69296da2885749
rubik_pair_dc8046086feb18b355dbc8be,rubik_vis_vis_reference,images/rubik/rubik/f283d807a91f14dd6c72b92c.jpg,images/rubik/rubik/419bfafe8ef5c8d085c95091.jpg,f283d807a91f14dd6c72b92ce9c78cb209580b4b31ae1c928a7e92ce9fd41b4f,419bfafe8ef5c8d085c950910c550384912686831ec227322f8a18a026472064
rubik_pair_e36fcd11468e5ab1c333ea44,rubik_vis_vis_reference,images/rubik/rubik/cbf65d0caa7f7b304d665d89.jpg,images/rubik/rubik/a0e275f7aafd4139a4e38e2e.jpg,cbf65d0caa7f7b304d665d891b761f2a8e67ebb4ae9267da30e1453f8bf0bdd5,a0e275f7aafd4139a4e38e2e48679940ef19158ab72a5ebb4e01924d05f3b950
rubik_pair_e3f613703e2458b52ccfa915,rubik_vis_vis_reference,images/rubik/rubik/7f33455d91561e4ddffb1e0f.jpg,images/rubik/rubik/6f4017229f7060d67cca6bd5.jpg,7f33455d91561e4ddffb1e0fed69b1ab513d16001bfd0c394b7e524b09d748f2,6f4017229f7060d67cca6bd5c61fdb46292d97e72e38412f118661a96da06b8b
rubik_pair_e699f04ecf2137b9e2f120d6,rubik_vis_vis_reference,images/rubik/rubik/e40f2372f54920314635bc19.jpg,images/rubik/rubik/fa1c0a62bbf37049f6cc3bbf.jpg,e40f2372f54920314635bc198bb64506aa1eac66a72e7724637ebbc2fea887c8,fa1c0a62bbf37049f6cc3bbfc7281027f63fcb5ff6fe5c5d36288211f13b4efa
rubik_pair_ef6631df562c7ad95fc100eb,rubik_vis_vis_reference,images/rubik/rubik/f711aa3a32ce8c3ee57585b6.jpg,images/rubik/rubik/2cad5451ef90744f9f67f740.jpg,f711aa3a32ce8c3ee57585b6531809cd99790220e69f53ecc39ab0494f7195a3,2cad5451ef90744f9f67f740adb59d5c9790aa9f4069b0e53cc05268cbf467c9
rubik_pair_ef8b13f2670889027385bafa,rubik_vis_vis_reference,images/rubik/rubik/03e58a78163b3ee9d4f19433.jpg,images/rubik/rubik/7183fe064b5e0650aa94e227.jpg,03e58a78163b3ee9d4f1943302db3279c86d6869f8081906a8464a648138fb99,7183fe064b5e0650aa94e22796f2d2a06957b2643c171e79b1a30fc99b4ab3b6
rubik_pair_f113259fa77c24108e8f69ba,rubik_vis_vis_reference,images/rubik/rubik/014dabd8b68c035ba1887e4e.jpg,images/rubik/rubik/8065bb594f9ef795106caaa7.jpg,014dabd8b68c035ba1887e4e9ee344a8ce85245ab1c04f31927c166da95236a0,8065bb594f9ef795106caaa73f820f53582153050e820a208b61bbbfb854a420
rubik_pair_f7cfef9d2ac7fa8e7f61eb66,rubik_vis_vis_reference,images/rubik/rubik/43ec8115cefb1b8198699506.jpg,images/rubik/rubik/05e852184acaa38be0cd704c.jpg,43ec8115cefb1b819869950693b0fc67ce46fb39d933ae08c2d831265132f6da,05e852184acaa38be0cd704cb17aab9f53ce5f5de98512092366aa5ce9c2bc35
rubik_pair_fb1ab4a8a1db4ada50cf14c6,rubik_vis_vis_reference,images/rubik/rubik/ce1927acce985ebe5a4d2ef3.jpg,images/rubik/rubik/c29c3ca42da020646de092d7.jpg,ce1927acce985ebe5a4d2ef3d29bae01315b03e5bb118e85fedadf2b74479af1,c29c3ca42da020646de092d725ba96902fdc14153c4627c87dd5ba9a11e81064
rubik_pair_fe2c00404ae681893436bfae,rubik_vis_vis_reference,images/rubik/rubik/80009ea1214ad23127627e94.jpg,images/rubik/rubik/9f78f80d75d380d06a994e99.jpg,80009ea1214ad23127627e9496641866e0d434b44ad6ec52e330a185680b1e47,9f78f80d75d380d06a994e99c6849c6e018783275080f471d40d513023fc70f2
