task_id,method_id,resolution,precision_class,platform,clean_runtime_ms_median,peak_process_gpu_memory_mib_median,power_energy_per_match_j_median,clean_runtime_status,memory_status,power_status,oom_status,power_scope,clean_runtime_valid_pair_count,memory_valid_pair_count,power_valid_pair_count
rubik_vis_vis_reference,dkm,128,fp32,orin,,,,OOM,OOM,OOM,confirmed,combined_cpu_gpu_cv_not_gpu_only_non_comparable,0,0,0
rubik_vis_vis_reference,dkm,128,mp,orin,,,,OOM,OOM,OOM,confirmed,combined_cpu_gpu_cv_not_gpu_only_non_comparable,0,0,0
rubik_vis_vis_reference,dkm,256,fp32,orin,,,,OOM,OOM,OOM,confirmed,combined_cpu_gpu_cv_not_gpu_only_non_comparable,0,0,0
rubik_vis_vis_reference,dkm,256,mp,orin,,,,OOM,OOM,OOM,confirmed,combined_cpu_gpu_cv_not_gpu_only_non_comparable,0,0,0
rubik_vis_vis_reference,dkm,512,fp32,orin,,,,OOM,OOM,OOM,confirmed,combined_cpu_gpu_cv_not_gpu_only_non_comparable,0,0,0
rubik_vis_vis_reference,dkm,512,mp,orin,,,,OOM,OOM,OOM,confirmed,combined_cpu_gpu_cv_not_gpu_only_non_comparable,0,0,0
rubik_vis_vis_reference,dkm,1024,fp32,orin,,,,OOM,OOM,OOM,confirmed,combined_cpu_gpu_cv_not_gpu_only_non_comparable,0,0,0
rubik_vis_vis_reference,dkm,1024,mp,orin,,,,OOM,OOM,OOM,confirmed,combined_cpu_gpu_cv_not_gpu_only_non_comparable,0,0,0
rubik_vis_vis_reference,efficientloftr,128,fp16,orin,111.1972155,422.0347318649292,0.2616276324492075,valid,valid,valid,none,combined_cpu_gpu_cv_not_gpu_only_non_comparable,4,4,4
rubik_vis_vis_reference,efficientloftr,128,fp32,orin,100.2910805,712.6737337112427,0.3366154618650566,valid,valid,valid,none,combined_cpu_gpu_cv_not_gpu_only_non_comparable,4,4,4
rubik_vis_vis_reference,efficientloftr,128,mp,orin,122.0281055,710.0338106155396,0.302584911923234,valid,valid,valid,none,combined_cpu_gpu_cv_not_gpu_only_non_comparable,4,4,4
rubik_vis_vis_reference,efficientloftr,256,fp16,orin,115.8330015,678.0347623825073,0.4906412017064218,valid,valid,valid,none,combined_cpu_gpu_cv_not_gpu_only_non_comparable,4,4,4
rubik_vis_vis_reference,efficientloftr,256,fp32,orin,121.992002,988.6737337112428,0.7757695333341277,valid,valid,valid,none,combined_cpu_gpu_cv_not_gpu_only_non_comparable,4,4,4
rubik_vis_vis_reference,efficientloftr,256,mp,orin,130.9508015,972.0338411331176,0.5403521640306534,valid,valid,valid,none,combined_cpu_gpu_cv_not_gpu_only_non_comparable,4,4,4
rubik_vis_vis_reference,efficientloftr,512,fp16,orin,199.797754,1700.034762382507,1.3766458994373885,valid,valid,valid,none,combined_cpu_gpu_cv_not_gpu_only_non_comparable,4,4,4
rubik_vis_vis_reference,efficientloftr,512,fp32,orin,277.1650065,2162.033749580384,2.4949414777454546,valid,valid,valid,none,combined_cpu_gpu_cv_not_gpu_only_non_comparable,4,4,4
rubik_vis_vis_reference,efficientloftr,512,mp,orin,218.028292,2068.03381061554,1.4589959009954645,valid,valid,valid,none,combined_cpu_gpu_cv_not_gpu_only_non_comparable,4,4,4
rubik_vis_vis_reference,efficientloftr,1024,fp16,orin,781.2384225,4396.034762382507,5.563602047496,valid,valid,valid,none,combined_cpu_gpu_cv_not_gpu_only_non_comparable,4,4,4
rubik_vis_vis_reference,efficientloftr,1024,fp32,orin,,,,OOM,OOM,OOM,confirmed,combined_cpu_gpu_cv_not_gpu_only_non_comparable,0,0,0
rubik_vis_vis_reference,efficientloftr,1024,mp,orin,,,,OOM,OOM,OOM,confirmed,combined_cpu_gpu_cv_not_gpu_only_non_comparable,0,0,0
rubik_vis_vis_reference,loftr,128,fp16,orin,70.54999649999999,184.03806018829343,0.226126422071518,valid,valid,valid,none,combined_cpu_gpu_cv_not_gpu_only_non_comparable,4,4,4
rubik_vis_vis_reference,loftr,128,fp32,orin,67.529072,244.67697048187256,0.3938158611714857,valid,valid,valid,none,combined_cpu_gpu_cv_not_gpu_only_non_comparable,4,4,4
rubik_vis_vis_reference,loftr,128,mp,orin,83.73995099999999,226.03710842132568,0.2645573047737313,valid,valid,valid,none,combined_cpu_gpu_cv_not_gpu_only_non_comparable,4,4,4
rubik_vis_vis_reference,loftr,256,fp16,orin,72.477816,418.0380601882935,0.4341961493953344,valid,valid,valid,none,combined_cpu_gpu_cv_not_gpu_only_non_comparable,4,4,4
rubik_vis_vis_reference,loftr,256,fp32,orin,103.8649995,428.6769399642944,0.96461591408,valid,valid,valid,none,combined_cpu_gpu_cv_not_gpu_only_non_comparable,4,4,4
rubik_vis_vis_reference,loftr,256,mp,orin,83.77345700000001,474.0371084213257,0.4960913488501006,valid,valid,valid,none,combined_cpu_gpu_cv_not_gpu_only_non_comparable,4,4,4
rubik_vis_vis_reference,loftr,512,fp16,orin,153.8706895,1432.0380601882937,1.3252840371692307,valid,valid,valid,none,combined_cpu_gpu_cv_not_gpu_only_non_comparable,4,4,4
rubik_vis_vis_reference,loftr,512,fp32,orin,360.0556495,1384.0369863510132,3.5273146493035554,valid,valid,valid,none,combined_cpu_gpu_cv_not_gpu_only_non_comparable,4,4,4
rubik_vis_vis_reference,loftr,512,mp,orin,171.2485165,1414.0371084213257,1.4625421285431366,valid,valid,valid,none,combined_cpu_gpu_cv_not_gpu_only_non_comparable,4,4,4
rubik_vis_vis_reference,loftr,1024,fp16,orin,652.3480145000001,4654.0380601882935,5.341568965568,valid,valid,valid,none,combined_cpu_gpu_cv_not_gpu_only_non_comparable,4,4,4
rubik_vis_vis_reference,loftr,1024,fp32,orin,1468.327565,4286.037016868591,13.8337452967808,valid,valid,valid,none,combined_cpu_gpu_cv_not_gpu_only_non_comparable,4,4,4
rubik_vis_vis_reference,loftr,1024,mp,orin,709.404818,3730.0371084213257,5.938501745408,valid,valid,valid,none,combined_cpu_gpu_cv_not_gpu_only_non_comparable,4,4,4
rubik_vis_vis_reference,mast3r,128,fp32,orin,203.2964295,2836.163827896118,1.9452203526762668,valid,valid,valid,none,combined_cpu_gpu_cv_not_gpu_only_non_comparable,4,4,4
rubik_vis_vis_reference,mast3r,128,mp,orin,218.99291,2836.1638584136963,1.2976792731282965,valid,valid,valid,none,combined_cpu_gpu_cv_not_gpu_only_non_comparable,4,4,4
rubik_vis_vis_reference,mast3r,256,fp32,orin,500.5073215,3418.16379737854,5.383037662789333,valid,valid,valid,none,combined_cpu_gpu_cv_not_gpu_only_non_comparable,4,4,4
rubik_vis_vis_reference,mast3r,256,mp,orin,366.7834995,3444.1638584136963,2.8607964513960003,valid,valid,valid,none,combined_cpu_gpu_cv_not_gpu_only_non_comparable,4,4,4
rubik_vis_vis_reference,mast3r,512,fp32,orin,2388.727675,4198.196764945984,22.9889464482432,valid,valid,valid,none,combined_cpu_gpu_cv_not_gpu_only_non_comparable,4,4,4
rubik_vis_vis_reference,mast3r,512,mp,orin,1628.5380435000002,3838.19682598114,12.046275888768,valid,valid,valid,none,combined_cpu_gpu_cv_not_gpu_only_non_comparable,4,4,4
rubik_vis_vis_reference,mast3r,1024,fp32,orin,,,,OOM,OOM,OOM,confirmed,combined_cpu_gpu_cv_not_gpu_only_non_comparable,0,0,0
rubik_vis_vis_reference,mast3r,1024,mp,orin,,,,OOM,OOM,OOM,confirmed,combined_cpu_gpu_cv_not_gpu_only_non_comparable,0,0,0
rubik_vis_vis_reference,matchanything-eloftr,128,fp16,orin,124.8627805,424.0347623825073,0.289039085008,valid,valid,valid,none,combined_cpu_gpu_cv_not_gpu_only_non_comparable,4,4,4
rubik_vis_vis_reference,matchanything-eloftr,128,fp32,orin,110.072886,714.6737337112427,0.3679693916251428,valid,valid,valid,none,combined_cpu_gpu_cv_not_gpu_only_non_comparable,4,4,4
rubik_vis_vis_reference,matchanything-eloftr,128,mp,orin,135.87667499999998,714.0338411331177,0.3236097708324202,valid,valid,valid,none,combined_cpu_gpu_cv_not_gpu_only_non_comparable,4,4,4
rubik_vis_vis_reference,matchanything-eloftr,256,fp16,orin,129.2632955,688.0347623825073,0.5237585249294223,valid,valid,valid,none,combined_cpu_gpu_cv_not_gpu_only_non_comparable,4,4,4
rubik_vis_vis_reference,matchanything-eloftr,256,fp32,orin,135.674788,992.6737337112428,0.8419725921845581,valid,valid,valid,none,combined_cpu_gpu_cv_not_gpu_only_non_comparable,4,4,4
rubik_vis_vis_reference,matchanything-eloftr,256,mp,orin,143.823234,970.0338411331176,0.5852567374523077,valid,valid,valid,none,combined_cpu_gpu_cv_not_gpu_only_non_comparable,4,4,4
rubik_vis_vis_reference,matchanything-eloftr,512,fp16,orin,206.967425,1702.034762382507,1.4423364898261162,valid,valid,valid,none,combined_cpu_gpu_cv_not_gpu_only_non_comparable,4,4,4
rubik_vis_vis_reference,matchanything-eloftr,512,fp32,orin,310.313424,2180.033749580384,2.7373833691488,valid,valid,valid,none,combined_cpu_gpu_cv_not_gpu_only_non_comparable,4,4,4
rubik_vis_vis_reference,matchanything-eloftr,512,mp,orin,226.263437,2074.03381061554,1.5440271079852308,valid,valid,valid,none,combined_cpu_gpu_cv_not_gpu_only_non_comparable,4,4,4
rubik_vis_vis_reference,matchanything-eloftr,1024,fp16,orin,814.1498305,4438.034762382507,5.816259201224,valid,valid,valid,none,combined_cpu_gpu_cv_not_gpu_only_non_comparable,4,4,4
rubik_vis_vis_reference,matchanything-eloftr,1024,fp32,orin,,,,OOM,OOM,OOM,confirmed,combined_cpu_gpu_cv_not_gpu_only_non_comparable,0,0,0
rubik_vis_vis_reference,matchanything-eloftr,1024,mp,orin,,,,OOM,OOM,OOM,confirmed,combined_cpu_gpu_cv_not_gpu_only_non_comparable,0,0,0
rubik_vis_vis_reference,orb-cuda,128,native,orin,3.018108,0.6964759826660156,0.0035366342367838,valid,valid,valid,none,combined_cpu_gpu_cv_not_gpu_only_non_comparable,4,4,4
rubik_vis_vis_reference,orb-cuda,256,native,orin,10.878907,2.9518585205078125,0.0142468609072748,valid,valid,valid,none,combined_cpu_gpu_cv_not_gpu_only_non_comparable,4,4,4
rubik_vis_vis_reference,orb-cuda,512,native,orin,21.999357,3.3900222778320312,0.0295359339970975,valid,valid,valid,none,combined_cpu_gpu_cv_not_gpu_only_non_comparable,4,4,4
rubik_vis_vis_reference,orb-cuda,1024,native,orin,40.051474,11.07693862915039,0.0474823554643426,valid,valid,valid,none,combined_cpu_gpu_cv_not_gpu_only_non_comparable,4,4,4
rubik_vis_vis_reference,sift-gpu,128,native,orin,18.659543,9.917993545532228,0.0399782182440747,valid,valid,valid,none,combined_cpu_gpu_cv_not_gpu_only_non_comparable,4,4,4
rubik_vis_vis_reference,sift-gpu,256,native,orin,43.7561945,41.04830360412598,0.1038534428254848,valid,valid,valid,none,combined_cpu_gpu_cv_not_gpu_only_non_comparable,4,4,4
rubik_vis_vis_reference,sift-gpu,512,native,orin,111.5685795,158.97384071350098,0.3035783172250169,valid,valid,valid,none,combined_cpu_gpu_cv_not_gpu_only_non_comparable,4,4,4
rubik_vis_vis_reference,sift-gpu,1024,native,orin,334.065945,651.72825050354,1.2469170203282407,valid,valid,valid,none,combined_cpu_gpu_cv_not_gpu_only_non_comparable,4,4,4
rubik_vis_vis_reference,superpoint-lightglue,128,fp16,orin,52.172952,78.37960433959961,0.1139901201707065,valid,valid,valid,none,combined_cpu_gpu_cv_not_gpu_only_non_comparable,4,4,4
rubik_vis_vis_reference,superpoint-lightglue,128,fp32,orin,51.0254935,80.37954330444336,0.160342455374934,valid,valid,valid,none,combined_cpu_gpu_cv_not_gpu_only_non_comparable,4,4,4
rubik_vis_vis_reference,superpoint-lightglue,128,mp,orin,55.2734795,80.37954330444336,0.1546742990295018,valid,valid,valid,none,combined_cpu_gpu_cv_not_gpu_only_non_comparable,4,4,4
rubik_vis_vis_reference,superpoint-lightglue,256,fp16,orin,51.409057,98.37969589233398,0.163781821940886,valid,valid,valid,none,combined_cpu_gpu_cv_not_gpu_only_non_comparable,4,4,4
rubik_vis_vis_reference,superpoint-lightglue,256,fp32,orin,48.711695500000005,120.37954330444336,0.2959358362255867,valid,valid,valid,none,combined_cpu_gpu_cv_not_gpu_only_non_comparable,4,4,4
rubik_vis_vis_reference,superpoint-lightglue,256,mp,orin,44.5625285,108.37954330444336,0.213464914558666,valid,valid,valid,none,combined_cpu_gpu_cv_not_gpu_only_non_comparable,4,4,4
rubik_vis_vis_reference,superpoint-lightglue,512,fp16,orin,77.0980505,204.379695892334,0.4487651775121634,valid,valid,valid,none,combined_cpu_gpu_cv_not_gpu_only_non_comparable,4,4,4
rubik_vis_vis_reference,superpoint-lightglue,512,fp32,orin,113.302484,252.37954330444336,0.95955345896832,valid,valid,valid,none,combined_cpu_gpu_cv_not_gpu_only_non_comparable,4,4,4
rubik_vis_vis_reference,superpoint-lightglue,512,mp,orin,86.683031,218.37957382202148,0.7373791825343947,valid,valid,valid,none,combined_cpu_gpu_cv_not_gpu_only_non_comparable,4,4,4
rubik_vis_vis_reference,superpoint-lightglue,1024,fp16,orin,212.182803,624.379695892334,1.6195926007754542,valid,valid,valid,none,combined_cpu_gpu_cv_not_gpu_only_non_comparable,4,4,4
rubik_vis_vis_reference,superpoint-lightglue,1024,fp32,orin,365.4876925,750.3795433044434,3.548782700881965,valid,valid,valid,none,combined_cpu_gpu_cv_not_gpu_only_non_comparable,4,4,4
rubik_vis_vis_reference,superpoint-lightglue,1024,mp,orin,288.5157585,650.3795738220215,2.6968573281635555,valid,valid,valid,none,combined_cpu_gpu_cv_not_gpu_only_non_comparable,4,4,4
rubik_vis_vis_reference,superpoint-superglue,128,fp16,orin,80.6267605,78.19430255889893,0.1659506336306162,valid,valid,valid,none,combined_cpu_gpu_cv_not_gpu_only_non_comparable,4,4,4
rubik_vis_vis_reference,superpoint-superglue,128,fp32,orin,72.2713365,80.19325923919678,0.2149469575314072,valid,valid,valid,none,combined_cpu_gpu_cv_not_gpu_only_non_comparable,4,4,4
rubik_vis_vis_reference,superpoint-superglue,128,mp,orin,99.3712185,80.19335079193115,0.2148783337114296,valid,valid,valid,none,combined_cpu_gpu_cv_not_gpu_only_non_comparable,4,4,4
rubik_vis_vis_reference,superpoint-superglue,256,fp16,orin,83.5832675,98.1943941116333,0.2451821275952675,valid,valid,valid,none,combined_cpu_gpu_cv_not_gpu_only_non_comparable,4,4,4
rubik_vis_vis_reference,superpoint-superglue,256,fp32,orin,78.7501915,116.1932897567749,0.3892528826191606,valid,valid,valid,none,combined_cpu_gpu_cv_not_gpu_only_non_comparable,4,4,4
rubik_vis_vis_reference,superpoint-superglue,256,mp,orin,100.5665845,102.1934118270874,0.2886364231249323,valid,valid,valid,none,combined_cpu_gpu_cv_not_gpu_only_non_comparable,4,4,4
rubik_vis_vis_reference,superpoint-superglue,512,fp16,orin,98.736291,204.1943635940552,0.525776596311004,valid,valid,valid,none,combined_cpu_gpu_cv_not_gpu_only_non_comparable,4,4,4
rubik_vis_vis_reference,superpoint-superglue,512,fp32,orin,127.4303325,250.1932897567749,1.0229427426793274,valid,valid,valid,none,combined_cpu_gpu_cv_not_gpu_only_non_comparable,4,4,4
rubik_vis_vis_reference,superpoint-superglue,512,mp,orin,116.0783075,212.1934118270874,0.6156980545852789,valid,valid,valid,none,combined_cpu_gpu_cv_not_gpu_only_non_comparable,4,4,4
rubik_vis_vis_reference,superpoint-superglue,1024,fp16,orin,232.13838,614.1943635940552,1.887404789461698,valid,valid,valid,none,combined_cpu_gpu_cv_not_gpu_only_non_comparable,4,4,4
rubik_vis_vis_reference,superpoint-superglue,1024,fp32,orin,414.7520115,726.1932592391968,3.944550805888,valid,valid,valid,none,combined_cpu_gpu_cv_not_gpu_only_non_comparable,4,4,4
rubik_vis_vis_reference,superpoint-superglue,1024,mp,orin,343.05293,634.1934118270874,2.4152888997664004,valid,valid,valid,none,combined_cpu_gpu_cv_not_gpu_only_non_comparable,4,4,4
sthereo_day_night_thermal_thermal,dkm,128,fp32,orin,,,,OOM,OOM,OOM,confirmed,combined_cpu_gpu_cv_not_gpu_only_non_comparable,0,0,0
sthereo_day_night_thermal_thermal,dkm,128,mp,orin,,,,OOM,OOM,OOM,confirmed,combined_cpu_gpu_cv_not_gpu_only_non_comparable,0,0,0
sthereo_day_night_thermal_thermal,dkm,256,fp32,orin,,,,OOM,OOM,OOM,confirmed,combined_cpu_gpu_cv_not_gpu_only_non_comparable,0,0,0
sthereo_day_night_thermal_thermal,dkm,256,mp,orin,,,,OOM,OOM,OOM,confirmed,combined_cpu_gpu_cv_not_gpu_only_non_comparable,0,0,0
sthereo_day_night_thermal_thermal,dkm,512,fp32,orin,,,,OOM,OOM,OOM,confirmed,combined_cpu_gpu_cv_not_gpu_only_non_comparable,0,0,0
sthereo_day_night_thermal_thermal,dkm,512,mp,orin,,,,OOM,OOM,OOM,confirmed,combined_cpu_gpu_cv_not_gpu_only_non_comparable,0,0,0
sthereo_day_night_thermal_thermal,dkm,1024,fp32,orin,,,,OOM,OOM,OOM,confirmed,combined_cpu_gpu_cv_not_gpu_only_non_comparable,0,0,0
sthereo_day_night_thermal_thermal,dkm,1024,mp,orin,,,,OOM,OOM,OOM,confirmed,combined_cpu_gpu_cv_not_gpu_only_non_comparable,0,0,0
sthereo_day_night_thermal_thermal,efficientloftr,128,fp16,orin,110.2108725,422.0347318649292,0.2965374176028563,valid,valid,valid,none,combined_cpu_gpu_cv_not_gpu_only_non_comparable,4,4,4
sthereo_day_night_thermal_thermal,efficientloftr,128,fp32,orin,104.0649075,712.6737337112427,0.4191884683827692,valid,valid,valid,none,combined_cpu_gpu_cv_not_gpu_only_non_comparable,4,4,4
sthereo_day_night_thermal_thermal,efficientloftr,128,mp,orin,125.2694335,710.0338106155396,0.3420800306818723,valid,valid,valid,none,combined_cpu_gpu_cv_not_gpu_only_non_comparable,4,4,4
sthereo_day_night_thermal_thermal,efficientloftr,256,fp16,orin,128.052622,678.0347623825073,0.6085587812596364,valid,valid,valid,none,combined_cpu_gpu_cv_not_gpu_only_non_comparable,4,4,4
sthereo_day_night_thermal_thermal,efficientloftr,256,fp32,orin,141.4563765,988.6737337112428,1.033656261304195,valid,valid,valid,none,combined_cpu_gpu_cv_not_gpu_only_non_comparable,4,4,4
sthereo_day_night_thermal_thermal,efficientloftr,256,mp,orin,145.399497,972.0338411331176,0.6698358633796924,valid,valid,valid,none,combined_cpu_gpu_cv_not_gpu_only_non_comparable,4,4,4
sthereo_day_night_thermal_thermal,efficientloftr,512,fp16,orin,249.6711075,1700.034762382507,1.7189347383466664,valid,valid,valid,none,combined_cpu_gpu_cv_not_gpu_only_non_comparable,4,4,4
sthereo_day_night_thermal_thermal,efficientloftr,512,fp32,orin,360.9101515,2162.033749580384,3.2330087971463533,valid,valid,valid,none,combined_cpu_gpu_cv_not_gpu_only_non_comparable,4,4,4
sthereo_day_night_thermal_thermal,efficientloftr,512,mp,orin,272.92453850000004,2068.03381061554,1.849565192101818,valid,valid,valid,none,combined_cpu_gpu_cv_not_gpu_only_non_comparable,4,4,4
sthereo_day_night_thermal_thermal,efficientloftr,1024,fp16,orin,1134.150902,4396.034762382507,8.046540242026666,valid,valid,valid,none,combined_cpu_gpu_cv_not_gpu_only_non_comparable,4,4,4
sthereo_day_night_thermal_thermal,efficientloftr,1024,fp32,orin,,,,OOM,OOM,OOM,confirmed,combined_cpu_gpu_cv_not_gpu_only_non_comparable,0,0,0
sthereo_day_night_thermal_thermal,efficientloftr,1024,mp,orin,,,,OOM,OOM,OOM,confirmed,combined_cpu_gpu_cv_not_gpu_only_non_comparable,0,0,0
sthereo_day_night_thermal_thermal,loftr,128,fp16,orin,70.662496,184.03806018829343,0.2496321144109268,valid,valid,valid,none,combined_cpu_gpu_cv_not_gpu_only_non_comparable,4,4,4
sthereo_day_night_thermal_thermal,loftr,128,fp32,orin,68.61462449999999,244.67697048187256,0.4461944153359058,valid,valid,valid,none,combined_cpu_gpu_cv_not_gpu_only_non_comparable,4,4,4
sthereo_day_night_thermal_thermal,loftr,128,mp,orin,84.1418195,226.03710842132568,0.2927904910475294,valid,valid,valid,none,combined_cpu_gpu_cv_not_gpu_only_non_comparable,4,4,4
sthereo_day_night_thermal_thermal,loftr,256,fp16,orin,75.43128250000001,418.0380601882935,0.5259899653554857,valid,valid,valid,none,combined_cpu_gpu_cv_not_gpu_only_non_comparable,4,4,4
sthereo_day_night_thermal_thermal,loftr,256,fp32,orin,138.8489805,428.6769399642944,1.3108296431553488,valid,valid,valid,none,combined_cpu_gpu_cv_not_gpu_only_non_comparable,4,4,4
sthereo_day_night_thermal_thermal,loftr,256,mp,orin,84.9926465,474.0371084213257,0.577784625627962,valid,valid,valid,none,combined_cpu_gpu_cv_not_gpu_only_non_comparable,4,4,4
sthereo_day_night_thermal_thermal,loftr,512,fp16,orin,211.7644925,1432.0380601882937,1.8112986584457145,valid,valid,valid,none,combined_cpu_gpu_cv_not_gpu_only_non_comparable,4,4,4
sthereo_day_night_thermal_thermal,loftr,512,fp32,orin,491.4953165,1384.0369863510132,4.784180884194461,valid,valid,valid,none,combined_cpu_gpu_cv_not_gpu_only_non_comparable,4,4,4
sthereo_day_night_thermal_thermal,loftr,512,mp,orin,231.0778985,1414.0371084213257,2.0093588101636923,valid,valid,valid,none,combined_cpu_gpu_cv_not_gpu_only_non_comparable,4,4,4
sthereo_day_night_thermal_thermal,loftr,1024,fp16,orin,947.280063,4654.0380601882935,7.723170780580571,valid,valid,valid,none,combined_cpu_gpu_cv_not_gpu_only_non_comparable,4,4,4
sthereo_day_night_thermal_thermal,loftr,1024,fp32,orin,2108.647452,4286.037016868591,19.846031226368,valid,valid,valid,none,combined_cpu_gpu_cv_not_gpu_only_non_comparable,4,4,4
sthereo_day_night_thermal_thermal,loftr,1024,mp,orin,1033.507243,3730.0371084213257,8.588278973642666,valid,valid,valid,none,combined_cpu_gpu_cv_not_gpu_only_non_comparable,4,4,4
sthereo_day_night_thermal_thermal,mast3r,128,fp32,orin,222.5690785,2836.163827896118,2.1334285131151747,valid,valid,valid,none,combined_cpu_gpu_cv_not_gpu_only_non_comparable,4,4,4
sthereo_day_night_thermal_thermal,mast3r,128,mp,orin,234.6143225,2836.1638584136963,1.44263931012608,valid,valid,valid,none,combined_cpu_gpu_cv_not_gpu_only_non_comparable,4,4,4
sthereo_day_night_thermal_thermal,mast3r,256,fp32,orin,692.790353,3418.16379737854,7.406275057358222,valid,valid,valid,none,combined_cpu_gpu_cv_not_gpu_only_non_comparable,4,4,4
sthereo_day_night_thermal_thermal,mast3r,256,mp,orin,474.3039645,3444.1638584136963,3.849280094956308,valid,valid,valid,none,combined_cpu_gpu_cv_not_gpu_only_non_comparable,4,4,4
sthereo_day_night_thermal_thermal,mast3r,512,fp32,orin,3986.5152075,4198.196764945984,36.91108740884479,valid,valid,valid,none,combined_cpu_gpu_cv_not_gpu_only_non_comparable,4,4,4
sthereo_day_night_thermal_thermal,mast3r,512,mp,orin,2857.5327145,3838.19682598114,20.513373591232,valid,valid,valid,none,combined_cpu_gpu_cv_not_gpu_only_non_comparable,4,4,4
sthereo_day_night_thermal_thermal,mast3r,1024,fp32,orin,,,,OOM,OOM,OOM,confirmed,combined_cpu_gpu_cv_not_gpu_only_non_comparable,0,0,0
sthereo_day_night_thermal_thermal,mast3r,1024,mp,orin,,,,OOM,OOM,OOM,confirmed,combined_cpu_gpu_cv_not_gpu_only_non_comparable,0,0,0
sthereo_day_night_thermal_thermal,matchanything-eloftr,128,fp16,orin,122.3017645,424.0347623825073,0.3331269073215171,valid,valid,valid,none,combined_cpu_gpu_cv_not_gpu_only_non_comparable,4,4,4
sthereo_day_night_thermal_thermal,matchanything-eloftr,128,fp32,orin,112.6610545,714.6737337112427,0.4622868184133333,valid,valid,valid,none,combined_cpu_gpu_cv_not_gpu_only_non_comparable,4,4,4
sthereo_day_night_thermal_thermal,matchanything-eloftr,128,mp,orin,136.5744585,714.0338411331177,0.3719793862967611,valid,valid,valid,none,combined_cpu_gpu_cv_not_gpu_only_non_comparable,4,4,4
sthereo_day_night_thermal_thermal,matchanything-eloftr,256,fp16,orin,142.801027,688.0347623825073,0.6546187703076052,valid,valid,valid,none,combined_cpu_gpu_cv_not_gpu_only_non_comparable,4,4,4
sthereo_day_night_thermal_thermal,matchanything-eloftr,256,fp32,orin,152.821075,992.6737337112428,1.0924221730450732,valid,valid,valid,none,combined_cpu_gpu_cv_not_gpu_only_non_comparable,4,4,4
sthereo_day_night_thermal_thermal,matchanything-eloftr,256,mp,orin,159.3987315,970.0338411331176,0.7319018410702222,valid,valid,valid,none,combined_cpu_gpu_cv_not_gpu_only_non_comparable,4,4,4
sthereo_day_night_thermal_thermal,matchanything-eloftr,512,fp16,orin,259.92748900000004,1702.034762382507,1.8963572050967272,valid,valid,valid,none,combined_cpu_gpu_cv_not_gpu_only_non_comparable,4,4,4
sthereo_day_night_thermal_thermal,matchanything-eloftr,512,fp32,orin,417.135418,2180.033749580384,3.655810379383466,valid,valid,valid,none,combined_cpu_gpu_cv_not_gpu_only_non_comparable,4,4,4
sthereo_day_night_thermal_thermal,matchanything-eloftr,512,mp,orin,289.5988425,2074.03381061554,2.029292184205257,valid,valid,valid,none,combined_cpu_gpu_cv_not_gpu_only_non_comparable,4,4,4
sthereo_day_night_thermal_thermal,matchanything-eloftr,1024,fp16,orin,1195.7126225000002,4438.034762382507,8.4377226217856,valid,valid,valid,none,combined_cpu_gpu_cv_not_gpu_only_non_comparable,4,4,4
sthereo_day_night_thermal_thermal,matchanything-eloftr,1024,fp32,orin,,,,OOM,OOM,OOM,confirmed,combined_cpu_gpu_cv_not_gpu_only_non_comparable,0,0,0
sthereo_day_night_thermal_thermal,matchanything-eloftr,1024,mp,orin,,,,OOM,OOM,OOM,confirmed,combined_cpu_gpu_cv_not_gpu_only_non_comparable,0,0,0
sthereo_day_night_thermal_thermal,orb-cuda,128,native,orin,3.5690045,0.7543373107910156,0.0053149132644098,valid,valid,valid,none,combined_cpu_gpu_cv_not_gpu_only_non_comparable,4,4,4
sthereo_day_night_thermal_thermal,orb-cuda,256,native,orin,8.8492925,2.9748077392578125,0.0144948557861605,valid,valid,valid,none,combined_cpu_gpu_cv_not_gpu_only_non_comparable,4,4,4
sthereo_day_night_thermal_thermal,orb-cuda,512,native,orin,14.919446,3.669029235839844,0.0217961081908277,valid,valid,valid,none,combined_cpu_gpu_cv_not_gpu_only_non_comparable,4,4,4
sthereo_day_night_thermal_thermal,orb-cuda,1024,native,orin,24.411991,12.343391418457031,0.0355090751458078,valid,valid,valid,none,combined_cpu_gpu_cv_not_gpu_only_non_comparable,4,4,4
sthereo_day_night_thermal_thermal,sift-gpu,128,native,orin,20.050834,9.869409561157228,0.0383288597778357,valid,valid,valid,none,combined_cpu_gpu_cv_not_gpu_only_non_comparable,4,4,4
sthereo_day_night_thermal_thermal,sift-gpu,256,native,orin,32.2561495,40.83638954162598,0.0786904440274811,valid,valid,valid,none,combined_cpu_gpu_cv_not_gpu_only_non_comparable,4,4,4
sthereo_day_night_thermal_thermal,sift-gpu,512,native,orin,59.8947665,157.50387001037598,0.1874710677166431,valid,valid,valid,none,combined_cpu_gpu_cv_not_gpu_only_non_comparable,4,4,4
sthereo_day_night_thermal_thermal,sift-gpu,1024,native,orin,124.4181065,646.230936050415,0.4337196493815202,valid,valid,valid,none,combined_cpu_gpu_cv_not_gpu_only_non_comparable,4,4,4
sthereo_day_night_thermal_thermal,superpoint-lightglue,128,fp16,orin,53.206664,78.37960433959961,0.1213892556331851,valid,valid,valid,none,combined_cpu_gpu_cv_not_gpu_only_non_comparable,4,4,4
sthereo_day_night_thermal_thermal,superpoint-lightglue,128,fp32,orin,52.252891,80.37954330444336,0.1702006996633335,valid,valid,valid,none,combined_cpu_gpu_cv_not_gpu_only_non_comparable,4,4,4
sthereo_day_night_thermal_thermal,superpoint-lightglue,128,mp,orin,54.812169,80.37954330444336,0.1532564546327273,valid,valid,valid,none,combined_cpu_gpu_cv_not_gpu_only_non_comparable,4,4,4
sthereo_day_night_thermal_thermal,superpoint-lightglue,256,fp16,orin,59.4170465,98.37969589233398,0.2194248080816231,valid,valid,valid,none,combined_cpu_gpu_cv_not_gpu_only_non_comparable,4,4,4
sthereo_day_night_thermal_thermal,superpoint-lightglue,256,fp32,orin,63.313820500000006,120.37954330444336,0.3814555459728532,valid,valid,valid,none,combined_cpu_gpu_cv_not_gpu_only_non_comparable,4,4,4
sthereo_day_night_thermal_thermal,superpoint-lightglue,256,mp,orin,59.563322,108.37954330444336,0.3273462332793759,valid,valid,valid,none,combined_cpu_gpu_cv_not_gpu_only_non_comparable,4,4,4
sthereo_day_night_thermal_thermal,superpoint-lightglue,512,fp16,orin,82.909508,204.379695892334,0.51589389552018,valid,valid,valid,none,combined_cpu_gpu_cv_not_gpu_only_non_comparable,4,4,4
sthereo_day_night_thermal_thermal,superpoint-lightglue,512,fp32,orin,123.265572,252.37954330444336,1.0405338264573851,valid,valid,valid,none,combined_cpu_gpu_cv_not_gpu_only_non_comparable,4,4,4
sthereo_day_night_thermal_thermal,superpoint-lightglue,512,mp,orin,82.2383835,218.37957382202148,0.7179586843273624,valid,valid,valid,none,combined_cpu_gpu_cv_not_gpu_only_non_comparable,4,4,4
sthereo_day_night_thermal_thermal,superpoint-lightglue,1024,fp16,orin,221.6969495,624.379695892334,1.559871429060741,valid,valid,valid,none,combined_cpu_gpu_cv_not_gpu_only_non_comparable,4,4,4
sthereo_day_night_thermal_thermal,superpoint-lightglue,1024,fp32,orin,338.7187625,750.3795433044434,3.0461493814506664,valid,valid,valid,none,combined_cpu_gpu_cv_not_gpu_only_non_comparable,4,4,4
sthereo_day_night_thermal_thermal,superpoint-lightglue,1024,mp,orin,225.778305,650.3795738220215,1.85181967193126,valid,valid,valid,none,combined_cpu_gpu_cv_not_gpu_only_non_comparable,4,4,4
sthereo_day_night_thermal_thermal,superpoint-superglue,128,fp16,orin,78.8020325,78.19430255889893,0.1699557339867329,valid,valid,valid,none,combined_cpu_gpu_cv_not_gpu_only_non_comparable,4,4,4
sthereo_day_night_thermal_thermal,superpoint-superglue,128,fp32,orin,73.65502649999999,80.19325923919678,0.2260297411109317,valid,valid,valid,none,combined_cpu_gpu_cv_not_gpu_only_non_comparable,4,4,4
sthereo_day_night_thermal_thermal,superpoint-superglue,128,mp,orin,97.976408,80.19335079193115,0.2159037826424406,valid,valid,valid,none,combined_cpu_gpu_cv_not_gpu_only_non_comparable,4,4,4
sthereo_day_night_thermal_thermal,superpoint-superglue,256,fp16,orin,83.893869,98.1943941116333,0.2719861063696591,valid,valid,valid,none,combined_cpu_gpu_cv_not_gpu_only_non_comparable,4,4,4
sthereo_day_night_thermal_thermal,superpoint-superglue,256,fp32,orin,84.488478,116.1932897567749,0.4201577182512941,valid,valid,valid,none,combined_cpu_gpu_cv_not_gpu_only_non_comparable,4,4,4
sthereo_day_night_thermal_thermal,superpoint-superglue,256,mp,orin,102.606135,102.1934118270874,0.315433935915033,valid,valid,valid,none,combined_cpu_gpu_cv_not_gpu_only_non_comparable,4,4,4
sthereo_day_night_thermal_thermal,superpoint-superglue,512,fp16,orin,112.2727995,204.1943635940552,0.5995802870799811,valid,valid,valid,none,combined_cpu_gpu_cv_not_gpu_only_non_comparable,4,4,4
sthereo_day_night_thermal_thermal,superpoint-superglue,512,fp32,orin,158.8546345,250.1932897567749,1.096795721087512,valid,valid,valid,none,combined_cpu_gpu_cv_not_gpu_only_non_comparable,4,4,4
sthereo_day_night_thermal_thermal,superpoint-superglue,512,mp,orin,129.916777,212.1934118270874,0.6540206441425453,valid,valid,valid,none,combined_cpu_gpu_cv_not_gpu_only_non_comparable,4,4,4
sthereo_day_night_thermal_thermal,superpoint-superglue,1024,fp16,orin,250.654529,614.1943635940552,1.6028739845573332,valid,valid,valid,none,combined_cpu_gpu_cv_not_gpu_only_non_comparable,4,4,4
sthereo_day_night_thermal_thermal,superpoint-superglue,1024,fp32,orin,362.0068665,726.1932592391968,2.983370228288,valid,valid,valid,none,combined_cpu_gpu_cv_not_gpu_only_non_comparable,4,4,4
sthereo_day_night_thermal_thermal,superpoint-superglue,1024,mp,orin,266.2076095,634.1934118270874,1.679538403358482,valid,valid,valid,none,combined_cpu_gpu_cv_not_gpu_only_non_comparable,4,4,4
sthereo_day_night_vis_vis,dkm,128,fp32,orin,,,,OOM,OOM,OOM,confirmed,combined_cpu_gpu_cv_not_gpu_only_non_comparable,0,0,0
sthereo_day_night_vis_vis,dkm,128,mp,orin,,,,OOM,OOM,OOM,confirmed,combined_cpu_gpu_cv_not_gpu_only_non_comparable,0,0,0
sthereo_day_night_vis_vis,dkm,256,fp32,orin,,,,OOM,OOM,OOM,confirmed,combined_cpu_gpu_cv_not_gpu_only_non_comparable,0,0,0
sthereo_day_night_vis_vis,dkm,256,mp,orin,,,,OOM,OOM,OOM,confirmed,combined_cpu_gpu_cv_not_gpu_only_non_comparable,0,0,0
sthereo_day_night_vis_vis,dkm,512,fp32,orin,,,,OOM,OOM,OOM,confirmed,combined_cpu_gpu_cv_not_gpu_only_non_comparable,0,0,0
sthereo_day_night_vis_vis,dkm,512,mp,orin,,,,OOM,OOM,OOM,confirmed,combined_cpu_gpu_cv_not_gpu_only_non_comparable,0,0,0
sthereo_day_night_vis_vis,dkm,1024,fp32,orin,,,,OOM,OOM,OOM,confirmed,combined_cpu_gpu_cv_not_gpu_only_non_comparable,0,0,0
sthereo_day_night_vis_vis,dkm,1024,mp,orin,,,,OOM,OOM,OOM,confirmed,combined_cpu_gpu_cv_not_gpu_only_non_comparable,0,0,0
sthereo_day_night_vis_vis,efficientloftr,128,fp16,orin,91.6300245,422.0347318649292,0.1780867555098249,valid,valid,valid,none,combined_cpu_gpu_cv_not_gpu_only_non_comparable,4,4,4
sthereo_day_night_vis_vis,efficientloftr,128,fp32,orin,87.934817,712.6737337112427,0.2249634160538412,valid,valid,valid,none,combined_cpu_gpu_cv_not_gpu_only_non_comparable,4,4,4
sthereo_day_night_vis_vis,efficientloftr,128,mp,orin,104.6735945,710.0338106155396,0.2156643262277818,valid,valid,valid,none,combined_cpu_gpu_cv_not_gpu_only_non_comparable,4,4,4
sthereo_day_night_vis_vis,efficientloftr,256,fp16,orin,109.995246,678.0347623825073,0.4174529242305306,valid,valid,valid,none,combined_cpu_gpu_cv_not_gpu_only_non_comparable,4,4,4
sthereo_day_night_vis_vis,efficientloftr,256,fp32,orin,115.1831035,988.6737337112428,0.6753533959730948,valid,valid,valid,none,combined_cpu_gpu_cv_not_gpu_only_non_comparable,4,4,4
sthereo_day_night_vis_vis,efficientloftr,256,mp,orin,126.735149,972.0338411331176,0.4648470082763636,valid,valid,valid,none,combined_cpu_gpu_cv_not_gpu_only_non_comparable,4,4,4
sthereo_day_night_vis_vis,efficientloftr,512,fp16,orin,172.56640149999998,1700.034762382507,1.0635713906578286,valid,valid,valid,none,combined_cpu_gpu_cv_not_gpu_only_non_comparable,4,4,4
sthereo_day_night_vis_vis,efficientloftr,512,fp32,orin,215.8121565,2162.033749580384,1.9370455585737143,valid,valid,valid,none,combined_cpu_gpu_cv_not_gpu_only_non_comparable,4,4,4
sthereo_day_night_vis_vis,efficientloftr,512,mp,orin,191.811999,2068.03381061554,1.150412902685484,valid,valid,valid,none,combined_cpu_gpu_cv_not_gpu_only_non_comparable,4,4,4
sthereo_day_night_vis_vis,efficientloftr,1024,fp16,orin,556.62998,4396.034762382507,4.058263438010181,valid,valid,valid,none,combined_cpu_gpu_cv_not_gpu_only_non_comparable,4,4,4
sthereo_day_night_vis_vis,efficientloftr,1024,fp32,orin,,,,OOM,OOM,OOM,confirmed,combined_cpu_gpu_cv_not_gpu_only_non_comparable,0,0,0
sthereo_day_night_vis_vis,efficientloftr,1024,mp,orin,,,,OOM,OOM,OOM,confirmed,combined_cpu_gpu_cv_not_gpu_only_non_comparable,0,0,0
sthereo_day_night_vis_vis,loftr,128,fp16,orin,70.762563,184.03806018829343,0.2042622603129409,valid,valid,valid,none,combined_cpu_gpu_cv_not_gpu_only_non_comparable,4,4,4
sthereo_day_night_vis_vis,loftr,128,fp32,orin,66.946909,244.67697048187256,0.3447698864054573,valid,valid,valid,none,combined_cpu_gpu_cv_not_gpu_only_non_comparable,4,4,4
sthereo_day_night_vis_vis,loftr,128,mp,orin,83.5555775,226.03710842132568,0.2423772070644705,valid,valid,valid,none,combined_cpu_gpu_cv_not_gpu_only_non_comparable,4,4,4
sthereo_day_night_vis_vis,loftr,256,fp16,orin,72.3107865,418.0380601882935,0.375579477327238,valid,valid,valid,none,combined_cpu_gpu_cv_not_gpu_only_non_comparable,4,4,4
sthereo_day_night_vis_vis,loftr,256,fp32,orin,90.2309505,428.6769399642944,0.7584041993082353,valid,valid,valid,none,combined_cpu_gpu_cv_not_gpu_only_non_comparable,4,4,4
sthereo_day_night_vis_vis,loftr,256,mp,orin,82.770898,474.0371084213257,0.4251653579002352,valid,valid,valid,none,combined_cpu_gpu_cv_not_gpu_only_non_comparable,4,4,4
sthereo_day_night_vis_vis,loftr,512,fp16,orin,121.940929,1432.0380601882937,1.0038891052460408,valid,valid,valid,none,combined_cpu_gpu_cv_not_gpu_only_non_comparable,4,4,4
sthereo_day_night_vis_vis,loftr,512,fp32,orin,271.3582175,1384.0369863510132,2.5990817908334547,valid,valid,valid,none,combined_cpu_gpu_cv_not_gpu_only_non_comparable,4,4,4
sthereo_day_night_vis_vis,loftr,512,mp,orin,136.18494850000002,1414.0371084213257,1.1364727512126511,valid,valid,valid,none,combined_cpu_gpu_cv_not_gpu_only_non_comparable,4,4,4
sthereo_day_night_vis_vis,loftr,1024,fp16,orin,474.4136775,4654.0380601882935,3.9646123000221545,valid,valid,valid,none,combined_cpu_gpu_cv_not_gpu_only_non_comparable,4,4,4
sthereo_day_night_vis_vis,loftr,1024,fp32,orin,1063.9408440000002,4286.037016868591,10.215568473877331,valid,valid,valid,none,combined_cpu_gpu_cv_not_gpu_only_non_comparable,4,4,4
sthereo_day_night_vis_vis,loftr,1024,mp,orin,506.21492350000005,3730.0371084213257,4.3097939310880005,valid,valid,valid,none,combined_cpu_gpu_cv_not_gpu_only_non_comparable,4,4,4
sthereo_day_night_vis_vis,mast3r,128,fp32,orin,166.12307099999998,2836.163827896118,1.4126704253137778,valid,valid,valid,none,combined_cpu_gpu_cv_not_gpu_only_non_comparable,4,4,4
sthereo_day_night_vis_vis,mast3r,128,mp,orin,193.659544,2836.1638584136963,1.1144917721621332,valid,valid,valid,none,combined_cpu_gpu_cv_not_gpu_only_non_comparable,4,4,4
sthereo_day_night_vis_vis,mast3r,256,fp32,orin,382.72574,3418.16379737854,3.969304168092,valid,valid,valid,none,combined_cpu_gpu_cv_not_gpu_only_non_comparable,4,4,4
sthereo_day_night_vis_vis,mast3r,256,mp,orin,306.479014,3444.1638584136963,2.2213583832256,valid,valid,valid,none,combined_cpu_gpu_cv_not_gpu_only_non_comparable,4,4,4
sthereo_day_night_vis_vis,mast3r,512,fp32,orin,1847.9951975,4198.196764945984,17.1709111969664,valid,valid,valid,none,combined_cpu_gpu_cv_not_gpu_only_non_comparable,4,4,4
sthereo_day_night_vis_vis,mast3r,512,mp,orin,1334.834268,3838.19682598114,9.3155046116096,valid,valid,valid,none,combined_cpu_gpu_cv_not_gpu_only_non_comparable,4,4,4
sthereo_day_night_vis_vis,mast3r,1024,fp32,orin,,,,OOM,OOM,OOM,confirmed,combined_cpu_gpu_cv_not_gpu_only_non_comparable,0,0,0
sthereo_day_night_vis_vis,mast3r,1024,mp,orin,,,,OOM,OOM,OOM,confirmed,combined_cpu_gpu_cv_not_gpu_only_non_comparable,0,0,0
sthereo_day_night_vis_vis,matchanything-eloftr,128,fp16,orin,104.522176,424.0347623825073,0.2018493704665766,valid,valid,valid,none,combined_cpu_gpu_cv_not_gpu_only_non_comparable,4,4,4
sthereo_day_night_vis_vis,matchanything-eloftr,128,fp32,orin,95.6745355,714.6737337112427,0.2545187270712292,valid,valid,valid,none,combined_cpu_gpu_cv_not_gpu_only_non_comparable,4,4,4
sthereo_day_night_vis_vis,matchanything-eloftr,128,mp,orin,115.425091,714.0338411331177,0.2329711167924705,valid,valid,valid,none,combined_cpu_gpu_cv_not_gpu_only_non_comparable,4,4,4
sthereo_day_night_vis_vis,matchanything-eloftr,256,fp16,orin,124.236818,688.0347623825073,0.452409044214468,valid,valid,valid,none,combined_cpu_gpu_cv_not_gpu_only_non_comparable,4,4,4
sthereo_day_night_vis_vis,matchanything-eloftr,256,fp32,orin,126.475111,992.6737337112428,0.7312211798283368,valid,valid,valid,none,combined_cpu_gpu_cv_not_gpu_only_non_comparable,4,4,4
sthereo_day_night_vis_vis,matchanything-eloftr,256,mp,orin,139.028077,970.0338411331176,0.5104727795927024,valid,valid,valid,none,combined_cpu_gpu_cv_not_gpu_only_non_comparable,4,4,4
sthereo_day_night_vis_vis,matchanything-eloftr,512,fp16,orin,181.3376995,1702.034762382507,1.1727346284078788,valid,valid,valid,none,combined_cpu_gpu_cv_not_gpu_only_non_comparable,4,4,4
sthereo_day_night_vis_vis,matchanything-eloftr,512,fp32,orin,237.9894375,2180.033749580384,2.098599250830769,valid,valid,valid,none,combined_cpu_gpu_cv_not_gpu_only_non_comparable,4,4,4
sthereo_day_night_vis_vis,matchanything-eloftr,512,mp,orin,199.2072065,2074.03381061554,1.2461135238016,valid,valid,valid,none,combined_cpu_gpu_cv_not_gpu_only_non_comparable,4,4,4
sthereo_day_night_vis_vis,matchanything-eloftr,1024,fp16,orin,591.6475915,4438.034762382507,4.286332804736,valid,valid,valid,none,combined_cpu_gpu_cv_not_gpu_only_non_comparable,4,4,4
sthereo_day_night_vis_vis,matchanything-eloftr,1024,fp32,orin,,,,OOM,OOM,OOM,confirmed,combined_cpu_gpu_cv_not_gpu_only_non_comparable,0,0,0
sthereo_day_night_vis_vis,matchanything-eloftr,1024,mp,orin,,,,OOM,OOM,OOM,confirmed,combined_cpu_gpu_cv_not_gpu_only_non_comparable,0,0,0
sthereo_day_night_vis_vis,orb-cuda,128,native,orin,0.0529455,0.5811958312988281,0.0001234469126294,valid,valid,valid,none,combined_cpu_gpu_cv_not_gpu_only_non_comparable,4,4,4
sthereo_day_night_vis_vis,orb-cuda,256,native,orin,6.7273565,2.836963653564453,0.0100739705686933,valid,valid,valid,none,combined_cpu_gpu_cv_not_gpu_only_non_comparable,4,4,4
sthereo_day_night_vis_vis,orb-cuda,512,native,orin,16.1085535,3.167221069335937,0.0234283264156243,valid,valid,valid,none,combined_cpu_gpu_cv_not_gpu_only_non_comparable,4,4,4
sthereo_day_night_vis_vis,orb-cuda,1024,native,orin,28.1091425,10.240413665771484,0.0371001149257887,valid,valid,valid,none,combined_cpu_gpu_cv_not_gpu_only_non_comparable,4,4,4
sthereo_day_night_vis_vis,sift-gpu,128,native,orin,11.1898285,9.815454483032228,0.0228964301073818,valid,valid,valid,none,combined_cpu_gpu_cv_not_gpu_only_non_comparable,4,4,4
sthereo_day_night_vis_vis,sift-gpu,256,native,orin,25.3377625,40.78975868225098,0.0536550831032207,valid,valid,valid,none,combined_cpu_gpu_cv_not_gpu_only_non_comparable,4,4,4
sthereo_day_night_vis_vis,sift-gpu,512,native,orin,54.546732,157.76583290100098,0.1494228840754297,valid,valid,valid,none,combined_cpu_gpu_cv_not_gpu_only_non_comparable,4,4,4
sthereo_day_night_vis_vis,sift-gpu,1024,native,orin,133.0043205,647.709451675415,0.4181509497208163,valid,valid,valid,none,combined_cpu_gpu_cv_not_gpu_only_non_comparable,4,4,4
sthereo_day_night_vis_vis,superpoint-lightglue,128,fp16,orin,52.7200895,78.37960433959961,0.1086588212311434,valid,valid,valid,none,combined_cpu_gpu_cv_not_gpu_only_non_comparable,4,4,4
sthereo_day_night_vis_vis,superpoint-lightglue,128,fp32,orin,49.707597,80.37954330444336,0.1362371951789355,valid,valid,valid,none,combined_cpu_gpu_cv_not_gpu_only_non_comparable,4,4,4
sthereo_day_night_vis_vis,superpoint-lightglue,128,mp,orin,51.9705625,80.37954330444336,0.1317309314287983,valid,valid,valid,none,combined_cpu_gpu_cv_not_gpu_only_non_comparable,4,4,4
sthereo_day_night_vis_vis,superpoint-lightglue,256,fp16,orin,50.2714705,98.37969589233398,0.1454547718227105,valid,valid,valid,none,combined_cpu_gpu_cv_not_gpu_only_non_comparable,4,4,4
sthereo_day_night_vis_vis,superpoint-lightglue,256,fp32,orin,48.362628,120.37954330444336,0.2434230072579655,valid,valid,valid,none,combined_cpu_gpu_cv_not_gpu_only_non_comparable,4,4,4
sthereo_day_night_vis_vis,superpoint-lightglue,256,mp,orin,47.1598715,108.37954330444336,0.2041138063685818,valid,valid,valid,none,combined_cpu_gpu_cv_not_gpu_only_non_comparable,4,4,4
sthereo_day_night_vis_vis,superpoint-lightglue,512,fp16,orin,57.705474,204.379695892334,0.2978920621896608,valid,valid,valid,none,combined_cpu_gpu_cv_not_gpu_only_non_comparable,4,4,4
sthereo_day_night_vis_vis,superpoint-lightglue,512,fp32,orin,76.964878,252.37954330444336,0.5389242295586234,valid,valid,valid,none,combined_cpu_gpu_cv_not_gpu_only_non_comparable,4,4,4
sthereo_day_night_vis_vis,superpoint-lightglue,512,mp,orin,54.101956,218.37957382202148,0.3868305722919609,valid,valid,valid,none,combined_cpu_gpu_cv_not_gpu_only_non_comparable,4,4,4
sthereo_day_night_vis_vis,superpoint-lightglue,1024,fp16,orin,126.678558,624.379695892334,0.8962008825286808,valid,valid,valid,none,combined_cpu_gpu_cv_not_gpu_only_non_comparable,4,4,4
sthereo_day_night_vis_vis,superpoint-lightglue,1024,fp32,orin,194.9169455,750.3795433044434,1.8180934179881287,valid,valid,valid,none,combined_cpu_gpu_cv_not_gpu_only_non_comparable,4,4,4
sthereo_day_night_vis_vis,superpoint-lightglue,1024,mp,orin,137.8976045,650.3795738220215,1.1850698932913657,valid,valid,valid,none,combined_cpu_gpu_cv_not_gpu_only_non_comparable,4,4,4
sthereo_day_night_vis_vis,superpoint-superglue,128,fp16,orin,78.13854,78.19430255889893,0.1583263204546685,valid,valid,valid,none,combined_cpu_gpu_cv_not_gpu_only_non_comparable,4,4,4
sthereo_day_night_vis_vis,superpoint-superglue,128,fp32,orin,72.5631215,80.19325923919678,0.199038271684923,valid,valid,valid,none,combined_cpu_gpu_cv_not_gpu_only_non_comparable,4,4,4
sthereo_day_night_vis_vis,superpoint-superglue,128,mp,orin,98.3548355,80.19335079193115,0.2039941045960117,valid,valid,valid,none,combined_cpu_gpu_cv_not_gpu_only_non_comparable,4,4,4
sthereo_day_night_vis_vis,superpoint-superglue,256,fp16,orin,80.32995249999999,98.1943941116333,0.2172947560066123,valid,valid,valid,none,combined_cpu_gpu_cv_not_gpu_only_non_comparable,4,4,4
sthereo_day_night_vis_vis,superpoint-superglue,256,fp32,orin,76.356518,116.1932897567749,0.3138783905395391,valid,valid,valid,none,combined_cpu_gpu_cv_not_gpu_only_non_comparable,4,4,4
sthereo_day_night_vis_vis,superpoint-superglue,256,mp,orin,99.657021,102.1934118270874,0.2601643160115948,valid,valid,valid,none,combined_cpu_gpu_cv_not_gpu_only_non_comparable,4,4,4
sthereo_day_night_vis_vis,superpoint-superglue,512,fp16,orin,91.80904,204.1943635940552,0.4077838445040532,valid,valid,valid,none,combined_cpu_gpu_cv_not_gpu_only_non_comparable,4,4,4
sthereo_day_night_vis_vis,superpoint-superglue,512,fp32,orin,115.7140075,250.1932897567749,0.7094198900250566,valid,valid,valid,none,combined_cpu_gpu_cv_not_gpu_only_non_comparable,4,4,4
sthereo_day_night_vis_vis,superpoint-superglue,512,mp,orin,111.009945,212.1934118270874,0.4790020190180392,valid,valid,valid,none,combined_cpu_gpu_cv_not_gpu_only_non_comparable,4,4,4
sthereo_day_night_vis_vis,superpoint-superglue,1024,fp16,orin,175.4722825,614.1943635940552,1.1208272811434488,valid,valid,valid,none,combined_cpu_gpu_cv_not_gpu_only_non_comparable,4,4,4
sthereo_day_night_vis_vis,superpoint-superglue,1024,fp32,orin,249.1742405,726.1932592391968,2.178145312093333,valid,valid,valid,none,combined_cpu_gpu_cv_not_gpu_only_non_comparable,4,4,4
sthereo_day_night_vis_vis,superpoint-superglue,1024,mp,orin,192.1570945,634.1934118270874,1.259941899094516,valid,valid,valid,none,combined_cpu_gpu_cv_not_gpu_only_non_comparable,4,4,4
sthereo_day_vis_thermal,dkm,128,fp32,orin,,,,OOM,OOM,OOM,confirmed,combined_cpu_gpu_cv_not_gpu_only_non_comparable,0,0,0
sthereo_day_vis_thermal,dkm,128,mp,orin,,,,OOM,OOM,OOM,confirmed,combined_cpu_gpu_cv_not_gpu_only_non_comparable,0,0,0
sthereo_day_vis_thermal,dkm,256,fp32,orin,,,,OOM,OOM,OOM,confirmed,combined_cpu_gpu_cv_not_gpu_only_non_comparable,0,0,0
sthereo_day_vis_thermal,dkm,256,mp,orin,,,,OOM,OOM,OOM,confirmed,combined_cpu_gpu_cv_not_gpu_only_non_comparable,0,0,0
sthereo_day_vis_thermal,dkm,512,fp32,orin,,,,OOM,OOM,OOM,confirmed,combined_cpu_gpu_cv_not_gpu_only_non_comparable,0,0,0
sthereo_day_vis_thermal,dkm,512,mp,orin,,,,OOM,OOM,OOM,confirmed,combined_cpu_gpu_cv_not_gpu_only_non_comparable,0,0,0
sthereo_day_vis_thermal,dkm,1024,fp32,orin,,,,OOM,OOM,OOM,confirmed,combined_cpu_gpu_cv_not_gpu_only_non_comparable,0,0,0
sthereo_day_vis_thermal,dkm,1024,mp,orin,,,,OOM,OOM,OOM,confirmed,combined_cpu_gpu_cv_not_gpu_only_non_comparable,0,0,0
sthereo_day_vis_thermal,efficientloftr,128,fp16,orin,96.1937405,422.0347318649292,0.2171710221302237,valid,valid,valid,none,combined_cpu_gpu_cv_not_gpu_only_non_comparable,4,4,4
sthereo_day_vis_thermal,efficientloftr,128,fp32,orin,90.9951405,712.6737337112427,0.2760484268629333,valid,valid,valid,none,combined_cpu_gpu_cv_not_gpu_only_non_comparable,4,4,4
sthereo_day_vis_thermal,efficientloftr,128,mp,orin,111.694616,710.0338106155396,0.2727593153129412,valid,valid,valid,none,combined_cpu_gpu_cv_not_gpu_only_non_comparable,4,4,4
sthereo_day_vis_thermal,efficientloftr,256,fp16,orin,125.1195585,678.0347623825073,0.5416439586909091,valid,valid,valid,none,combined_cpu_gpu_cv_not_gpu_only_non_comparable,4,4,4
sthereo_day_vis_thermal,efficientloftr,256,fp32,orin,131.683789,988.6737337112428,0.8590704527723636,valid,valid,valid,none,combined_cpu_gpu_cv_not_gpu_only_non_comparable,4,4,4
sthereo_day_vis_thermal,efficientloftr,256,mp,orin,143.3480925,972.0338411331176,0.5986433931979487,valid,valid,valid,none,combined_cpu_gpu_cv_not_gpu_only_non_comparable,4,4,4
sthereo_day_vis_thermal,efficientloftr,512,fp16,orin,203.1473335,1700.034762382507,1.3856454882537932,valid,valid,valid,none,combined_cpu_gpu_cv_not_gpu_only_non_comparable,4,4,4
sthereo_day_vis_thermal,efficientloftr,512,fp32,orin,282.8458,2162.033749580384,2.562417777099636,valid,valid,valid,none,combined_cpu_gpu_cv_not_gpu_only_non_comparable,4,4,4
sthereo_day_vis_thermal,efficientloftr,512,mp,orin,222.62881,2068.03381061554,1.4968424850067692,valid,valid,valid,none,combined_cpu_gpu_cv_not_gpu_only_non_comparable,4,4,4
sthereo_day_vis_thermal,efficientloftr,1024,fp16,orin,790.9339219999999,4396.034762382507,5.7397062000400005,valid,valid,valid,none,combined_cpu_gpu_cv_not_gpu_only_non_comparable,4,4,4
sthereo_day_vis_thermal,efficientloftr,1024,fp32,orin,,,,OOM,OOM,OOM,confirmed,combined_cpu_gpu_cv_not_gpu_only_non_comparable,0,0,0
sthereo_day_vis_thermal,efficientloftr,1024,mp,orin,,,,OOM,OOM,OOM,confirmed,combined_cpu_gpu_cv_not_gpu_only_non_comparable,0,0,0
sthereo_day_vis_thermal,loftr,128,fp16,orin,82.1272785,184.03806018829343,0.2550736032153239,valid,valid,valid,none,combined_cpu_gpu_cv_not_gpu_only_non_comparable,4,4,4
sthereo_day_vis_thermal,loftr,128,fp32,orin,76.96926400000001,244.67697048187256,0.4162622105903157,valid,valid,valid,none,combined_cpu_gpu_cv_not_gpu_only_non_comparable,4,4,4
sthereo_day_vis_thermal,loftr,128,mp,orin,95.441157,226.03710842132568,0.2935995969204068,valid,valid,valid,none,combined_cpu_gpu_cv_not_gpu_only_non_comparable,4,4,4
sthereo_day_vis_thermal,loftr,256,fp16,orin,84.2899855,418.0380601882935,0.4831470064434053,valid,valid,valid,none,combined_cpu_gpu_cv_not_gpu_only_non_comparable,4,4,4
sthereo_day_vis_thermal,loftr,256,fp32,orin,113.91049,428.6769399642944,1.0425945995801218,valid,valid,valid,none,combined_cpu_gpu_cv_not_gpu_only_non_comparable,4,4,4
sthereo_day_vis_thermal,loftr,256,mp,orin,94.8653165,474.0371084213257,0.5357339305301334,valid,valid,valid,none,combined_cpu_gpu_cv_not_gpu_only_non_comparable,4,4,4
sthereo_day_vis_thermal,loftr,512,fp16,orin,166.720219,1432.0380601882937,1.4285431119502223,valid,valid,valid,none,combined_cpu_gpu_cv_not_gpu_only_non_comparable,4,4,4
sthereo_day_vis_thermal,loftr,512,fp32,orin,376.299042,1384.0369863510132,3.6968236279,valid,valid,valid,none,combined_cpu_gpu_cv_not_gpu_only_non_comparable,4,4,4
sthereo_day_vis_thermal,loftr,512,mp,orin,183.73045,1414.0371084213257,1.5725653941313935,valid,valid,valid,none,combined_cpu_gpu_cv_not_gpu_only_non_comparable,4,4,4
sthereo_day_vis_thermal,loftr,1024,fp16,orin,692.7790955,4654.0380601882935,5.817605244928,valid,valid,valid,none,combined_cpu_gpu_cv_not_gpu_only_non_comparable,4,4,4
sthereo_day_vis_thermal,loftr,1024,fp32,orin,1553.2171205,4286.037016868591,14.9470788843392,valid,valid,valid,none,combined_cpu_gpu_cv_not_gpu_only_non_comparable,4,4,4
sthereo_day_vis_thermal,loftr,1024,mp,orin,753.375155,3730.0371084213257,6.39550894736,valid,valid,valid,none,combined_cpu_gpu_cv_not_gpu_only_non_comparable,4,4,4
sthereo_day_vis_thermal,mast3r,128,fp32,orin,208.4064865,2836.163827896118,1.8827886888502856,valid,valid,valid,none,combined_cpu_gpu_cv_not_gpu_only_non_comparable,4,4,4
sthereo_day_vis_thermal,mast3r,128,mp,orin,251.17646,2836.1638584136963,1.4932043302928697,valid,valid,valid,none,combined_cpu_gpu_cv_not_gpu_only_non_comparable,4,4,4
sthereo_day_vis_thermal,mast3r,256,fp32,orin,551.9237889999999,3418.16379737854,5.836916198481454,valid,valid,valid,none,combined_cpu_gpu_cv_not_gpu_only_non_comparable,4,4,4
sthereo_day_vis_thermal,mast3r,256,mp,orin,416.40406,3444.1638584136963,3.151188242754438,valid,valid,valid,none,combined_cpu_gpu_cv_not_gpu_only_non_comparable,4,4,4
sthereo_day_vis_thermal,mast3r,512,fp32,orin,2842.7548475000003,4198.196764945984,26.4653366414976,valid,valid,valid,none,combined_cpu_gpu_cv_not_gpu_only_non_comparable,4,4,4
sthereo_day_vis_thermal,mast3r,512,mp,orin,2070.786966,3838.19682598114,14.5281585989632,valid,valid,valid,none,combined_cpu_gpu_cv_not_gpu_only_non_comparable,4,4,4
sthereo_day_vis_thermal,mast3r,1024,fp32,orin,,,,OOM,OOM,OOM,confirmed,combined_cpu_gpu_cv_not_gpu_only_non_comparable,0,0,0
sthereo_day_vis_thermal,mast3r,1024,mp,orin,,,,OOM,OOM,OOM,confirmed,combined_cpu_gpu_cv_not_gpu_only_non_comparable,0,0,0
sthereo_day_vis_thermal,matchanything-eloftr,128,fp16,orin,122.433353,424.0347623825073,0.2566014595630922,valid,valid,valid,none,combined_cpu_gpu_cv_not_gpu_only_non_comparable,4,4,4
sthereo_day_vis_thermal,matchanything-eloftr,128,fp32,orin,107.5423665,714.6737337112427,0.3227450711343107,valid,valid,valid,none,combined_cpu_gpu_cv_not_gpu_only_non_comparable,4,4,4
sthereo_day_vis_thermal,matchanything-eloftr,128,mp,orin,132.19464399999998,714.0338411331177,0.2929382227524525,valid,valid,valid,none,combined_cpu_gpu_cv_not_gpu_only_non_comparable,4,4,4
sthereo_day_vis_thermal,matchanything-eloftr,256,fp16,orin,150.55449449999998,688.0347623825073,0.6040891623028923,valid,valid,valid,none,combined_cpu_gpu_cv_not_gpu_only_non_comparable,4,4,4
sthereo_day_vis_thermal,matchanything-eloftr,256,fp32,orin,154.03574049999995,992.6737337112428,0.9337122214662564,valid,valid,valid,none,combined_cpu_gpu_cv_not_gpu_only_non_comparable,4,4,4
sthereo_day_vis_thermal,matchanything-eloftr,256,mp,orin,164.755652,970.0338411331176,0.6659516582382252,valid,valid,valid,none,combined_cpu_gpu_cv_not_gpu_only_non_comparable,4,4,4
sthereo_day_vis_thermal,matchanything-eloftr,512,fp16,orin,221.0875035,1702.034762382507,1.5179811646276922,valid,valid,valid,none,combined_cpu_gpu_cv_not_gpu_only_non_comparable,4,4,4
sthereo_day_vis_thermal,matchanything-eloftr,512,fp32,orin,317.667421,2180.033749580384,2.823688469365895,valid,valid,valid,none,combined_cpu_gpu_cv_not_gpu_only_non_comparable,4,4,4
sthereo_day_vis_thermal,matchanything-eloftr,512,mp,orin,239.728287,2074.03381061554,1.6075622109100802,valid,valid,valid,none,combined_cpu_gpu_cv_not_gpu_only_non_comparable,4,4,4
sthereo_day_vis_thermal,matchanything-eloftr,1024,fp16,orin,838.9844089999999,4438.034762382507,5.980871832352,valid,valid,valid,none,combined_cpu_gpu_cv_not_gpu_only_non_comparable,4,4,4
sthereo_day_vis_thermal,matchanything-eloftr,1024,fp32,orin,,,,OOM,OOM,OOM,confirmed,combined_cpu_gpu_cv_not_gpu_only_non_comparable,0,0,0
sthereo_day_vis_thermal,matchanything-eloftr,1024,mp,orin,,,,OOM,OOM,OOM,confirmed,combined_cpu_gpu_cv_not_gpu_only_non_comparable,0,0,0
sthereo_day_vis_thermal,orb-cuda,128,native,orin,0.0532819999999999,0.5811958312988281,0.000124628562691,valid,valid,valid,none,combined_cpu_gpu_cv_not_gpu_only_non_comparable,4,4,4
sthereo_day_vis_thermal,orb-cuda,256,native,orin,7.4544985,2.9787139892578125,0.010757673634023,valid,valid,valid,none,combined_cpu_gpu_cv_not_gpu_only_non_comparable,4,4,4
sthereo_day_vis_thermal,orb-cuda,512,native,orin,18.849981,3.640953063964844,0.0265971395142994,valid,valid,valid,none,combined_cpu_gpu_cv_not_gpu_only_non_comparable,4,4,4
sthereo_day_vis_thermal,orb-cuda,1024,native,orin,32.008717,12.121955871582031,0.0409213858480591,valid,valid,valid,none,combined_cpu_gpu_cv_not_gpu_only_non_comparable,4,4,4
sthereo_day_vis_thermal,sift-gpu,128,native,orin,20.25924,9.889673233032228,0.038576546956395,valid,valid,valid,none,combined_cpu_gpu_cv_not_gpu_only_non_comparable,4,4,4
sthereo_day_vis_thermal,sift-gpu,256,native,orin,36.4335245,40.93575477600098,0.0914431030234521,valid,valid,valid,none,combined_cpu_gpu_cv_not_gpu_only_non_comparable,4,4,4
sthereo_day_vis_thermal,sift-gpu,512,native,orin,74.3350455,157.97701454162598,0.2088795143931282,valid,valid,valid,none,combined_cpu_gpu_cv_not_gpu_only_non_comparable,4,4,4
sthereo_day_vis_thermal,sift-gpu,1024,native,orin,163.0019855,647.858865737915,0.5341679782574364,valid,valid,valid,none,combined_cpu_gpu_cv_not_gpu_only_non_comparable,4,4,4
sthereo_day_vis_thermal,superpoint-lightglue,128,fp16,orin,47.3874465,78.37960433959961,0.1025987119604135,valid,valid,valid,none,combined_cpu_gpu_cv_not_gpu_only_non_comparable,4,4,4
sthereo_day_vis_thermal,superpoint-lightglue,128,fp32,orin,48.177999,80.37954330444336,0.1427178239592993,valid,valid,valid,none,combined_cpu_gpu_cv_not_gpu_only_non_comparable,4,4,4
sthereo_day_vis_thermal,superpoint-lightglue,128,mp,orin,49.6232105,80.37954330444336,0.1338885597244259,valid,valid,valid,none,combined_cpu_gpu_cv_not_gpu_only_non_comparable,4,4,4
sthereo_day_vis_thermal,superpoint-lightglue,256,fp16,orin,60.280321,98.37969589233398,0.1964812844576189,valid,valid,valid,none,combined_cpu_gpu_cv_not_gpu_only_non_comparable,4,4,4
sthereo_day_vis_thermal,superpoint-lightglue,256,fp32,orin,57.288741,120.37954330444336,0.3267694184835186,valid,valid,valid,none,combined_cpu_gpu_cv_not_gpu_only_non_comparable,4,4,4
sthereo_day_vis_thermal,superpoint-lightglue,256,mp,orin,53.5317625,108.37954330444336,0.2748051883309346,valid,valid,valid,none,combined_cpu_gpu_cv_not_gpu_only_non_comparable,4,4,4
sthereo_day_vis_thermal,superpoint-lightglue,512,fp16,orin,82.937989,204.379695892334,0.5290698931511804,valid,valid,valid,none,combined_cpu_gpu_cv_not_gpu_only_non_comparable,4,4,4
sthereo_day_vis_thermal,superpoint-lightglue,512,fp32,orin,133.42817,252.37954330444336,1.184325890971907,valid,valid,valid,none,combined_cpu_gpu_cv_not_gpu_only_non_comparable,4,4,4
sthereo_day_vis_thermal,superpoint-lightglue,512,mp,orin,106.9190255,218.37957382202148,0.953951342585436,valid,valid,valid,none,combined_cpu_gpu_cv_not_gpu_only_non_comparable,4,4,4
sthereo_day_vis_thermal,superpoint-lightglue,1024,fp16,orin,209.759816,624.379695892334,1.5820682251681184,valid,valid,valid,none,combined_cpu_gpu_cv_not_gpu_only_non_comparable,4,4,4
sthereo_day_vis_thermal,superpoint-lightglue,1024,fp32,orin,361.2473865,750.3795433044434,3.4734643032771766,valid,valid,valid,none,combined_cpu_gpu_cv_not_gpu_only_non_comparable,4,4,4
sthereo_day_vis_thermal,superpoint-lightglue,1024,mp,orin,271.038952,650.3795738220215,2.4821726392041903,valid,valid,valid,none,combined_cpu_gpu_cv_not_gpu_only_non_comparable,4,4,4
sthereo_day_vis_thermal,superpoint-superglue,128,fp16,orin,79.82110349999999,78.19430255889893,0.167327933030961,valid,valid,valid,none,combined_cpu_gpu_cv_not_gpu_only_non_comparable,4,4,4
sthereo_day_vis_thermal,superpoint-superglue,128,fp32,orin,72.8635305,80.19325923919678,0.2174488489121814,valid,valid,valid,none,combined_cpu_gpu_cv_not_gpu_only_non_comparable,4,4,4
sthereo_day_vis_thermal,superpoint-superglue,128,mp,orin,98.7475035,80.19335079193115,0.2138851696500617,valid,valid,valid,none,combined_cpu_gpu_cv_not_gpu_only_non_comparable,4,4,4
sthereo_day_vis_thermal,superpoint-superglue,256,fp16,orin,84.06913850000001,98.1943941116333,0.2507514118154867,valid,valid,valid,none,combined_cpu_gpu_cv_not_gpu_only_non_comparable,4,4,4
sthereo_day_vis_thermal,superpoint-superglue,256,fp32,orin,80.591863,116.1932897567749,0.4005667411508732,valid,valid,valid,none,combined_cpu_gpu_cv_not_gpu_only_non_comparable,4,4,4
sthereo_day_vis_thermal,superpoint-superglue,256,mp,orin,100.913235,102.1934118270874,0.3096384072692363,valid,valid,valid,none,combined_cpu_gpu_cv_not_gpu_only_non_comparable,4,4,4
sthereo_day_vis_thermal,superpoint-superglue,512,fp16,orin,100.4114935,204.1943635940552,0.5399488679534035,valid,valid,valid,none,combined_cpu_gpu_cv_not_gpu_only_non_comparable,4,4,4
sthereo_day_vis_thermal,superpoint-superglue,512,fp32,orin,137.097763,250.1932897567749,1.0586013557002372,valid,valid,valid,none,combined_cpu_gpu_cv_not_gpu_only_non_comparable,4,4,4
sthereo_day_vis_thermal,superpoint-superglue,512,mp,orin,119.444778,212.1934118270874,0.6327433607537589,valid,valid,valid,none,combined_cpu_gpu_cv_not_gpu_only_non_comparable,4,4,4
sthereo_day_vis_thermal,superpoint-superglue,1024,fp16,orin,215.307866,614.1943635940552,1.545181030569143,valid,valid,valid,none,combined_cpu_gpu_cv_not_gpu_only_non_comparable,4,4,4
sthereo_day_vis_thermal,superpoint-superglue,1024,fp32,orin,331.19167000000004,726.1932592391968,3.0952018637765617,valid,valid,valid,none,combined_cpu_gpu_cv_not_gpu_only_non_comparable,4,4,4
sthereo_day_vis_thermal,superpoint-superglue,1024,mp,orin,240.977208,634.1934118270874,1.7493153289784615,valid,valid,valid,none,combined_cpu_gpu_cv_not_gpu_only_non_comparable,4,4,4
rubik_vis_vis_reference,dkm,128,fp32,rtx5070ti,649.2546305,13764.461302757263,163.66574380268798,valid,valid,valid,none,gpu_board_power,4,4,4
rubik_vis_vis_reference,dkm,128,mp,rtx5070ti,449.0246355,13622.461576461792,101.76361773796572,valid,valid,valid,none,gpu_board_power,4,4,4
rubik_vis_vis_reference,dkm,256,fp32,rtx5070ti,652.4058560000001,13764.461302757263,163.980705319104,valid,valid,valid,none,gpu_board_power,4,4,4
rubik_vis_vis_reference,dkm,256,mp,rtx5070ti,451.413055,13622.461576461792,101.94567735300572,valid,valid,valid,none,gpu_board_power,4,4,4
rubik_vis_vis_reference,dkm,512,fp32,rtx5070ti,651.8657855,13764.461302757263,163.460616755392,valid,valid,valid,none,gpu_board_power,4,4,4
rubik_vis_vis_reference,dkm,512,mp,rtx5070ti,450.9807085,13622.461576461792,102.01138055245714,valid,valid,valid,none,gpu_board_power,4,4,4
rubik_vis_vis_reference,dkm,1024,fp32,rtx5070ti,655.1853435,13764.461302757263,163.717242467392,valid,valid,valid,none,gpu_board_power,4,4,4
rubik_vis_vis_reference,dkm,1024,mp,rtx5070ti,454.038566,13622.461576461792,102.19334516795428,valid,valid,valid,none,gpu_board_power,4,4,4
rubik_vis_vis_reference,efficientloftr,128,fp16,rtx5070ti,15.049704000000002,422.0460538864136,1.040680740231797,valid,valid,valid,none,gpu_board_power,4,4,4
rubik_vis_vis_reference,efficientloftr,128,fp32,rtx5070ti,12.711114,712.685055732727,1.257951284948004,valid,valid,valid,none,gpu_board_power,4,4,4
rubik_vis_vis_reference,efficientloftr,128,mp,rtx5070ti,15.7143255,710.0451021194458,1.2009054606019047,valid,valid,valid,none,gpu_board_power,4,4,4
rubik_vis_vis_reference,efficientloftr,256,fp16,rtx5070ti,14.282941,686.0460538864136,1.371797330979474,valid,valid,valid,none,gpu_board_power,4,4,4
rubik_vis_vis_reference,efficientloftr,256,fp32,rtx5070ti,14.1500475,988.685055732727,2.129850908024113,valid,valid,valid,none,gpu_board_power,4,4,4
rubik_vis_vis_reference,efficientloftr,256,mp,rtx5070ti,15.586962,972.0451021194458,1.5459081219270585,valid,valid,valid,none,gpu_board_power,4,4,4
rubik_vis_vis_reference,efficientloftr,512,fp16,rtx5070ti,21.010718,1856.0460538864136,3.589506602809423,valid,valid,valid,none,gpu_board_power,4,4,4
rubik_vis_vis_reference,efficientloftr,512,fp32,rtx5070ti,27.768664,2242.685055732727,6.420300008817144,valid,valid,valid,none,gpu_board_power,4,4,4
rubik_vis_vis_reference,efficientloftr,512,mp,rtx5070ti,23.15269,2152.045102119446,3.872957819157797,valid,valid,valid,none,gpu_board_power,4,4,4
rubik_vis_vis_reference,efficientloftr,1024,fp16,rtx5070ti,62.712789,7790.046053886414,14.147213636136982,valid,valid,valid,none,gpu_board_power,4,4,4
rubik_vis_vis_reference,efficientloftr,1024,fp32,rtx5070ti,96.4187795,10480.685055732729,25.988044880452065,valid,valid,valid,none,gpu_board_power,4,4,4
rubik_vis_vis_reference,efficientloftr,1024,mp,rtx5070ti,68.59075899999999,10078.045102119446,15.51680925595394,valid,valid,valid,none,gpu_board_power,4,4,4
rubik_vis_vis_reference,loftr,128,fp16,rtx5070ti,8.422596,184.04929065704343,0.7606666215114092,valid,valid,valid,none,gpu_board_power,4,4,4
rubik_vis_vis_reference,loftr,128,fp32,rtx5070ti,10.163456,244.68829250335693,1.1551534782364652,valid,valid,valid,none,gpu_board_power,4,4,4
rubik_vis_vis_reference,loftr,128,mp,rtx5070ti,10.1699615,226.04833889007568,0.9054848051682134,valid,valid,valid,none,gpu_board_power,4,4,4
rubik_vis_vis_reference,loftr,256,fp16,rtx5070ti,9.71089,418.04929065704346,1.2603252628833292,valid,valid,valid,none,gpu_board_power,4,4,4
rubik_vis_vis_reference,loftr,256,fp32,rtx5070ti,11.5242405,428.6882925033569,2.538542130198059,valid,valid,valid,none,gpu_board_power,4,4,4
rubik_vis_vis_reference,loftr,256,mp,rtx5070ti,10.7048635,458.0483388900757,1.4223003005192134,valid,valid,valid,none,gpu_board_power,4,4,4
rubik_vis_vis_reference,loftr,512,fp16,rtx5070ti,15.3365755,1418.0492906570437,3.338275717313849,valid,valid,valid,none,gpu_board_power,4,4,4
rubik_vis_vis_reference,loftr,512,fp32,rtx5070ti,30.1141595,1506.688292503357,8.385913582118718,valid,valid,valid,none,gpu_board_power,4,4,4
rubik_vis_vis_reference,loftr,512,mp,rtx5070ti,17.2284425,1458.0483388900757,3.5748335145348458,valid,valid,valid,none,gpu_board_power,4,4,4
rubik_vis_vis_reference,loftr,1024,fp16,rtx5070ti,60.59795,7340.0492906570435,14.361267047758368,valid,valid,valid,none,gpu_board_power,4,4,4
rubik_vis_vis_reference,loftr,1024,fp32,rtx5070ti,114.186617,7510.688292503357,33.314471019645865,valid,valid,valid,none,gpu_board_power,4,4,4
rubik_vis_vis_reference,loftr,1024,mp,rtx5070ti,65.24604500000001,6104.048338890076,15.356237221466898,valid,valid,valid,none,gpu_board_power,4,4,4
rubik_vis_vis_reference,mast3r,128,fp32,rtx5070ti,26.988668,3292.815103530884,4.961006877705225,valid,valid,valid,none,gpu_board_power,4,4,4
rubik_vis_vis_reference,mast3r,128,mp,rtx5070ti,29.025248,3292.815103530884,4.240620712472518,valid,valid,valid,none,gpu_board_power,4,4,4
rubik_vis_vis_reference,mast3r,256,fp32,rtx5070ti,47.238522,3522.1751499176025,11.700547708356094,valid,valid,valid,none,gpu_board_power,4,4,4
rubik_vis_vis_reference,mast3r,256,mp,rtx5070ti,40.8313385,3522.1751499176025,8.105957417073078,valid,valid,valid,none,gpu_board_power,4,4,4
rubik_vis_vis_reference,mast3r,512,fp32,rtx5070ti,179.8872215,4822.208117485046,44.21132438801067,valid,valid,valid,none,gpu_board_power,4,4,4
rubik_vis_vis_reference,mast3r,512,mp,rtx5070ti,148.700495,5052.208117485046,31.41801303062506,valid,valid,valid,none,gpu_board_power,4,4,4
rubik_vis_vis_reference,mast3r,1024,fp32,rtx5070ti,1440.4294745,11554.208117485046,330.602406221312,valid,valid,valid,none,gpu_board_power,4,4,4
rubik_vis_vis_reference,mast3r,1024,mp,rtx5070ti,1281.0565105,10942.208117485046,261.590457908096,valid,valid,valid,none,gpu_board_power,4,4,4
rubik_vis_vis_reference,matchanything-eloftr,128,fp16,rtx5070ti,14.8136155,426.0460538864136,1.1574594624011387,valid,valid,valid,none,gpu_board_power,4,4,4
rubik_vis_vis_reference,matchanything-eloftr,128,fp32,rtx5070ti,13.675658,714.685055732727,1.3482234977313992,valid,valid,valid,none,gpu_board_power,4,4,4
rubik_vis_vis_reference,matchanything-eloftr,128,mp,rtx5070ti,16.304442,714.0451021194458,1.2850942334985054,valid,valid,valid,none,gpu_board_power,4,4,4
rubik_vis_vis_reference,matchanything-eloftr,256,fp16,rtx5070ti,15.455118,688.0460538864136,1.511607620842572,valid,valid,valid,none,gpu_board_power,4,4,4
rubik_vis_vis_reference,matchanything-eloftr,256,fp32,rtx5070ti,15.142979,992.685055732727,2.2844682246150523,valid,valid,valid,none,gpu_board_power,4,4,4
rubik_vis_vis_reference,matchanything-eloftr,256,mp,rtx5070ti,16.6596635,978.0451021194458,1.6468850647139883,valid,valid,valid,none,gpu_board_power,4,4,4
rubik_vis_vis_reference,matchanything-eloftr,512,fp16,rtx5070ti,22.089517,1696.0460538864136,3.80709079693384,valid,valid,valid,none,gpu_board_power,4,4,4
rubik_vis_vis_reference,matchanything-eloftr,512,fp32,rtx5070ti,29.583495,2180.685055732727,7.011609348403709,valid,valid,valid,none,gpu_board_power,4,4,4
rubik_vis_vis_reference,matchanything-eloftr,512,mp,rtx5070ti,23.7859935,2078.045102119446,4.064204916753528,valid,valid,valid,none,gpu_board_power,4,4,4
rubik_vis_vis_reference,matchanything-eloftr,1024,fp16,rtx5070ti,65.67827399999999,7456.046053886414,14.640233105689518,valid,valid,valid,none,gpu_board_power,4,4,4
rubik_vis_vis_reference,matchanything-eloftr,1024,fp32,rtx5070ti,104.546501,10472.685055732729,28.05082428069111,valid,valid,valid,none,gpu_board_power,4,4,4
rubik_vis_vis_reference,matchanything-eloftr,1024,mp,rtx5070ti,70.356859,10062.045102119446,15.845649660329762,valid,valid,valid,none,gpu_board_power,4,4,4
rubik_vis_vis_reference,orb-cuda,128,native,rtx5070ti,0.2852645,0.6964759826660156,0.0171498143146575,valid,valid,valid,none,gpu_board_power,4,4,4
rubik_vis_vis_reference,orb-cuda,256,native,rtx5070ti,1.281427,2.9518585205078125,0.0870018106150264,valid,valid,valid,none,gpu_board_power,4,4,4
rubik_vis_vis_reference,orb-cuda,512,native,rtx5070ti,2.5504005000000003,3.3900222778320312,0.1784176040104991,valid,valid,valid,none,gpu_board_power,4,4,4
rubik_vis_vis_reference,orb-cuda,1024,native,rtx5070ti,3.4158065,11.07693862915039,0.2665610563742048,valid,valid,valid,none,gpu_board_power,4,4,4
rubik_vis_vis_reference,sift-gpu,128,native,rtx5070ti,6.0018895,9.907495498657228,0.4095490198689731,valid,valid,valid,none,gpu_board_power,4,4,4
rubik_vis_vis_reference,sift-gpu,256,native,rtx5070ti,9.1042335,41.02779579162598,0.654398164418799,valid,valid,valid,none,gpu_board_power,4,4,4
rubik_vis_vis_reference,sift-gpu,512,native,rtx5070ti,16.689916,158.97384071350098,1.3531611881348231,valid,valid,valid,none,gpu_board_power,4,4,4
rubik_vis_vis_reference,sift-gpu,1024,native,rtx5070ti,39.8306,651.72825050354,4.183198978862728,valid,valid,valid,none,gpu_board_power,4,4,4
rubik_vis_vis_reference,superpoint-lightglue,128,fp16,rtx5070ti,5.4909490000000005,166.39089584350586,0.4404722460518011,valid,valid,valid,none,gpu_board_power,4,4,4
rubik_vis_vis_reference,superpoint-lightglue,128,fp32,rtx5070ti,7.227811,388.39089584350586,0.9278758378171532,valid,valid,valid,none,gpu_board_power,4,4,4
rubik_vis_vis_reference,superpoint-lightglue,128,mp,rtx5070ti,6.649654,168.39089584350586,0.5245010450813972,valid,valid,valid,none,gpu_board_power,4,4,4
rubik_vis_vis_reference,superpoint-lightglue,256,fp16,rtx5070ti,5.318638,180.39089584350583,0.5315815545476876,valid,valid,valid,none,gpu_board_power,4,4,4
rubik_vis_vis_reference,superpoint-lightglue,256,fp32,rtx5070ti,6.2633085,314.39089584350586,1.0145474683472098,valid,valid,valid,none,gpu_board_power,4,4,4
rubik_vis_vis_reference,superpoint-lightglue,256,mp,rtx5070ti,4.774239,190.39089584350583,0.5519413603840312,valid,valid,valid,none,gpu_board_power,4,4,4
rubik_vis_vis_reference,superpoint-lightglue,512,fp16,rtx5070ti,6.9765765,290.39089584350586,1.1084205692746265,valid,valid,valid,none,gpu_board_power,4,4,4
rubik_vis_vis_reference,superpoint-lightglue,512,fp32,rtx5070ti,12.153006,340.39089584350586,2.7266604513859543,valid,valid,valid,none,gpu_board_power,4,4,4
rubik_vis_vis_reference,superpoint-lightglue,512,mp,rtx5070ti,9.005355999999999,308.39089584350586,1.632801585609309,valid,valid,valid,none,gpu_board_power,4,4,4
rubik_vis_vis_reference,superpoint-lightglue,1024,fp16,rtx5070ti,16.996876999999998,682.3908958435059,3.8444534565725528,valid,valid,valid,none,gpu_board_power,4,4,4
rubik_vis_vis_reference,superpoint-lightglue,1024,fp32,rtx5070ti,34.8962145,898.3908958435059,9.933169256447048,valid,valid,valid,none,gpu_board_power,4,4,4
rubik_vis_vis_reference,superpoint-lightglue,1024,mp,rtx5070ti,22.8322015,698.3908958435059,5.601057346326116,valid,valid,valid,none,gpu_board_power,4,4,4
rubik_vis_vis_reference,superpoint-superglue,128,fp16,rtx5070ti,9.8523975,166.20554065704346,0.631723896562165,valid,valid,valid,none,gpu_board_power,4,4,4
rubik_vis_vis_reference,superpoint-superglue,128,fp32,rtx5070ti,11.054996,388.2045888900757,1.198458683348689,valid,valid,valid,none,gpu_board_power,4,4,4
rubik_vis_vis_reference,superpoint-superglue,128,mp,rtx5070ti,10.4379845,168.20458889007568,0.8125630750291243,valid,valid,valid,none,gpu_board_power,4,4,4
rubik_vis_vis_reference,superpoint-superglue,256,fp16,rtx5070ti,8.044375500000001,180.20554065704343,0.7705945913104153,valid,valid,valid,none,gpu_board_power,4,4,4
rubik_vis_vis_reference,superpoint-superglue,256,fp32,rtx5070ti,10.9449525,310.2045888900757,1.3849317814859352,valid,valid,valid,none,gpu_board_power,4,4,4
rubik_vis_vis_reference,superpoint-superglue,256,mp,rtx5070ti,10.321594,184.20458889007568,0.9656465335749972,valid,valid,valid,none,gpu_board_power,4,4,4
rubik_vis_vis_reference,superpoint-superglue,512,fp16,rtx5070ti,9.112389,290.20554065704346,1.3201121263187146,valid,valid,valid,none,gpu_board_power,4,4,4
rubik_vis_vis_reference,superpoint-superglue,512,fp32,rtx5070ti,15.032343,338.2045888900757,3.0033844077521645,valid,valid,valid,none,gpu_board_power,4,4,4
rubik_vis_vis_reference,superpoint-superglue,512,mp,rtx5070ti,11.4354945,298.2045888900757,1.5436462633001995,valid,valid,valid,none,gpu_board_power,4,4,4
rubik_vis_vis_reference,superpoint-superglue,1024,fp16,rtx5070ti,17.870918500000002,682.2055406570435,4.186951761789345,valid,valid,valid,none,gpu_board_power,4,4,4
rubik_vis_vis_reference,superpoint-superglue,1024,fp32,rtx5070ti,40.731288,894.2045888900757,11.37575598202497,valid,valid,valid,none,gpu_board_power,4,4,4
rubik_vis_vis_reference,superpoint-superglue,1024,mp,rtx5070ti,22.1456935,692.2045888900757,4.8400229112034605,valid,valid,valid,none,gpu_board_power,4,4,4
sthereo_day_night_thermal_thermal,dkm,128,fp32,rtx5070ti,651.0439815,13764.461302757263,163.975845055872,valid,valid,valid,none,gpu_board_power,4,4,4
sthereo_day_night_thermal_thermal,dkm,128,mp,rtx5070ti,449.3822895,13622.461576461792,101.85401395785144,valid,valid,valid,none,gpu_board_power,4,4,4
sthereo_day_night_thermal_thermal,dkm,256,fp32,rtx5070ti,651.478114,13764.461302757263,164.049045564288,valid,valid,valid,none,gpu_board_power,4,4,4
sthereo_day_night_thermal_thermal,dkm,256,mp,rtx5070ti,451.5429145,13622.461576461792,101.94297265216,valid,valid,valid,none,gpu_board_power,4,4,4
sthereo_day_night_thermal_thermal,dkm,512,fp32,rtx5070ti,653.1620205,13764.461302757263,163.77879001056,valid,valid,valid,none,gpu_board_power,4,4,4
sthereo_day_night_thermal_thermal,dkm,512,mp,rtx5070ti,453.085438,13622.461576461792,102.05296568818288,valid,valid,valid,none,gpu_board_power,4,4,4
sthereo_day_night_thermal_thermal,dkm,1024,fp32,rtx5070ti,659.272604,13764.461302757263,164.36207570879998,valid,valid,valid,none,gpu_board_power,4,4,4
sthereo_day_night_thermal_thermal,dkm,1024,mp,rtx5070ti,458.017158,13622.461576461792,102.39658326953143,valid,valid,valid,none,gpu_board_power,4,4,4
sthereo_day_night_thermal_thermal,efficientloftr,128,fp16,rtx5070ti,13.3003865,422.0460538864136,1.0861225832090464,valid,valid,valid,none,gpu_board_power,4,4,4
sthereo_day_night_thermal_thermal,efficientloftr,128,fp32,rtx5070ti,12.657016,712.685055732727,1.3761484212221728,valid,valid,valid,none,gpu_board_power,4,4,4
sthereo_day_night_thermal_thermal,efficientloftr,128,mp,rtx5070ti,15.276178,710.0451021194458,1.2437258221283054,valid,valid,valid,none,gpu_board_power,4,4,4
sthereo_day_night_thermal_thermal,efficientloftr,256,fp16,rtx5070ti,15.028542,686.0460538864136,1.6342556912596744,valid,valid,valid,none,gpu_board_power,4,4,4
sthereo_day_night_thermal_thermal,efficientloftr,256,fp32,rtx5070ti,15.562976,988.685055732727,2.781833534834548,valid,valid,valid,none,gpu_board_power,4,4,4
sthereo_day_night_thermal_thermal,efficientloftr,256,mp,rtx5070ti,16.608006,972.0451021194458,1.8341502174156576,valid,valid,valid,none,gpu_board_power,4,4,4
sthereo_day_night_thermal_thermal,efficientloftr,512,fp16,rtx5070ti,24.0462935,1856.0460538864136,4.4170262520207935,valid,valid,valid,none,gpu_board_power,4,4,4
sthereo_day_night_thermal_thermal,efficientloftr,512,fp32,rtx5070ti,33.2443495,2242.685055732727,8.233407067335488,valid,valid,valid,none,gpu_board_power,4,4,4
sthereo_day_night_thermal_thermal,efficientloftr,512,mp,rtx5070ti,26.8688435,2152.045102119446,4.812110212420737,valid,valid,valid,none,gpu_board_power,4,4,4
sthereo_day_night_thermal_thermal,efficientloftr,1024,fp16,rtx5070ti,88.5330185,7790.046053886414,20.17297852044825,valid,valid,valid,none,gpu_board_power,4,4,4
sthereo_day_night_thermal_thermal,efficientloftr,1024,fp32,rtx5070ti,133.783077,10480.685055732729,36.910144154370265,valid,valid,valid,none,gpu_board_power,4,4,4
sthereo_day_night_thermal_thermal,efficientloftr,1024,mp,rtx5070ti,98.1423105,10078.045102119446,22.62856023773972,valid,valid,valid,none,gpu_board_power,4,4,4
sthereo_day_night_thermal_thermal,loftr,128,fp16,rtx5070ti,8.4172855,184.04929065704343,0.7941563778987633,valid,valid,valid,none,gpu_board_power,4,4,4
sthereo_day_night_thermal_thermal,loftr,128,fp32,rtx5070ti,8.115565,244.68829250335693,1.2464687601928135,valid,valid,valid,none,gpu_board_power,4,4,4
sthereo_day_night_thermal_thermal,loftr,128,mp,rtx5070ti,10.0865505,226.04833889007568,0.9430847521351255,valid,valid,valid,none,gpu_board_power,4,4,4
sthereo_day_night_thermal_thermal,loftr,256,fp16,rtx5070ti,9.0105125,418.04929065704346,1.3898189647146049,valid,valid,valid,none,gpu_board_power,4,4,4
sthereo_day_night_thermal_thermal,loftr,256,fp32,rtx5070ti,13.12568,428.6882925033569,3.085993805765669,valid,valid,valid,none,gpu_board_power,4,4,4
sthereo_day_night_thermal_thermal,loftr,256,mp,rtx5070ti,10.778363,458.0483388900757,1.543246656287261,valid,valid,valid,none,gpu_board_power,4,4,4
sthereo_day_night_thermal_thermal,loftr,512,fp16,rtx5070ti,19.8280815,1418.0492906570437,4.442336944338975,valid,valid,valid,none,gpu_board_power,4,4,4
sthereo_day_night_thermal_thermal,loftr,512,fp32,rtx5070ti,39.109626500000005,1506.688292503357,11.164812898749418,valid,valid,valid,none,gpu_board_power,4,4,4
sthereo_day_night_thermal_thermal,loftr,512,mp,rtx5070ti,22.4364635,1458.0483388900757,4.783917283459522,valid,valid,valid,none,gpu_board_power,4,4,4
sthereo_day_night_thermal_thermal,loftr,1024,fp16,rtx5070ti,87.6844855,7340.0492906570435,20.797391005251765,valid,valid,valid,none,gpu_board_power,4,4,4
sthereo_day_night_thermal_thermal,loftr,1024,fp32,rtx5070ti,163.25638800000002,7510.688292503357,47.74865999417081,valid,valid,valid,none,gpu_board_power,4,4,4
sthereo_day_night_thermal_thermal,loftr,1024,mp,rtx5070ti,95.469478,6104.048338890076,22.48008202369688,valid,valid,valid,none,gpu_board_power,4,4,4
sthereo_day_night_thermal_thermal,mast3r,128,fp32,rtx5070ti,28.741507,3292.815103530884,5.488527410356015,valid,valid,valid,none,gpu_board_power,4,4,4
sthereo_day_night_thermal_thermal,mast3r,128,mp,rtx5070ti,30.264244,3292.815103530884,4.625465339483247,valid,valid,valid,none,gpu_board_power,4,4,4
sthereo_day_night_thermal_thermal,mast3r,256,fp32,rtx5070ti,57.5700085,3522.1751499176025,14.909351912998892,valid,valid,valid,none,gpu_board_power,4,4,4
sthereo_day_night_thermal_thermal,mast3r,256,mp,rtx5070ti,47.18574,3522.1751499176025,10.057059715728249,valid,valid,valid,none,gpu_board_power,4,4,4
sthereo_day_night_thermal_thermal,mast3r,512,fp32,rtx5070ti,298.850185,4822.208117485046,69.88533036384456,valid,valid,valid,none,gpu_board_power,4,4,4
sthereo_day_night_thermal_thermal,mast3r,512,mp,rtx5070ti,252.8276275,5052.208117485046,50.95239534395214,valid,valid,valid,none,gpu_board_power,4,4,4
sthereo_day_night_thermal_thermal,mast3r,1024,fp32,rtx5070ti,2647.280392,11554.208117485046,602.3103419225599,valid,valid,valid,none,gpu_board_power,4,4,4
sthereo_day_night_thermal_thermal,mast3r,1024,mp,rtx5070ti,2376.828012,10942.208117485046,495.21372123776,valid,valid,valid,none,gpu_board_power,4,4,4
sthereo_day_night_thermal_thermal,matchanything-eloftr,128,fp16,rtx5070ti,14.852098,426.0460538864136,1.2041359415893331,valid,valid,valid,none,gpu_board_power,4,4,4
sthereo_day_night_thermal_thermal,matchanything-eloftr,128,fp32,rtx5070ti,13.803129,714.685055732727,1.4825352636804232,valid,valid,valid,none,gpu_board_power,4,4,4
sthereo_day_night_thermal_thermal,matchanything-eloftr,128,mp,rtx5070ti,16.273989999999998,714.0451021194458,1.3380656419952015,valid,valid,valid,none,gpu_board_power,4,4,4
sthereo_day_night_thermal_thermal,matchanything-eloftr,256,fp16,rtx5070ti,16.3846475,688.0460538864136,1.812760605644236,valid,valid,valid,none,gpu_board_power,4,4,4
sthereo_day_night_thermal_thermal,matchanything-eloftr,256,fp32,rtx5070ti,16.999297,992.685055732727,2.987225910071924,valid,valid,valid,none,gpu_board_power,4,4,4
sthereo_day_night_thermal_thermal,matchanything-eloftr,256,mp,rtx5070ti,17.717055000000002,978.0451021194458,1.982009789903316,valid,valid,valid,none,gpu_board_power,4,4,4
sthereo_day_night_thermal_thermal,matchanything-eloftr,512,fp16,rtx5070ti,26.924457,1696.0460538864136,4.804932184249514,valid,valid,valid,none,gpu_board_power,4,4,4
sthereo_day_night_thermal_thermal,matchanything-eloftr,512,fp32,rtx5070ti,37.608723,2180.685055732727,9.07324907885948,valid,valid,valid,none,gpu_board_power,4,4,4
sthereo_day_night_thermal_thermal,matchanything-eloftr,512,mp,rtx5070ti,28.488342,2078.045102119446,5.181009637637114,valid,valid,valid,none,gpu_board_power,4,4,4
sthereo_day_night_thermal_thermal,matchanything-eloftr,1024,fp16,rtx5070ti,95.755384,7456.046053886414,20.96366035962921,valid,valid,valid,none,gpu_board_power,4,4,4
sthereo_day_night_thermal_thermal,matchanything-eloftr,1024,fp32,rtx5070ti,149.43030349999998,10472.685055732729,39.948120963568,valid,valid,valid,none,gpu_board_power,4,4,4
sthereo_day_night_thermal_thermal,matchanything-eloftr,1024,mp,rtx5070ti,103.873935,10062.045102119446,23.13798465299862,valid,valid,valid,none,gpu_board_power,4,4,4
sthereo_day_night_thermal_thermal,orb-cuda,128,native,rtx5070ti,0.434872,0.7543373107910156,0.0266823801744949,valid,valid,valid,none,gpu_board_power,4,4,4
sthereo_day_night_thermal_thermal,orb-cuda,256,native,rtx5070ti,1.156967,2.9748077392578125,0.0768614645761422,valid,valid,valid,none,gpu_board_power,4,4,4
sthereo_day_night_thermal_thermal,orb-cuda,512,native,rtx5070ti,1.6801309999999998,3.669029235839844,0.1172999655211178,valid,valid,valid,none,gpu_board_power,4,4,4
sthereo_day_night_thermal_thermal,orb-cuda,1024,native,rtx5070ti,2.1809925000000003,12.343391418457031,0.175668813512264,valid,valid,valid,none,gpu_board_power,4,4,4
sthereo_day_night_thermal_thermal,sift-gpu,128,native,rtx5070ti,4.8275745,9.867212295532228,0.334732776523757,valid,valid,valid,none,gpu_board_power,4,4,4
sthereo_day_night_thermal_thermal,sift-gpu,256,native,rtx5070ti,6.3583035,40.83394813537598,0.4697886413884501,valid,valid,valid,none,gpu_board_power,4,4,4
sthereo_day_night_thermal_thermal,sift-gpu,512,native,rtx5070ti,9.845268,157.50362586975098,0.8015236064516125,valid,valid,valid,none,gpu_board_power,4,4,4
sthereo_day_night_thermal_thermal,sift-gpu,1024,native,rtx5070ti,15.385860999999998,646.230936050415,1.4951180189507256,valid,valid,valid,none,gpu_board_power,4,4,4
sthereo_day_night_thermal_thermal,superpoint-lightglue,128,fp16,rtx5070ti,6.129856500000001,166.39089584350586,0.4732208966703614,valid,valid,valid,none,gpu_board_power,4,4,4
sthereo_day_night_thermal_thermal,superpoint-lightglue,128,fp32,rtx5070ti,6.5981965,388.39089584350586,0.724205600756434,valid,valid,valid,none,gpu_board_power,4,4,4
sthereo_day_night_thermal_thermal,superpoint-lightglue,128,mp,rtx5070ti,6.60258,168.39089584350586,0.541740953299287,valid,valid,valid,none,gpu_board_power,4,4,4
sthereo_day_night_thermal_thermal,superpoint-lightglue,256,fp16,rtx5070ti,6.1927,180.39089584350583,0.6552439843919622,valid,valid,valid,none,gpu_board_power,4,4,4
sthereo_day_night_thermal_thermal,superpoint-lightglue,256,fp32,rtx5070ti,7.7508305,314.39089584350586,1.3124234911637571,valid,valid,valid,none,gpu_board_power,4,4,4
sthereo_day_night_thermal_thermal,superpoint-lightglue,256,mp,rtx5070ti,6.7672365,190.39089584350583,0.8065109813503597,valid,valid,valid,none,gpu_board_power,4,4,4
sthereo_day_night_thermal_thermal,superpoint-lightglue,512,fp16,rtx5070ti,6.5467845,290.39089584350586,1.1579017435364518,valid,valid,valid,none,gpu_board_power,4,4,4
sthereo_day_night_thermal_thermal,superpoint-lightglue,512,fp32,rtx5070ti,12.5011035,340.39089584350586,3.0899402516286782,valid,valid,valid,none,gpu_board_power,4,4,4
sthereo_day_night_thermal_thermal,superpoint-lightglue,512,mp,rtx5070ti,7.9694735,308.39089584350586,1.5235860677908657,valid,valid,valid,none,gpu_board_power,4,4,4
sthereo_day_night_thermal_thermal,superpoint-lightglue,1024,fp16,rtx5070ti,16.16263,682.3908958435059,3.57681411735357,valid,valid,valid,none,gpu_board_power,4,4,4
sthereo_day_night_thermal_thermal,superpoint-lightglue,1024,fp32,rtx5070ti,36.013456500000004,898.3908958435059,10.111223033346787,valid,valid,valid,none,gpu_board_power,4,4,4
sthereo_day_night_thermal_thermal,superpoint-lightglue,1024,mp,rtx5070ti,17.8084905,698.3908958435059,4.099453089900472,valid,valid,valid,none,gpu_board_power,4,4,4
sthereo_day_night_thermal_thermal,superpoint-superglue,128,fp16,rtx5070ti,8.091529000000001,166.20554065704346,0.6320875990609179,valid,valid,valid,none,gpu_board_power,4,4,4
sthereo_day_night_thermal_thermal,superpoint-superglue,128,fp32,rtx5070ti,9.90703,388.2045888900757,0.9576908846255026,valid,valid,valid,none,gpu_board_power,4,4,4
sthereo_day_night_thermal_thermal,superpoint-superglue,128,mp,rtx5070ti,10.345524,168.20458889007568,0.8238809505247984,valid,valid,valid,none,gpu_board_power,4,4,4
sthereo_day_night_thermal_thermal,superpoint-superglue,256,fp16,rtx5070ti,8.2652775,180.20554065704343,0.787161120935508,valid,valid,valid,none,gpu_board_power,4,4,4
sthereo_day_night_thermal_thermal,superpoint-superglue,256,fp32,rtx5070ti,11.371875,310.2045888900757,1.540490636999986,valid,valid,valid,none,gpu_board_power,4,4,4
sthereo_day_night_thermal_thermal,superpoint-superglue,256,mp,rtx5070ti,10.3266935,184.20458889007568,0.9828616447012004,valid,valid,valid,none,gpu_board_power,4,4,4
sthereo_day_night_thermal_thermal,superpoint-superglue,512,fp16,rtx5070ti,9.8703515,290.20554065704346,1.3865522890495074,valid,valid,valid,none,gpu_board_power,4,4,4
sthereo_day_night_thermal_thermal,superpoint-superglue,512,fp32,rtx5070ti,16.5053375,338.2045888900757,3.355144292517716,valid,valid,valid,none,gpu_board_power,4,4,4
sthereo_day_night_thermal_thermal,superpoint-superglue,512,mp,rtx5070ti,12.0831645,298.2045888900757,1.5912628985257404,valid,valid,valid,none,gpu_board_power,4,4,4
sthereo_day_night_thermal_thermal,superpoint-superglue,1024,fp16,rtx5070ti,18.2222625,682.2055406570435,3.688856486460519,valid,valid,valid,none,gpu_board_power,4,4,4
sthereo_day_night_thermal_thermal,superpoint-superglue,1024,fp32,rtx5070ti,37.5264155,894.2045888900757,10.130933298302017,valid,valid,valid,none,gpu_board_power,4,4,4
sthereo_day_night_thermal_thermal,superpoint-superglue,1024,mp,rtx5070ti,21.268705500000003,692.2045888900757,3.8887557353606734,valid,valid,valid,none,gpu_board_power,4,4,4
sthereo_day_night_vis_vis,dkm,128,fp32,rtx5070ti,649.1699075,13764.461302757263,163.58293181331197,valid,valid,valid,none,gpu_board_power,4,4,4
sthereo_day_night_vis_vis,dkm,128,mp,rtx5070ti,447.907043,13622.461576461792,101.39071531369144,valid,valid,valid,none,gpu_board_power,4,4,4
sthereo_day_night_vis_vis,dkm,256,fp32,rtx5070ti,649.4463659999999,13764.461302757263,163.10364969152,valid,valid,valid,none,gpu_board_power,4,4,4
sthereo_day_night_vis_vis,dkm,256,mp,rtx5070ti,448.7038815,13622.461576461792,101.29262307181712,valid,valid,valid,none,gpu_board_power,4,4,4
sthereo_day_night_vis_vis,dkm,512,fp32,rtx5070ti,647.663806,13764.461302757263,162.80186500249602,valid,valid,valid,none,gpu_board_power,4,4,4
sthereo_day_night_vis_vis,dkm,512,mp,rtx5070ti,447.7616745,13622.461576461792,101.26006583830858,valid,valid,valid,none,gpu_board_power,4,4,4
sthereo_day_night_vis_vis,dkm,1024,fp32,rtx5070ti,650.5617325000001,13764.461302757263,163.393180009792,valid,valid,valid,none,gpu_board_power,4,4,4
sthereo_day_night_vis_vis,dkm,1024,mp,rtx5070ti,450.358766,13622.461576461792,101.32170690994286,valid,valid,valid,none,gpu_board_power,4,4,4
sthereo_day_night_vis_vis,efficientloftr,128,fp16,rtx5070ti,11.569469,422.0460538864136,0.8405062846517677,valid,valid,valid,none,gpu_board_power,4,4,4
sthereo_day_night_vis_vis,efficientloftr,128,fp32,rtx5070ti,11.1168905,712.685055732727,0.9576785048981512,valid,valid,valid,none,gpu_board_power,4,4,4
sthereo_day_night_vis_vis,efficientloftr,128,mp,rtx5070ti,13.4579295,710.0451021194458,0.9953151252048222,valid,valid,valid,none,gpu_board_power,4,4,4
sthereo_day_night_vis_vis,efficientloftr,256,fp16,rtx5070ti,13.6663205,686.0460538864136,1.274677118018541,valid,valid,valid,none,gpu_board_power,4,4,4
sthereo_day_night_vis_vis,efficientloftr,256,fp32,rtx5070ti,13.8235475,988.685055732727,1.8675214671521123,valid,valid,valid,none,gpu_board_power,4,4,4
sthereo_day_night_vis_vis,efficientloftr,256,mp,rtx5070ti,15.376076,972.0451021194458,1.4308614153118735,valid,valid,valid,none,gpu_board_power,4,4,4
sthereo_day_night_vis_vis,efficientloftr,512,fp16,rtx5070ti,18.969103500000003,1856.0460538864136,2.9002565775129465,valid,valid,valid,none,gpu_board_power,4,4,4
sthereo_day_night_vis_vis,efficientloftr,512,fp32,rtx5070ti,21.909161,2242.685055732727,4.888341081376471,valid,valid,valid,none,gpu_board_power,4,4,4
sthereo_day_night_vis_vis,efficientloftr,512,mp,rtx5070ti,20.811436,2152.045102119446,3.133331887361914,valid,valid,valid,none,gpu_board_power,4,4,4
sthereo_day_night_vis_vis,efficientloftr,1024,fp16,rtx5070ti,47.81731,7790.046053886414,10.61590991995392,valid,valid,valid,none,gpu_board_power,4,4,4
sthereo_day_night_vis_vis,efficientloftr,1024,fp32,rtx5070ti,73.140872,10480.685055732729,19.55390621060683,valid,valid,valid,none,gpu_board_power,4,4,4
sthereo_day_night_vis_vis,efficientloftr,1024,mp,rtx5070ti,52.149513,10078.045102119446,11.577263723438133,valid,valid,valid,none,gpu_board_power,4,4,4
sthereo_day_night_vis_vis,loftr,128,fp16,rtx5070ti,8.374434,184.04929065704343,0.7176972857118402,valid,valid,valid,none,gpu_board_power,4,4,4
sthereo_day_night_vis_vis,loftr,128,fp32,rtx5070ti,8.081405499999999,244.68829250335693,1.0282331587586089,valid,valid,valid,none,gpu_board_power,4,4,4
sthereo_day_night_vis_vis,loftr,128,mp,rtx5070ti,10.02837,226.04833889007568,0.8631654564315165,valid,valid,valid,none,gpu_board_power,4,4,4
sthereo_day_night_vis_vis,loftr,256,fp16,rtx5070ti,8.854981500000001,418.04929065704346,1.0876042945061446,valid,valid,valid,none,gpu_board_power,4,4,4
sthereo_day_night_vis_vis,loftr,256,fp32,rtx5070ti,9.9261875,428.6882925033569,1.917622567381924,valid,valid,valid,none,gpu_board_power,4,4,4
sthereo_day_night_vis_vis,loftr,256,mp,rtx5070ti,10.584945,458.0483388900757,1.2328965485357015,valid,valid,valid,none,gpu_board_power,4,4,4
sthereo_day_night_vis_vis,loftr,512,fp16,rtx5070ti,12.819173,1418.0492906570437,2.5870410212260704,valid,valid,valid,none,gpu_board_power,4,4,4
sthereo_day_night_vis_vis,loftr,512,fp32,rtx5070ti,23.7584015,1506.688292503357,6.284026101694119,valid,valid,valid,none,gpu_board_power,4,4,4
sthereo_day_night_vis_vis,loftr,512,mp,rtx5070ti,14.268527,1458.0483388900757,2.7646153252314853,valid,valid,valid,none,gpu_board_power,4,4,4
sthereo_day_night_vis_vis,loftr,1024,fp16,rtx5070ti,45.9293865,7340.0492906570435,10.708895214183702,valid,valid,valid,none,gpu_board_power,4,4,4
sthereo_day_night_vis_vis,loftr,1024,fp32,rtx5070ti,85.524395,7510.688292503357,24.70114743229721,valid,valid,valid,none,gpu_board_power,4,4,4
sthereo_day_night_vis_vis,loftr,1024,mp,rtx5070ti,49.638731500000006,6104.048338890076,11.367185364693333,valid,valid,valid,none,gpu_board_power,4,4,4
sthereo_day_night_vis_vis,mast3r,128,fp32,rtx5070ti,25.104801,3292.815103530884,4.421654942344352,valid,valid,valid,none,gpu_board_power,4,4,4
sthereo_day_night_vis_vis,mast3r,128,mp,rtx5070ti,27.622156,3292.815103530884,3.953259497586192,valid,valid,valid,none,gpu_board_power,4,4,4
sthereo_day_night_vis_vis,mast3r,256,fp32,rtx5070ti,39.417273,3522.1751499176025,8.61196531184509,valid,valid,valid,none,gpu_board_power,4,4,4
sthereo_day_night_vis_vis,mast3r,256,mp,rtx5070ti,35.1477975,3522.1751499176025,6.420444998780235,valid,valid,valid,none,gpu_board_power,4,4,4
sthereo_day_night_vis_vis,mast3r,512,fp32,rtx5070ti,140.9023,4822.208117485046,33.2009804031596,valid,valid,valid,none,gpu_board_power,4,4,4
sthereo_day_night_vis_vis,mast3r,512,mp,rtx5070ti,119.6738495,5052.208117485046,23.9889332497536,valid,valid,valid,none,gpu_board_power,4,4,4
sthereo_day_night_vis_vis,mast3r,1024,fp32,rtx5070ti,912.0826735,11554.208117485046,209.02491663744,valid,valid,valid,none,gpu_board_power,4,4,4
sthereo_day_night_vis_vis,mast3r,1024,mp,rtx5070ti,814.7532305,10942.208117485046,167.39582445168,valid,valid,valid,none,gpu_board_power,4,4,4
sthereo_day_night_vis_vis,matchanything-eloftr,128,fp16,rtx5070ti,13.061625,426.0460538864136,0.9543716678128854,valid,valid,valid,none,gpu_board_power,4,4,4
sthereo_day_night_vis_vis,matchanything-eloftr,128,fp32,rtx5070ti,12.1137465,714.685055732727,1.0303852364095458,valid,valid,valid,none,gpu_board_power,4,4,4
sthereo_day_night_vis_vis,matchanything-eloftr,128,mp,rtx5070ti,14.368003,714.0451021194458,1.075238886557114,valid,valid,valid,none,gpu_board_power,4,4,4
sthereo_day_night_vis_vis,matchanything-eloftr,256,fp16,rtx5070ti,15.0689625,688.0460538864136,1.4116851989315218,valid,valid,valid,none,gpu_board_power,4,4,4
sthereo_day_night_vis_vis,matchanything-eloftr,256,fp32,rtx5070ti,14.83452,992.685055732727,1.996339897689623,valid,valid,valid,none,gpu_board_power,4,4,4
sthereo_day_night_vis_vis,matchanything-eloftr,256,mp,rtx5070ti,16.549936000000002,978.0451021194458,1.5307209128703376,valid,valid,valid,none,gpu_board_power,4,4,4
sthereo_day_night_vis_vis,matchanything-eloftr,512,fp16,rtx5070ti,20.882142,1696.0460538864136,3.1125604567817176,valid,valid,valid,none,gpu_board_power,4,4,4
sthereo_day_night_vis_vis,matchanything-eloftr,512,fp32,rtx5070ti,23.6495565,2180.685055732727,5.22736945493268,valid,valid,valid,none,gpu_board_power,4,4,4
sthereo_day_night_vis_vis,matchanything-eloftr,512,mp,rtx5070ti,21.420376500000003,2078.045102119446,3.2912084607629355,valid,valid,valid,none,gpu_board_power,4,4,4
sthereo_day_night_vis_vis,matchanything-eloftr,1024,fp16,rtx5070ti,50.3252665,7456.046053886414,11.067425836778488,valid,valid,valid,none,gpu_board_power,4,4,4
sthereo_day_night_vis_vis,matchanything-eloftr,1024,fp32,rtx5070ti,79.5288235,10472.685055732729,21.09200704554532,valid,valid,valid,none,gpu_board_power,4,4,4
sthereo_day_night_vis_vis,matchanything-eloftr,1024,mp,rtx5070ti,53.6955105,10062.045102119446,11.86048107424278,valid,valid,valid,none,gpu_board_power,4,4,4
sthereo_day_night_vis_vis,orb-cuda,128,native,rtx5070ti,0.0084105,0.5811958312988281,0.0005958257729824,valid,valid,valid,none,gpu_board_power,4,4,4
sthereo_day_night_vis_vis,orb-cuda,256,native,rtx5070ti,0.8765715000000001,2.836963653564453,0.0569272908905898,valid,valid,valid,none,gpu_board_power,4,4,4
sthereo_day_night_vis_vis,orb-cuda,512,native,rtx5070ti,1.937317,3.167221069335937,0.1326011337935205,valid,valid,valid,none,gpu_board_power,4,4,4
sthereo_day_night_vis_vis,orb-cuda,1024,native,rtx5070ti,2.680096,10.240413665771484,0.2023536674348942,valid,valid,valid,none,gpu_board_power,4,4,4
sthereo_day_night_vis_vis,sift-gpu,128,native,rtx5070ti,3.008952,9.814722061157228,0.2049760440066493,valid,valid,valid,none,gpu_board_power,4,4,4
sthereo_day_night_vis_vis,sift-gpu,256,native,rtx5070ti,5.1678785000000005,40.78121376037598,0.3692205343513082,valid,valid,valid,none,gpu_board_power,4,4,4
sthereo_day_night_vis_vis,sift-gpu,512,native,rtx5070ti,8.852272500000002,157.76583290100098,0.7005449406394071,valid,valid,valid,none,gpu_board_power,4,4,4
sthereo_day_night_vis_vis,sift-gpu,1024,native,rtx5070ti,18.583526,647.70920753479,1.6890114491993296,valid,valid,valid,none,gpu_board_power,4,4,4
sthereo_day_night_vis_vis,superpoint-lightglue,128,fp16,rtx5070ti,5.6923195,166.39089584350586,0.4189188846680766,valid,valid,valid,none,gpu_board_power,4,4,4
sthereo_day_night_vis_vis,superpoint-lightglue,128,fp32,rtx5070ti,6.0470945,388.39089584350586,0.5777786543467031,valid,valid,valid,none,gpu_board_power,4,4,4
sthereo_day_night_vis_vis,superpoint-lightglue,128,mp,rtx5070ti,6.33272,168.39089584350586,0.477611719080978,valid,valid,valid,none,gpu_board_power,4,4,4
sthereo_day_night_vis_vis,superpoint-lightglue,256,fp16,rtx5070ti,5.1739595000000005,180.39089584350583,0.4837424447715539,valid,valid,valid,none,gpu_board_power,4,4,4
sthereo_day_night_vis_vis,superpoint-lightglue,256,fp32,rtx5070ti,6.177527,314.39089584350586,0.8733627436029079,valid,valid,valid,none,gpu_board_power,4,4,4
sthereo_day_night_vis_vis,superpoint-lightglue,256,mp,rtx5070ti,5.6756975,190.39089584350583,0.5749037080542476,valid,valid,valid,none,gpu_board_power,4,4,4
sthereo_day_night_vis_vis,superpoint-lightglue,512,fp16,rtx5070ti,5.323377000000001,290.39089584350586,0.7224650590515277,valid,valid,valid,none,gpu_board_power,4,4,4
sthereo_day_night_vis_vis,superpoint-lightglue,512,fp32,rtx5070ti,7.734379000000001,340.39089584350586,1.6231876949447916,valid,valid,valid,none,gpu_board_power,4,4,4
sthereo_day_night_vis_vis,superpoint-lightglue,512,mp,rtx5070ti,5.517459000000001,308.39089584350586,0.8363763428751845,valid,valid,valid,none,gpu_board_power,4,4,4
sthereo_day_night_vis_vis,superpoint-lightglue,1024,fp16,rtx5070ti,9.604975,682.3908958435059,2.057095742226707,valid,valid,valid,none,gpu_board_power,4,4,4
sthereo_day_night_vis_vis,superpoint-lightglue,1024,fp32,rtx5070ti,20.3777925,898.3908958435059,5.74801396458321,valid,valid,valid,none,gpu_board_power,4,4,4
sthereo_day_night_vis_vis,superpoint-lightglue,1024,mp,rtx5070ti,11.412141,698.3908958435059,2.4732576911138064,valid,valid,valid,none,gpu_board_power,4,4,4
sthereo_day_night_vis_vis,superpoint-superglue,128,fp16,rtx5070ti,8.316378499999999,166.20554065704346,0.6285085754386156,valid,valid,valid,none,gpu_board_power,4,4,4
sthereo_day_night_vis_vis,superpoint-superglue,128,fp32,rtx5070ti,9.5687765,388.2045888900757,0.842039077038883,valid,valid,valid,none,gpu_board_power,4,4,4
sthereo_day_night_vis_vis,superpoint-superglue,128,mp,rtx5070ti,10.6332925,168.20458889007568,0.8146834506151499,valid,valid,valid,none,gpu_board_power,4,4,4
sthereo_day_night_vis_vis,superpoint-superglue,256,fp16,rtx5070ti,8.119351,180.20554065704343,0.7074133086531676,valid,valid,valid,none,gpu_board_power,4,4,4
sthereo_day_night_vis_vis,superpoint-superglue,256,fp32,rtx5070ti,10.3725905,310.2045888900757,1.1762788898732812,valid,valid,valid,none,gpu_board_power,4,4,4
sthereo_day_night_vis_vis,superpoint-superglue,256,mp,rtx5070ti,10.2571875,184.20458889007568,0.904078075874334,valid,valid,valid,none,gpu_board_power,4,4,4
sthereo_day_night_vis_vis,superpoint-superglue,512,fp16,rtx5070ti,8.8112645,290.20554065704346,1.0352437840832325,valid,valid,valid,none,gpu_board_power,4,4,4
sthereo_day_night_vis_vis,superpoint-superglue,512,fp32,rtx5070ti,13.082768,338.2045888900757,2.173481266490586,valid,valid,valid,none,gpu_board_power,4,4,4
sthereo_day_night_vis_vis,superpoint-superglue,512,mp,rtx5070ti,11.0112175,298.2045888900757,1.2583589596686502,valid,valid,valid,none,gpu_board_power,4,4,4
sthereo_day_night_vis_vis,superpoint-superglue,1024,fp16,rtx5070ti,13.5098755,682.2055406570435,2.577493419363011,valid,valid,valid,none,gpu_board_power,4,4,4
sthereo_day_night_vis_vis,superpoint-superglue,1024,fp32,rtx5070ti,27.6973165,894.2045888900757,6.846726891940018,valid,valid,valid,none,gpu_board_power,4,4,4
sthereo_day_night_vis_vis,superpoint-superglue,1024,mp,rtx5070ti,15.967786,692.2045888900757,2.829824982252761,valid,valid,valid,none,gpu_board_power,4,4,4
sthereo_day_vis_thermal,dkm,128,fp32,rtx5070ti,649.5170425,13764.461302757263,163.689387100032,valid,valid,valid,none,gpu_board_power,4,4,4
sthereo_day_vis_thermal,dkm,128,mp,rtx5070ti,448.892455,13622.461576461792,101.66558736649142,valid,valid,valid,none,gpu_board_power,4,4,4
sthereo_day_vis_thermal,dkm,256,fp32,rtx5070ti,651.803704,13764.461302757263,163.811749013056,valid,valid,valid,none,gpu_board_power,4,4,4
sthereo_day_vis_thermal,dkm,256,mp,rtx5070ti,451.4182815,13622.461576461792,101.8702280272457,valid,valid,valid,none,gpu_board_power,4,4,4
sthereo_day_vis_thermal,dkm,512,fp32,rtx5070ti,651.5760415,13764.461302757263,163.655290370816,valid,valid,valid,none,gpu_board_power,4,4,4
sthereo_day_vis_thermal,dkm,512,mp,rtx5070ti,451.5040685,13622.461576461792,101.82093556036573,valid,valid,valid,none,gpu_board_power,4,4,4
sthereo_day_vis_thermal,dkm,1024,fp32,rtx5070ti,656.0324145,13764.461302757263,164.17896876544,valid,valid,valid,none,gpu_board_power,4,4,4
sthereo_day_vis_thermal,dkm,1024,mp,rtx5070ti,454.624118,13622.461576461792,102.15693942875428,valid,valid,valid,none,gpu_board_power,4,4,4
sthereo_day_vis_thermal,efficientloftr,128,fp16,rtx5070ti,12.026612,422.0460538864136,0.900139994928892,valid,valid,valid,none,gpu_board_power,4,4,4
sthereo_day_vis_thermal,efficientloftr,128,fp32,rtx5070ti,11.3900435,712.685055732727,1.0825827076879655,valid,valid,valid,none,gpu_board_power,4,4,4
sthereo_day_vis_thermal,efficientloftr,128,mp,rtx5070ti,14.2872695,710.0451021194458,1.083030095926634,valid,valid,valid,none,gpu_board_power,4,4,4
sthereo_day_vis_thermal,efficientloftr,256,fp16,rtx5070ti,15.275711,686.0460538864136,1.5330568733389112,valid,valid,valid,none,gpu_board_power,4,4,4
sthereo_day_vis_thermal,efficientloftr,256,fp32,rtx5070ti,15.9085925,988.685055732727,2.3749717833294683,valid,valid,valid,none,gpu_board_power,4,4,4
sthereo_day_vis_thermal,efficientloftr,256,mp,rtx5070ti,17.9612805,972.0451021194458,1.723195195455605,valid,valid,valid,none,gpu_board_power,4,4,4
sthereo_day_vis_thermal,efficientloftr,512,fp16,rtx5070ti,20.803806,1856.0460538864136,3.55268709902982,valid,valid,valid,none,gpu_board_power,4,4,4
sthereo_day_vis_thermal,efficientloftr,512,fp32,rtx5070ti,28.76707,2242.685055732727,6.664873538191349,valid,valid,valid,none,gpu_board_power,4,4,4
sthereo_day_vis_thermal,efficientloftr,512,mp,rtx5070ti,23.323589,2152.045102119446,3.836769462564582,valid,valid,valid,none,gpu_board_power,4,4,4
sthereo_day_vis_thermal,efficientloftr,1024,fp16,rtx5070ti,64.6689315,7790.046053886414,14.589817319893436,valid,valid,valid,none,gpu_board_power,4,4,4
sthereo_day_vis_thermal,efficientloftr,1024,fp32,rtx5070ti,99.712021,10480.685055732729,27.31661974384,valid,valid,valid,none,gpu_board_power,4,4,4
sthereo_day_vis_thermal,efficientloftr,1024,mp,rtx5070ti,71.097241,10078.045102119446,16.10197820040381,valid,valid,valid,none,gpu_board_power,4,4,4
sthereo_day_vis_thermal,loftr,128,fp16,rtx5070ti,9.719897,184.04929065704343,0.8533638273786801,valid,valid,valid,none,gpu_board_power,4,4,4
sthereo_day_vis_thermal,loftr,128,fp32,rtx5070ti,9.1273075,244.68829250335693,1.2668023106775483,valid,valid,valid,none,gpu_board_power,4,4,4
sthereo_day_vis_thermal,loftr,128,mp,rtx5070ti,11.283527500000002,226.04833889007568,1.006599155449434,valid,valid,valid,none,gpu_board_power,4,4,4
sthereo_day_vis_thermal,loftr,256,fp16,rtx5070ti,11.198951999999998,418.04929065704346,1.3689035653780146,valid,valid,valid,none,gpu_board_power,4,4,4
sthereo_day_vis_thermal,loftr,256,fp32,rtx5070ti,13.195563,428.6882925033569,2.692904649729082,valid,valid,valid,none,gpu_board_power,4,4,4
sthereo_day_vis_thermal,loftr,256,mp,rtx5070ti,11.9808775,458.0483388900757,1.5166907729874484,valid,valid,valid,none,gpu_board_power,4,4,4
sthereo_day_vis_thermal,loftr,512,fp16,rtx5070ti,16.248835,1418.0492906570437,3.451145396065569,valid,valid,valid,none,gpu_board_power,4,4,4
sthereo_day_vis_thermal,loftr,512,fp32,rtx5070ti,30.8547645,1506.688292503357,8.628128299279716,valid,valid,valid,none,gpu_board_power,4,4,4
sthereo_day_vis_thermal,loftr,512,mp,rtx5070ti,18.33647,1458.0483388900757,3.7332197762071537,valid,valid,valid,none,gpu_board_power,4,4,4
sthereo_day_vis_thermal,loftr,1024,fp16,rtx5070ti,62.581952,7340.0492906570435,14.787512734233331,valid,valid,valid,none,gpu_board_power,4,4,4
sthereo_day_vis_thermal,loftr,1024,fp32,rtx5070ti,120.5202555,7510.688292503357,35.3879351296256,valid,valid,valid,none,gpu_board_power,4,4,4
sthereo_day_vis_thermal,loftr,1024,mp,rtx5070ti,67.563322,6104.048338890076,15.924032913876363,valid,valid,valid,none,gpu_board_power,4,4,4
sthereo_day_vis_thermal,mast3r,128,fp32,rtx5070ti,30.713121,3292.815103530884,5.769680571169059,valid,valid,valid,none,gpu_board_power,4,4,4
sthereo_day_vis_thermal,mast3r,128,mp,rtx5070ti,34.280744,3292.815103530884,4.986437934734033,valid,valid,valid,none,gpu_board_power,4,4,4
sthereo_day_vis_thermal,mast3r,256,fp32,rtx5070ti,50.444958,3522.1751499176025,11.762345638239305,valid,valid,valid,none,gpu_board_power,4,4,4
sthereo_day_vis_thermal,mast3r,256,mp,rtx5070ti,45.694506,3522.1751499176025,8.729142124107753,valid,valid,valid,none,gpu_board_power,4,4,4
sthereo_day_vis_thermal,mast3r,512,fp32,rtx5070ti,218.1688935,4822.208117485046,50.628370552228574,valid,valid,valid,none,gpu_board_power,4,4,4
sthereo_day_vis_thermal,mast3r,512,mp,rtx5070ti,185.152264,5052.208117485046,36.04260113809454,valid,valid,valid,none,gpu_board_power,4,4,4
sthereo_day_vis_thermal,mast3r,1024,fp32,rtx5070ti,1397.0863085,11554.208117485046,342.033151243648,valid,valid,valid,none,gpu_board_power,4,4,4
sthereo_day_vis_thermal,mast3r,1024,mp,rtx5070ti,1230.882126,10942.208117485046,268.782502021632,valid,valid,valid,none,gpu_board_power,4,4,4
sthereo_day_vis_thermal,matchanything-eloftr,128,fp16,rtx5070ti,14.9162445,426.0460538864136,1.127023851650431,valid,valid,valid,none,gpu_board_power,4,4,4
sthereo_day_vis_thermal,matchanything-eloftr,128,fp32,rtx5070ti,13.273186,714.685055732727,1.2368229934436863,valid,valid,valid,none,gpu_board_power,4,4,4
sthereo_day_vis_thermal,matchanything-eloftr,128,mp,rtx5070ti,16.132652,714.0451021194458,1.2318232891932603,valid,valid,valid,none,gpu_board_power,4,4,4
sthereo_day_vis_thermal,matchanything-eloftr,256,fp16,rtx5070ti,18.554679,688.0460538864136,1.7890838614627098,valid,valid,valid,none,gpu_board_power,4,4,4
sthereo_day_vis_thermal,matchanything-eloftr,256,fp32,rtx5070ti,17.7488355,992.685055732727,2.6141543247135086,valid,valid,valid,none,gpu_board_power,4,4,4
sthereo_day_vis_thermal,matchanything-eloftr,256,mp,rtx5070ti,19.1378035,978.0451021194458,1.90852717030738,valid,valid,valid,none,gpu_board_power,4,4,4
sthereo_day_vis_thermal,matchanything-eloftr,512,fp16,rtx5070ti,24.6750245,1696.0460538864136,3.860809413259245,valid,valid,valid,none,gpu_board_power,4,4,4
sthereo_day_vis_thermal,matchanything-eloftr,512,fp32,rtx5070ti,31.6445255,2180.685055732727,7.232321909631323,valid,valid,valid,none,gpu_board_power,4,4,4
sthereo_day_vis_thermal,matchanything-eloftr,512,mp,rtx5070ti,25.249112,2078.045102119446,4.059580198617043,valid,valid,valid,none,gpu_board_power,4,4,4
sthereo_day_vis_thermal,matchanything-eloftr,1024,fp16,rtx5070ti,70.28855300000001,7456.046053886414,15.290890740915918,valid,valid,valid,none,gpu_board_power,4,4,4
sthereo_day_vis_thermal,matchanything-eloftr,1024,fp32,rtx5070ti,110.2459615,10472.685055732729,29.48654273219491,valid,valid,valid,none,gpu_board_power,4,4,4
sthereo_day_vis_thermal,matchanything-eloftr,1024,mp,rtx5070ti,75.1124485,10062.045102119446,16.557106896896002,valid,valid,valid,none,gpu_board_power,4,4,4
sthereo_day_vis_thermal,orb-cuda,128,native,rtx5070ti,0.0081555,0.5811958312988281,0.000580472111204,valid,valid,valid,none,gpu_board_power,4,4,4
sthereo_day_vis_thermal,orb-cuda,256,native,rtx5070ti,1.0266305,2.9787139892578125,0.063723839657654,valid,valid,valid,none,gpu_board_power,4,4,4
sthereo_day_vis_thermal,orb-cuda,512,native,rtx5070ti,2.163444,3.640953063964844,0.1503339209874203,valid,valid,valid,none,gpu_board_power,4,4,4
sthereo_day_vis_thermal,orb-cuda,1024,native,rtx5070ti,2.9741565,12.121955871582031,0.2293817200350087,valid,valid,valid,none,gpu_board_power,4,4,4
sthereo_day_vis_thermal,sift-gpu,128,native,rtx5070ti,5.3617695,9.888696670532228,0.3674994883842083,valid,valid,valid,none,gpu_board_power,4,4,4
sthereo_day_vis_thermal,sift-gpu,256,native,rtx5070ti,8.1932965,40.90108680725098,0.5892585150057558,valid,valid,valid,none,gpu_board_power,4,4,4
sthereo_day_vis_thermal,sift-gpu,512,native,rtx5070ti,12.8311025,157.97701454162598,1.0016874374368905,valid,valid,valid,none,gpu_board_power,4,4,4
sthereo_day_vis_thermal,sift-gpu,1024,native,rtx5070ti,22.2649185,647.85862159729,2.0667167840337832,valid,valid,valid,none,gpu_board_power,4,4,4
sthereo_day_vis_thermal,superpoint-lightglue,128,fp16,rtx5070ti,5.2320045,166.39089584350586,0.4009590218401869,valid,valid,valid,none,gpu_board_power,4,4,4
sthereo_day_vis_thermal,superpoint-lightglue,128,fp32,rtx5070ti,5.5802325,388.39089584350586,0.5955979727601773,valid,valid,valid,none,gpu_board_power,4,4,4
sthereo_day_vis_thermal,superpoint-lightglue,128,mp,rtx5070ti,6.0559465,168.39089584350586,0.4606792329118664,valid,valid,valid,none,gpu_board_power,4,4,4
sthereo_day_vis_thermal,superpoint-lightglue,256,fp16,rtx5070ti,5.7874895,180.39089584350583,0.564849093034359,valid,valid,valid,none,gpu_board_power,4,4,4
sthereo_day_vis_thermal,superpoint-lightglue,256,fp32,rtx5070ti,7.0741015,314.39089584350586,1.1017494017287786,valid,valid,valid,none,gpu_board_power,4,4,4
sthereo_day_vis_thermal,superpoint-lightglue,256,mp,rtx5070ti,6.098367,190.39089584350583,0.688989241411462,valid,valid,valid,none,gpu_board_power,4,4,4
sthereo_day_vis_thermal,superpoint-lightglue,512,fp16,rtx5070ti,7.6313645,290.39089584350586,1.2914672622050245,valid,valid,valid,none,gpu_board_power,4,4,4
sthereo_day_vis_thermal,superpoint-lightglue,512,fp32,rtx5070ti,13.8824705,340.39089584350586,3.238297443710814,valid,valid,valid,none,gpu_board_power,4,4,4
sthereo_day_vis_thermal,superpoint-lightglue,512,mp,rtx5070ti,10.336332,308.39089584350586,2.026910724637163,valid,valid,valid,none,gpu_board_power,4,4,4
sthereo_day_vis_thermal,superpoint-lightglue,1024,fp16,rtx5070ti,16.842956,682.3908958435059,3.7187168264284782,valid,valid,valid,none,gpu_board_power,4,4,4
sthereo_day_vis_thermal,superpoint-lightglue,1024,fp32,rtx5070ti,36.175147,898.3908958435059,10.099471153889525,valid,valid,valid,none,gpu_board_power,4,4,4
sthereo_day_vis_thermal,superpoint-lightglue,1024,mp,rtx5070ti,22.159435,698.3908958435059,5.202232888598852,valid,valid,valid,none,gpu_board_power,4,4,4
sthereo_day_vis_thermal,superpoint-superglue,128,fp16,rtx5070ti,8.237229500000002,166.20554065704346,0.6358345942922671,valid,valid,valid,none,gpu_board_power,4,4,4
sthereo_day_vis_thermal,superpoint-superglue,128,fp32,rtx5070ti,9.7414275,388.2045888900757,0.91190023030708,valid,valid,valid,none,gpu_board_power,4,4,4
sthereo_day_vis_thermal,superpoint-superglue,128,mp,rtx5070ti,10.4849625,168.20458889007568,0.8273638808459073,valid,valid,valid,none,gpu_board_power,4,4,4
sthereo_day_vis_thermal,superpoint-superglue,256,fp16,rtx5070ti,8.043654,180.20554065704343,0.7623109857404297,valid,valid,valid,none,gpu_board_power,4,4,4
sthereo_day_vis_thermal,superpoint-superglue,256,fp32,rtx5070ti,10.9607825,310.2045888900757,1.3942286310206424,valid,valid,valid,none,gpu_board_power,4,4,4
sthereo_day_vis_thermal,superpoint-superglue,256,mp,rtx5070ti,10.252168,184.20458889007568,0.9668820761531258,valid,valid,valid,none,gpu_board_power,4,4,4
sthereo_day_vis_thermal,superpoint-superglue,512,fp16,rtx5070ti,9.372946,290.20554065704346,1.3272398438193176,valid,valid,valid,none,gpu_board_power,4,4,4
sthereo_day_vis_thermal,superpoint-superglue,512,fp32,rtx5070ti,15.553693,338.2045888900757,3.0808020548395376,valid,valid,valid,none,gpu_board_power,4,4,4
sthereo_day_vis_thermal,superpoint-superglue,512,mp,rtx5070ti,11.539877,298.2045888900757,1.5475667474054335,valid,valid,valid,none,gpu_board_power,4,4,4
sthereo_day_vis_thermal,superpoint-superglue,1024,fp16,rtx5070ti,16.9238885,682.2055406570435,3.581675485285844,valid,valid,valid,none,gpu_board_power,4,4,4
sthereo_day_vis_thermal,superpoint-superglue,1024,fp32,rtx5070ti,35.886726,894.2045888900757,9.701631173906051,valid,valid,valid,none,gpu_board_power,4,4,4
sthereo_day_vis_thermal,superpoint-superglue,1024,mp,rtx5070ti,18.921243500000003,692.2045888900757,3.885810335658803,valid,valid,valid,none,gpu_board_power,4,4,4
rubik_vis_vis_reference,dkm,128,fp32,rtx5060ti,1232.279652,14310.455077,158.305656,valid,valid,valid,none,gpu_board_power,4,4,4
rubik_vis_vis_reference,dkm,128,mp,rtx5060ti,849.812368,13622.455351,95.256793,valid,valid,valid,none,gpu_board_power,4,4,4
rubik_vis_vis_reference,dkm,256,fp32,rtx5060ti,1238.069738,14310.455077,159.222691,valid,valid,valid,none,gpu_board_power,4,4,4
rubik_vis_vis_reference,dkm,256,mp,rtx5060ti,852.980325,13622.455351,95.066788,valid,valid,valid,none,gpu_board_power,4,4,4
rubik_vis_vis_reference,dkm,512,fp32,rtx5060ti,1236.845356,14310.455077,158.82065,valid,valid,valid,none,gpu_board_power,4,4,4
rubik_vis_vis_reference,dkm,512,mp,rtx5060ti,852.233324,13622.455351,94.855286,valid,valid,valid,none,gpu_board_power,4,4,4
rubik_vis_vis_reference,dkm,1024,fp32,rtx5060ti,1240.848109,14310.455077,159.110125,valid,valid,valid,none,gpu_board_power,4,4,4
rubik_vis_vis_reference,dkm,1024,mp,rtx5060ti,854.631769,13622.455351,95.612944,valid,valid,valid,none,gpu_board_power,4,4,4
rubik_vis_vis_reference,efficientloftr,128,fp16,rtx5060ti,15.790572,422.039828,0.560147,valid,valid,valid,none,gpu_board_power,4,4,4
rubik_vis_vis_reference,efficientloftr,128,fp32,rtx5060ti,15.192273,712.67883,0.721412,valid,valid,valid,none,gpu_board_power,4,4,4
rubik_vis_vis_reference,efficientloftr,128,mp,rtx5060ti,17.763013,710.038877,0.630143,valid,valid,valid,none,gpu_board_power,4,4,4
rubik_vis_vis_reference,efficientloftr,256,fp16,rtx5060ti,17.323577,686.039828,0.861136,valid,valid,valid,none,gpu_board_power,4,4,4
rubik_vis_vis_reference,efficientloftr,256,fp32,rtx5060ti,17.704753,988.67883,1.562463,valid,valid,valid,none,gpu_board_power,4,4,4
rubik_vis_vis_reference,efficientloftr,256,mp,rtx5060ti,18.914977,972.038877,0.961732,valid,valid,valid,none,gpu_board_power,4,4,4
rubik_vis_vis_reference,efficientloftr,512,fp16,rtx5060ti,32.739221,1712.039828,3.005853,valid,valid,valid,none,gpu_board_power,4,4,4
rubik_vis_vis_reference,efficientloftr,512,fp32,rtx5060ti,43.758846,2098.67883,5.988792,valid,valid,valid,none,gpu_board_power,4,4,4
rubik_vis_vis_reference,efficientloftr,512,mp,rtx5060ti,35.84733,2008.038877,3.117802,valid,valid,valid,none,gpu_board_power,4,4,4
rubik_vis_vis_reference,efficientloftr,1024,fp16,rtx5060ti,113.916097,7786.039828,13.078062,valid,valid,valid,none,gpu_board_power,4,4,4
rubik_vis_vis_reference,efficientloftr,1024,fp32,rtx5060ti,173.628082,10480.67883,26.385494,valid,valid,valid,none,gpu_board_power,4,4,4
rubik_vis_vis_reference,efficientloftr,1024,mp,rtx5060ti,124.718964,10040.038877,14.384961,valid,valid,valid,none,gpu_board_power,4,4,4
rubik_vis_vis_reference,loftr,128,fp16,rtx5060ti,9.423431,184.043065,0.418794,valid,valid,valid,none,gpu_board_power,4,4,4
rubik_vis_vis_reference,loftr,128,fp32,rtx5060ti,9.245348,244.682067,0.754817,valid,valid,valid,none,gpu_board_power,4,4,4
rubik_vis_vis_reference,loftr,128,mp,rtx5060ti,11.444499,226.042113,0.492026,valid,valid,valid,none,gpu_board_power,4,4,4
rubik_vis_vis_reference,loftr,256,fp16,rtx5060ti,12.057126,418.043065,0.840287,valid,valid,valid,none,gpu_board_power,4,4,4
rubik_vis_vis_reference,loftr,256,fp32,rtx5060ti,17.10275,428.682067,2.033268,valid,valid,valid,none,gpu_board_power,4,4,4
rubik_vis_vis_reference,loftr,256,mp,rtx5060ti,14.428953,458.042113,0.91959,valid,valid,valid,none,gpu_board_power,4,4,4
rubik_vis_vis_reference,loftr,512,fp16,rtx5060ti,27.908891,1272.043065,3.008616,valid,valid,valid,none,gpu_board_power,4,4,4
rubik_vis_vis_reference,loftr,512,fp32,rtx5060ti,51.1712,1386.682067,8.142579,valid,valid,valid,none,gpu_board_power,4,4,4
rubik_vis_vis_reference,loftr,512,mp,rtx5060ti,30.045865,1362.042113,3.164583,valid,valid,valid,none,gpu_board_power,4,4,4
rubik_vis_vis_reference,loftr,1024,fp16,rtx5060ti,113.697267,6892.043065,13.412412,valid,valid,valid,none,gpu_board_power,4,4,4
rubik_vis_vis_reference,loftr,1024,fp32,rtx5060ti,209.535812,7528.682067,34.57765,valid,valid,valid,none,gpu_board_power,4,4,4
rubik_vis_vis_reference,loftr,1024,mp,rtx5060ti,122.577344,6102.042113,14.45273,valid,valid,valid,none,gpu_board_power,4,4,4
rubik_vis_vis_reference,mast3r,128,fp32,rtx5060ti,39.820642,3292.808878,4.233315,valid,valid,valid,none,gpu_board_power,4,4,4
rubik_vis_vis_reference,mast3r,128,mp,rtx5060ti,38.096867,3292.808878,3.216907,valid,valid,valid,none,gpu_board_power,4,4,4
rubik_vis_vis_reference,mast3r,256,fp32,rtx5060ti,81.494107,3522.168924,10.597643,valid,valid,valid,none,gpu_board_power,4,4,4
rubik_vis_vis_reference,mast3r,256,mp,rtx5060ti,68.195605,3522.168924,7.079593,valid,valid,valid,none,gpu_board_power,4,4,4
rubik_vis_vis_reference,mast3r,512,fp32,rtx5060ti,304.62362,5044.201892,43.154046,valid,valid,valid,none,gpu_board_power,4,4,4
rubik_vis_vis_reference,mast3r,512,mp,rtx5060ti,243.731662,4876.201892,28.967378,valid,valid,valid,none,gpu_board_power,4,4,4
rubik_vis_vis_reference,mast3r,1024,fp32,rtx5060ti,2452.906505,11554.201892,332.460973,valid,valid,valid,none,gpu_board_power,4,4,4
rubik_vis_vis_reference,mast3r,1024,mp,rtx5060ti,2171.836057,10942.201892,253.046047,valid,valid,valid,none,gpu_board_power,4,4,4
rubik_vis_vis_reference,matchanything-eloftr,128,fp16,rtx5060ti,17.256225,424.039828,0.610791,valid,valid,valid,none,gpu_board_power,4,4,4
rubik_vis_vis_reference,matchanything-eloftr,128,fp32,rtx5060ti,16.058658,714.67883,0.778731,valid,valid,valid,none,gpu_board_power,4,4,4
rubik_vis_vis_reference,matchanything-eloftr,128,mp,rtx5060ti,18.631039,714.038877,0.684472,valid,valid,valid,none,gpu_board_power,4,4,4
rubik_vis_vis_reference,matchanything-eloftr,256,fp16,rtx5060ti,18.658653,688.039828,0.942171,valid,valid,valid,none,gpu_board_power,4,4,4
rubik_vis_vis_reference,matchanything-eloftr,256,fp32,rtx5060ti,19.152286,992.67883,1.635432,valid,valid,valid,none,gpu_board_power,4,4,4
rubik_vis_vis_reference,matchanything-eloftr,256,mp,rtx5060ti,20.136006,978.038877,1.034592,valid,valid,valid,none,gpu_board_power,4,4,4
rubik_vis_vis_reference,matchanything-eloftr,512,fp16,rtx5060ti,33.971505,1696.039828,3.126975,valid,valid,valid,none,gpu_board_power,4,4,4
rubik_vis_vis_reference,matchanything-eloftr,512,fp32,rtx5060ti,47.172497,2180.67883,6.359285,valid,valid,valid,none,gpu_board_power,4,4,4
rubik_vis_vis_reference,matchanything-eloftr,512,mp,rtx5060ti,35.9273,2078.038877,3.264134,valid,valid,valid,none,gpu_board_power,4,4,4
rubik_vis_vis_reference,matchanything-eloftr,1024,fp16,rtx5060ti,120.976422,7454.039828,13.559011,valid,valid,valid,none,gpu_board_power,4,4,4
rubik_vis_vis_reference,matchanything-eloftr,1024,fp32,rtx5060ti,192.790679,10472.67883,28.285991,valid,valid,valid,none,gpu_board_power,4,4,4
rubik_vis_vis_reference,matchanything-eloftr,1024,mp,rtx5060ti,129.50916,10060.038877,14.892242,valid,valid,valid,none,gpu_board_power,4,4,4
rubik_vis_vis_reference,orb-cuda,128,native,rtx5060ti,0.301795,0.696476,0.008314,valid,valid,valid,none,gpu_board_power,4,4,4
rubik_vis_vis_reference,orb-cuda,256,native,rtx5060ti,1.339681,2.951859,0.041085,valid,valid,valid,none,gpu_board_power,4,4,4
rubik_vis_vis_reference,orb-cuda,512,native,rtx5060ti,2.694883,3.390022,0.085161,valid,valid,valid,none,gpu_board_power,4,4,4
rubik_vis_vis_reference,orb-cuda,1024,native,rtx5060ti,3.729557,11.076939,0.132695,valid,valid,valid,none,gpu_board_power,4,4,4
rubik_vis_vis_reference,sift-gpu,128,native,rtx5060ti,6.312141,9.908472,0.19998,valid,valid,valid,none,gpu_board_power,4,4,4
rubik_vis_vis_reference,sift-gpu,256,native,rtx5060ti,9.73492,41.023401,0.322935,valid,valid,valid,none,gpu_board_power,4,4,4
rubik_vis_vis_reference,sift-gpu,512,native,rtx5060ti,18.451876,158.973841,0.720918,valid,valid,valid,none,gpu_board_power,4,4,4
rubik_vis_vis_reference,sift-gpu,1024,native,rtx5060ti,49.024164,651.728251,2.623162,valid,valid,valid,none,gpu_board_power,4,4,4
rubik_vis_vis_reference,superpoint-lightglue,128,fp16,rtx5060ti,6.510872,166.38467,0.233765,valid,valid,valid,none,gpu_board_power,4,4,4
rubik_vis_vis_reference,superpoint-lightglue,128,fp32,rtx5060ti,9.763724,388.38467,0.67628,valid,valid,valid,none,gpu_board_power,4,4,4
rubik_vis_vis_reference,superpoint-lightglue,128,mp,rtx5060ti,7.174531,168.38467,0.290663,valid,valid,valid,none,gpu_board_power,4,4,4
rubik_vis_vis_reference,superpoint-lightglue,256,fp16,rtx5060ti,6.271533,180.38467,0.318005,valid,valid,valid,none,gpu_board_power,4,4,4
rubik_vis_vis_reference,superpoint-lightglue,256,fp32,rtx5060ti,8.344743,314.38467,0.791988,valid,valid,valid,none,gpu_board_power,4,4,4
rubik_vis_vis_reference,superpoint-lightglue,256,mp,rtx5060ti,5.630363,190.38467,0.376461,valid,valid,valid,none,gpu_board_power,4,4,4
rubik_vis_vis_reference,superpoint-lightglue,512,fp16,rtx5060ti,9.698826,290.38467,0.845074,valid,valid,valid,none,gpu_board_power,4,4,4
rubik_vis_vis_reference,superpoint-lightglue,512,fp32,rtx5060ti,18.272284,340.38467,2.579766,valid,valid,valid,none,gpu_board_power,4,4,4
rubik_vis_vis_reference,superpoint-lightglue,512,mp,rtx5060ti,12.639249,308.38467,1.311908,valid,valid,valid,none,gpu_board_power,4,4,4
rubik_vis_vis_reference,superpoint-lightglue,1024,fp16,rtx5060ti,28.57545,682.38467,3.466501,valid,valid,valid,none,gpu_board_power,4,4,4
rubik_vis_vis_reference,superpoint-lightglue,1024,fp32,rtx5060ti,61.654087,898.38467,9.961466,valid,valid,valid,none,gpu_board_power,4,4,4
rubik_vis_vis_reference,superpoint-lightglue,1024,mp,rtx5060ti,39.249924,698.38467,5.150497,valid,valid,valid,none,gpu_board_power,4,4,4
rubik_vis_vis_reference,superpoint-superglue,128,fp16,rtx5060ti,9.79778,166.199315,0.34181,valid,valid,valid,none,gpu_board_power,4,4,4
rubik_vis_vis_reference,superpoint-superglue,128,fp32,rtx5060ti,13.099561,388.198363,0.79097,valid,valid,valid,none,gpu_board_power,4,4,4
rubik_vis_vis_reference,superpoint-superglue,128,mp,rtx5060ti,12.460777,168.198363,0.433536,valid,valid,valid,none,gpu_board_power,4,4,4
rubik_vis_vis_reference,superpoint-superglue,256,fp16,rtx5060ti,9.686077,180.199315,0.436799,valid,valid,valid,none,gpu_board_power,4,4,4
rubik_vis_vis_reference,superpoint-superglue,256,fp32,rtx5060ti,12.164586,310.198363,0.956612,valid,valid,valid,none,gpu_board_power,4,4,4
rubik_vis_vis_reference,superpoint-superglue,256,mp,rtx5060ti,12.351848,184.198363,0.535875,valid,valid,valid,none,gpu_board_power,4,4,4
rubik_vis_vis_reference,superpoint-superglue,512,fp16,rtx5060ti,11.93168,290.199315,0.91513,valid,valid,valid,none,gpu_board_power,4,4,4
rubik_vis_vis_reference,superpoint-superglue,512,fp32,rtx5060ti,20.26616,338.198363,2.56476,valid,valid,valid,none,gpu_board_power,4,4,4
rubik_vis_vis_reference,superpoint-superglue,512,mp,rtx5060ti,14.314664,300.198363,1.043742,valid,valid,valid,none,gpu_board_power,4,4,4
rubik_vis_vis_reference,superpoint-superglue,1024,fp16,rtx5060ti,29.74261,682.199315,3.805829,valid,valid,valid,none,gpu_board_power,4,4,4
rubik_vis_vis_reference,superpoint-superglue,1024,fp32,rtx5060ti,69.381834,894.198363,10.898507,valid,valid,valid,none,gpu_board_power,4,4,4
rubik_vis_vis_reference,superpoint-superglue,1024,mp,rtx5060ti,37.07823,692.198363,4.40423,valid,valid,valid,none,gpu_board_power,4,4,4
sthereo_day_night_thermal_thermal,dkm,128,fp32,rtx5060ti,1231.853576,14310.455077,158.47658,valid,valid,valid,none,gpu_board_power,4,4,4
sthereo_day_night_thermal_thermal,dkm,128,mp,rtx5060ti,848.681896,13622.455351,95.298859,valid,valid,valid,none,gpu_board_power,4,4,4
sthereo_day_night_thermal_thermal,dkm,256,fp32,rtx5060ti,1239.013914,14310.455077,159.290952,valid,valid,valid,none,gpu_board_power,4,4,4
sthereo_day_night_thermal_thermal,dkm,256,mp,rtx5060ti,853.38752,13622.455351,95.934109,valid,valid,valid,none,gpu_board_power,4,4,4
sthereo_day_night_thermal_thermal,dkm,512,fp32,rtx5060ti,1239.689705,14310.455077,158.876473,valid,valid,valid,none,gpu_board_power,4,4,4
sthereo_day_night_thermal_thermal,dkm,512,mp,rtx5060ti,856.148236,13622.455351,95.386899,valid,valid,valid,none,gpu_board_power,4,4,4
sthereo_day_night_thermal_thermal,dkm,1024,fp32,rtx5060ti,1249.51587,14310.455077,159.049218,valid,valid,valid,none,gpu_board_power,4,4,4
sthereo_day_night_thermal_thermal,dkm,1024,mp,rtx5060ti,864.719606,13622.455351,95.978122,valid,valid,valid,none,gpu_board_power,4,4,4
sthereo_day_night_thermal_thermal,efficientloftr,128,fp16,rtx5060ti,15.780007,422.039828,0.591401,valid,valid,valid,none,gpu_board_power,4,4,4
sthereo_day_night_thermal_thermal,efficientloftr,128,fp32,rtx5060ti,15.468495,712.67883,0.848147,valid,valid,valid,none,gpu_board_power,4,4,4
sthereo_day_night_thermal_thermal,efficientloftr,128,mp,rtx5060ti,17.953274,710.038877,0.671008,valid,valid,valid,none,gpu_board_power,4,4,4
sthereo_day_night_thermal_thermal,efficientloftr,256,fp16,rtx5060ti,21.62856,686.039828,1.163694,valid,valid,valid,none,gpu_board_power,4,4,4
sthereo_day_night_thermal_thermal,efficientloftr,256,fp32,rtx5060ti,22.924782,988.67883,1.985389,valid,valid,valid,none,gpu_board_power,4,4,4
sthereo_day_night_thermal_thermal,efficientloftr,256,mp,rtx5060ti,24.242767,972.038877,1.288256,valid,valid,valid,none,gpu_board_power,4,4,4
sthereo_day_night_thermal_thermal,efficientloftr,512,fp16,rtx5060ti,39.135979,1712.039828,3.801575,valid,valid,valid,none,gpu_board_power,4,4,4
sthereo_day_night_thermal_thermal,efficientloftr,512,fp32,rtx5060ti,57.935193,2098.67883,7.80385,valid,valid,valid,none,gpu_board_power,4,4,4
sthereo_day_night_thermal_thermal,efficientloftr,512,mp,rtx5060ti,42.662892,2008.038877,4.202804,valid,valid,valid,none,gpu_board_power,4,4,4
sthereo_day_night_thermal_thermal,efficientloftr,1024,fp16,rtx5060ti,165.596526,7786.039828,18.417494,valid,valid,valid,none,gpu_board_power,4,4,4
sthereo_day_night_thermal_thermal,efficientloftr,1024,fp32,rtx5060ti,261.727567,10480.67883,38.870262,valid,valid,valid,none,gpu_board_power,4,4,4
sthereo_day_night_thermal_thermal,efficientloftr,1024,mp,rtx5060ti,185.012011,10040.038877,21.427448,valid,valid,valid,none,gpu_board_power,4,4,4
sthereo_day_night_thermal_thermal,loftr,128,fp16,rtx5060ti,9.537431,184.043065,0.457015,valid,valid,valid,none,gpu_board_power,4,4,4
sthereo_day_night_thermal_thermal,loftr,128,fp32,rtx5060ti,9.617436,244.682067,0.819491,valid,valid,valid,none,gpu_board_power,4,4,4
sthereo_day_night_thermal_thermal,loftr,128,mp,rtx5060ti,11.315576,226.042113,0.531298,valid,valid,valid,none,gpu_board_power,4,4,4
sthereo_day_night_thermal_thermal,loftr,256,fp16,rtx5060ti,13.380627,418.043065,1.038437,valid,valid,valid,none,gpu_board_power,4,4,4
sthereo_day_night_thermal_thermal,loftr,256,fp32,rtx5060ti,22.055926,428.682067,2.636278,valid,valid,valid,none,gpu_board_power,4,4,4
sthereo_day_night_thermal_thermal,loftr,256,mp,rtx5060ti,15.278111,458.042113,1.111019,valid,valid,valid,none,gpu_board_power,4,4,4
sthereo_day_night_thermal_thermal,loftr,512,fp16,rtx5060ti,39.098419,1272.043065,4.238329,valid,valid,valid,none,gpu_board_power,4,4,4
sthereo_day_night_thermal_thermal,loftr,512,fp32,rtx5060ti,72.369728,1386.682067,11.465212,valid,valid,valid,none,gpu_board_power,4,4,4
sthereo_day_night_thermal_thermal,loftr,512,mp,rtx5060ti,42.111325,1362.042113,4.618604,valid,valid,valid,none,gpu_board_power,4,4,4
sthereo_day_night_thermal_thermal,loftr,1024,fp16,rtx5060ti,165.31618,6892.043065,19.29049,valid,valid,valid,none,gpu_board_power,4,4,4
sthereo_day_night_thermal_thermal,loftr,1024,fp32,rtx5060ti,304.372923,7528.682067,50.160551,valid,valid,valid,none,gpu_board_power,4,4,4
sthereo_day_night_thermal_thermal,loftr,1024,mp,rtx5060ti,180.018169,6102.042113,20.78897,valid,valid,valid,none,gpu_board_power,4,4,4
sthereo_day_night_thermal_thermal,mast3r,128,fp32,rtx5060ti,43.572325,3292.808878,4.66343,valid,valid,valid,none,gpu_board_power,4,4,4
sthereo_day_night_thermal_thermal,mast3r,128,mp,rtx5060ti,41.853388,3292.808878,3.758863,valid,valid,valid,none,gpu_board_power,4,4,4
sthereo_day_night_thermal_thermal,mast3r,256,fp32,rtx5060ti,105.188775,3522.168924,13.949107,valid,valid,valid,none,gpu_board_power,4,4,4
sthereo_day_night_thermal_thermal,mast3r,256,mp,rtx5060ti,85.003197,3522.168924,9.445548,valid,valid,valid,none,gpu_board_power,4,4,4
sthereo_day_night_thermal_thermal,mast3r,512,fp32,rtx5060ti,524.038051,5044.201892,66.362115,valid,valid,valid,none,gpu_board_power,4,4,4
sthereo_day_night_thermal_thermal,mast3r,512,mp,rtx5060ti,430.722806,4876.201892,46.46449,valid,valid,valid,none,gpu_board_power,4,4,4
sthereo_day_night_thermal_thermal,mast3r,1024,fp32,rtx5060ti,4628.114913,11554.201892,605.407788,valid,valid,valid,none,gpu_board_power,4,4,4
sthereo_day_night_thermal_thermal,mast3r,1024,mp,rtx5060ti,4647.419501,10942.201892,470.828357,valid,valid,valid,none,gpu_board_power,4,4,4
sthereo_day_night_thermal_thermal,matchanything-eloftr,128,fp16,rtx5060ti,17.466919,424.039828,0.651043,valid,valid,valid,none,gpu_board_power,4,4,4
sthereo_day_night_thermal_thermal,matchanything-eloftr,128,fp32,rtx5060ti,16.825354,714.67883,0.924001,valid,valid,valid,none,gpu_board_power,4,4,4
sthereo_day_night_thermal_thermal,matchanything-eloftr,128,mp,rtx5060ti,18.799526,714.038877,0.720455,valid,valid,valid,none,gpu_board_power,4,4,4
sthereo_day_night_thermal_thermal,matchanything-eloftr,256,fp16,rtx5060ti,23.225009,688.039828,1.260538,valid,valid,valid,none,gpu_board_power,4,4,4
sthereo_day_night_thermal_thermal,matchanything-eloftr,256,fp32,rtx5060ti,24.769239,992.67883,2.126857,valid,valid,valid,none,gpu_board_power,4,4,4
sthereo_day_night_thermal_thermal,matchanything-eloftr,256,mp,rtx5060ti,24.84677,978.038877,1.377702,valid,valid,valid,none,gpu_board_power,4,4,4
sthereo_day_night_thermal_thermal,matchanything-eloftr,512,fp16,rtx5060ti,42.640217,1696.039828,4.195903,valid,valid,valid,none,gpu_board_power,4,4,4
sthereo_day_night_thermal_thermal,matchanything-eloftr,512,fp32,rtx5060ti,65.808419,2180.67883,8.433064,valid,valid,valid,none,gpu_board_power,4,4,4
sthereo_day_night_thermal_thermal,matchanything-eloftr,512,mp,rtx5060ti,45.422231,2078.038877,4.310025,valid,valid,valid,none,gpu_board_power,4,4,4
sthereo_day_night_thermal_thermal,matchanything-eloftr,1024,fp16,rtx5060ti,177.670132,7454.039828,19.5518,valid,valid,valid,none,gpu_board_power,4,4,4
sthereo_day_night_thermal_thermal,matchanything-eloftr,1024,fp32,rtx5060ti,292.98011,10472.67883,41.359172,valid,valid,valid,none,gpu_board_power,4,4,4
sthereo_day_night_thermal_thermal,matchanything-eloftr,1024,mp,rtx5060ti,194.520376,10060.038877,22.08691,valid,valid,valid,none,gpu_board_power,4,4,4
sthereo_day_night_thermal_thermal,orb-cuda,128,native,rtx5060ti,0.500308,0.754337,0.012822,valid,valid,valid,none,gpu_board_power,4,4,4
sthereo_day_night_thermal_thermal,orb-cuda,256,native,rtx5060ti,1.182071,2.974808,0.036626,valid,valid,valid,none,gpu_board_power,4,4,4
sthereo_day_night_thermal_thermal,orb-cuda,512,native,rtx5060ti,1.801291,3.669029,0.055581,valid,valid,valid,none,gpu_board_power,4,4,4
sthereo_day_night_thermal_thermal,orb-cuda,1024,native,rtx5060ti,2.493674,12.343391,0.09113,valid,valid,valid,none,gpu_board_power,4,4,4
sthereo_day_night_thermal_thermal,sift-gpu,128,native,rtx5060ti,5.140388,9.867212,0.161764,valid,valid,valid,none,gpu_board_power,4,4,4
sthereo_day_night_thermal_thermal,sift-gpu,256,native,rtx5060ti,7.100323,40.83639,0.240581,valid,valid,valid,none,gpu_board_power,4,4,4
sthereo_day_night_thermal_thermal,sift-gpu,512,native,rtx5060ti,11.195286,157.503626,0.467299,valid,valid,valid,none,gpu_board_power,4,4,4
sthereo_day_night_thermal_thermal,sift-gpu,1024,native,rtx5060ti,19.819479,646.230936,1.088253,valid,valid,valid,none,gpu_board_power,4,4,4
sthereo_day_night_thermal_thermal,superpoint-lightglue,128,fp16,rtx5060ti,7.121764,166.38467,0.257133,valid,valid,valid,none,gpu_board_power,4,4,4
sthereo_day_night_thermal_thermal,superpoint-lightglue,128,fp32,rtx5060ti,8.197308,388.38467,0.478008,valid,valid,valid,none,gpu_board_power,4,4,4
sthereo_day_night_thermal_thermal,superpoint-lightglue,128,mp,rtx5060ti,7.586432,168.38467,0.304525,valid,valid,valid,none,gpu_board_power,4,4,4
sthereo_day_night_thermal_thermal,superpoint-lightglue,256,fp16,rtx5060ti,7.767298,180.38467,0.405717,valid,valid,valid,none,gpu_board_power,4,4,4
sthereo_day_night_thermal_thermal,superpoint-lightglue,256,fp32,rtx5060ti,10.920132,314.38467,1.05712,valid,valid,valid,none,gpu_board_power,4,4,4
sthereo_day_night_thermal_thermal,superpoint-lightglue,256,mp,rtx5060ti,8.471422,190.38467,0.551239,valid,valid,valid,none,gpu_board_power,4,4,4
sthereo_day_night_thermal_thermal,superpoint-lightglue,512,fp16,rtx5060ti,10.294405,290.38467,0.964302,valid,valid,valid,none,gpu_board_power,4,4,4
sthereo_day_night_thermal_thermal,superpoint-lightglue,512,fp32,rtx5060ti,19.974395,340.38467,2.888308,valid,valid,valid,none,gpu_board_power,4,4,4
sthereo_day_night_thermal_thermal,superpoint-lightglue,512,mp,rtx5060ti,12.284606,308.38467,1.370628,valid,valid,valid,none,gpu_board_power,4,4,4
sthereo_day_night_thermal_thermal,superpoint-lightglue,1024,fp16,rtx5060ti,28.432436,682.38467,3.346744,valid,valid,valid,none,gpu_board_power,4,4,4
sthereo_day_night_thermal_thermal,superpoint-lightglue,1024,fp32,rtx5060ti,61.705801,898.38467,10.515158,valid,valid,valid,none,gpu_board_power,4,4,4
sthereo_day_night_thermal_thermal,superpoint-lightglue,1024,mp,rtx5060ti,30.774774,698.38467,3.681359,valid,valid,valid,none,gpu_board_power,4,4,4
sthereo_day_night_thermal_thermal,superpoint-superglue,128,fp16,rtx5060ti,9.693293,166.199315,0.352274,valid,valid,valid,none,gpu_board_power,4,4,4
sthereo_day_night_thermal_thermal,superpoint-superglue,128,fp32,rtx5060ti,10.801061,388.198363,0.572053,valid,valid,valid,none,gpu_board_power,4,4,4
sthereo_day_night_thermal_thermal,superpoint-superglue,128,mp,rtx5060ti,12.66624,168.198363,0.4448,valid,valid,valid,none,gpu_board_power,4,4,4
sthereo_day_night_thermal_thermal,superpoint-superglue,256,fp16,rtx5060ti,10.289593,180.199315,0.464719,valid,valid,valid,none,gpu_board_power,4,4,4
sthereo_day_night_thermal_thermal,superpoint-superglue,256,fp32,rtx5060ti,13.454992,310.198363,1.130546,valid,valid,valid,none,gpu_board_power,4,4,4
sthereo_day_night_thermal_thermal,superpoint-superglue,256,mp,rtx5060ti,13.007252,184.198363,0.566515,valid,valid,valid,none,gpu_board_power,4,4,4
sthereo_day_night_thermal_thermal,superpoint-superglue,512,fp16,rtx5060ti,14.017989,290.199315,1.097246,valid,valid,valid,none,gpu_board_power,4,4,4
sthereo_day_night_thermal_thermal,superpoint-superglue,512,fp32,rtx5060ti,22.962241,338.198363,3.00553,valid,valid,valid,none,gpu_board_power,4,4,4
sthereo_day_night_thermal_thermal,superpoint-superglue,512,mp,rtx5060ti,16.090422,300.198363,1.14259,valid,valid,valid,none,gpu_board_power,4,4,4
sthereo_day_night_thermal_thermal,superpoint-superglue,1024,fp16,rtx5060ti,30.985999,682.199315,3.350637,valid,valid,valid,none,gpu_board_power,4,4,4
sthereo_day_night_thermal_thermal,superpoint-superglue,1024,fp32,rtx5060ti,63.032301,894.198363,10.229156,valid,valid,valid,none,gpu_board_power,4,4,4
sthereo_day_night_thermal_thermal,superpoint-superglue,1024,mp,rtx5060ti,33.601573,692.198363,3.423656,valid,valid,valid,none,gpu_board_power,4,4,4
sthereo_day_night_vis_vis,dkm,128,fp32,rtx5060ti,1228.186066,14310.455077,157.639771,valid,valid,valid,none,gpu_board_power,4,4,4
sthereo_day_night_vis_vis,dkm,128,mp,rtx5060ti,846.573862,13622.455351,94.83691,valid,valid,valid,none,gpu_board_power,4,4,4
sthereo_day_night_vis_vis,dkm,256,fp32,rtx5060ti,1231.236748,14310.455077,158.318733,valid,valid,valid,none,gpu_board_power,4,4,4
sthereo_day_night_vis_vis,dkm,256,mp,rtx5060ti,847.959251,13622.455351,94.568178,valid,valid,valid,none,gpu_board_power,4,4,4
sthereo_day_night_vis_vis,dkm,512,fp32,rtx5060ti,1229.362031,14310.455077,158.258204,valid,valid,valid,none,gpu_board_power,4,4,4
sthereo_day_night_vis_vis,dkm,512,mp,rtx5060ti,847.375012,13622.455351,94.534492,valid,valid,valid,none,gpu_board_power,4,4,4
sthereo_day_night_vis_vis,dkm,1024,fp32,rtx5060ti,1233.884418,14310.455077,158.069227,valid,valid,valid,none,gpu_board_power,4,4,4
sthereo_day_night_vis_vis,dkm,1024,mp,rtx5060ti,847.823273,13622.455351,94.506652,valid,valid,valid,none,gpu_board_power,4,4,4
sthereo_day_night_vis_vis,efficientloftr,128,fp16,rtx5060ti,13.756122,422.039828,0.435172,valid,valid,valid,none,gpu_board_power,4,4,4
sthereo_day_night_vis_vis,efficientloftr,128,fp32,rtx5060ti,13.938779,712.67883,0.539111,valid,valid,valid,none,gpu_board_power,4,4,4
sthereo_day_night_vis_vis,efficientloftr,128,mp,rtx5060ti,15.897468,710.038877,0.511378,valid,valid,valid,none,gpu_board_power,4,4,4
sthereo_day_night_vis_vis,efficientloftr,256,fp16,rtx5060ti,16.510974,686.039828,0.767501,valid,valid,valid,none,gpu_board_power,4,4,4
sthereo_day_night_vis_vis,efficientloftr,256,fp32,rtx5060ti,16.721769,988.67883,1.30296,valid,valid,valid,none,gpu_board_power,4,4,4
sthereo_day_night_vis_vis,efficientloftr,256,mp,rtx5060ti,18.064673,972.038877,0.862431,valid,valid,valid,none,gpu_board_power,4,4,4
sthereo_day_night_vis_vis,efficientloftr,512,fp16,rtx5060ti,28.479939,1712.039828,2.365337,valid,valid,valid,none,gpu_board_power,4,4,4
sthereo_day_night_vis_vis,efficientloftr,512,fp32,rtx5060ti,36.222956,2098.67883,4.406458,valid,valid,valid,none,gpu_board_power,4,4,4
sthereo_day_night_vis_vis,efficientloftr,512,mp,rtx5060ti,31.534014,2008.038877,2.502497,valid,valid,valid,none,gpu_board_power,4,4,4
sthereo_day_night_vis_vis,efficientloftr,1024,fp16,rtx5060ti,87.271885,7786.039828,9.813564,valid,valid,valid,none,gpu_board_power,4,4,4
sthereo_day_night_vis_vis,efficientloftr,1024,fp32,rtx5060ti,132.363166,10480.67883,19.485501,valid,valid,valid,none,gpu_board_power,4,4,4
sthereo_day_night_vis_vis,efficientloftr,1024,mp,rtx5060ti,93.689018,10040.038877,10.596133,valid,valid,valid,none,gpu_board_power,4,4,4
sthereo_day_night_vis_vis,loftr,128,fp16,rtx5060ti,9.489486,184.043065,0.405028,valid,valid,valid,none,gpu_board_power,4,4,4
sthereo_day_night_vis_vis,loftr,128,fp32,rtx5060ti,9.354634,244.682067,0.675821,valid,valid,valid,none,gpu_board_power,4,4,4
sthereo_day_night_vis_vis,loftr,128,mp,rtx5060ti,11.197622,226.042113,0.4736,valid,valid,valid,none,gpu_board_power,4,4,4
sthereo_day_night_vis_vis,loftr,256,fp16,rtx5060ti,9.716526,418.043065,0.681801,valid,valid,valid,none,gpu_board_power,4,4,4
sthereo_day_night_vis_vis,loftr,256,fp32,rtx5060ti,13.94358,428.682067,1.553633,valid,valid,valid,none,gpu_board_power,4,4,4
sthereo_day_night_vis_vis,loftr,256,mp,rtx5060ti,11.73574,458.042113,0.757542,valid,valid,valid,none,gpu_board_power,4,4,4
sthereo_day_night_vis_vis,loftr,512,fp16,rtx5060ti,23.271076,1272.043065,2.306656,valid,valid,valid,none,gpu_board_power,4,4,4
sthereo_day_night_vis_vis,loftr,512,fp32,rtx5060ti,42.153756,1386.682067,5.975768,valid,valid,valid,none,gpu_board_power,4,4,4
sthereo_day_night_vis_vis,loftr,512,mp,rtx5060ti,25.284535,1362.042113,2.417204,valid,valid,valid,none,gpu_board_power,4,4,4
sthereo_day_night_vis_vis,loftr,1024,fp16,rtx5060ti,86.58282,6892.043065,9.851882,valid,valid,valid,none,gpu_board_power,4,4,4
sthereo_day_night_vis_vis,loftr,1024,fp32,rtx5060ti,158.338575,7528.682067,26.016801,valid,valid,valid,none,gpu_board_power,4,4,4
sthereo_day_night_vis_vis,loftr,1024,mp,rtx5060ti,92.337454,6102.042113,10.633648,valid,valid,valid,none,gpu_board_power,4,4,4
sthereo_day_night_vis_vis,mast3r,128,fp32,rtx5060ti,34.9101,3292.808878,3.52711,valid,valid,valid,none,gpu_board_power,4,4,4
sthereo_day_night_vis_vis,mast3r,128,mp,rtx5060ti,36.296877,3292.808878,2.817358,valid,valid,valid,none,gpu_board_power,4,4,4
sthereo_day_night_vis_vis,mast3r,256,fp32,rtx5060ti,62.643701,3522.168924,7.570829,valid,valid,valid,none,gpu_board_power,4,4,4
sthereo_day_night_vis_vis,mast3r,256,mp,rtx5060ti,52.300443,3522.168924,5.596801,valid,valid,valid,none,gpu_board_power,4,4,4
sthereo_day_night_vis_vis,mast3r,512,fp32,rtx5060ti,238.171365,5044.201892,31.689708,valid,valid,valid,none,gpu_board_power,4,4,4
sthereo_day_night_vis_vis,mast3r,512,mp,rtx5060ti,193.61288,4876.201892,22.231295,valid,valid,valid,none,gpu_board_power,4,4,4
sthereo_day_night_vis_vis,mast3r,1024,fp32,rtx5060ti,1577.323701,11554.201892,215.864462,valid,valid,valid,none,gpu_board_power,4,4,4
sthereo_day_night_vis_vis,mast3r,1024,mp,rtx5060ti,1393.423626,10942.201892,161.975324,valid,valid,valid,none,gpu_board_power,4,4,4
sthereo_day_night_vis_vis,matchanything-eloftr,128,fp16,rtx5060ti,15.215356,424.039828,0.487502,valid,valid,valid,none,gpu_board_power,4,4,4
sthereo_day_night_vis_vis,matchanything-eloftr,128,fp32,rtx5060ti,14.356045,714.67883,0.596124,valid,valid,valid,none,gpu_board_power,4,4,4
sthereo_day_night_vis_vis,matchanything-eloftr,128,mp,rtx5060ti,16.687718,714.038877,0.555954,valid,valid,valid,none,gpu_board_power,4,4,4
sthereo_day_night_vis_vis,matchanything-eloftr,256,fp16,rtx5060ti,17.831455,688.039828,0.838364,valid,valid,valid,none,gpu_board_power,4,4,4
sthereo_day_night_vis_vis,matchanything-eloftr,256,fp32,rtx5060ti,18.102556,992.67883,1.362172,valid,valid,valid,none,gpu_board_power,4,4,4
sthereo_day_night_vis_vis,matchanything-eloftr,256,mp,rtx5060ti,19.267409,978.038877,0.928225,valid,valid,valid,none,gpu_board_power,4,4,4
sthereo_day_night_vis_vis,matchanything-eloftr,512,fp16,rtx5060ti,29.98453,1696.039828,2.576312,valid,valid,valid,none,gpu_board_power,4,4,4
sthereo_day_night_vis_vis,matchanything-eloftr,512,fp32,rtx5060ti,38.725418,2180.67883,4.697323,valid,valid,valid,none,gpu_board_power,4,4,4
sthereo_day_night_vis_vis,matchanything-eloftr,512,mp,rtx5060ti,31.377984,2078.038877,2.6261,valid,valid,valid,none,gpu_board_power,4,4,4
sthereo_day_night_vis_vis,matchanything-eloftr,1024,fp16,rtx5060ti,92.135788,7454.039828,10.235173,valid,valid,valid,none,gpu_board_power,4,4,4
sthereo_day_night_vis_vis,matchanything-eloftr,1024,fp32,rtx5060ti,147.485658,10472.67883,21.366044,valid,valid,valid,none,gpu_board_power,4,4,4
sthereo_day_night_vis_vis,matchanything-eloftr,1024,mp,rtx5060ti,97.653475,10060.038877,10.974508,valid,valid,valid,none,gpu_board_power,4,4,4
sthereo_day_night_vis_vis,orb-cuda,128,native,rtx5060ti,0.010065,0.581196,0.000293,valid,valid,valid,none,gpu_board_power,4,4,4
sthereo_day_night_vis_vis,orb-cuda,256,native,rtx5060ti,0.897925,2.836964,0.026563,valid,valid,valid,none,gpu_board_power,4,4,4
sthereo_day_night_vis_vis,orb-cuda,512,native,rtx5060ti,2.060707,3.167221,0.063059,valid,valid,valid,none,gpu_board_power,4,4,4
sthereo_day_night_vis_vis,orb-cuda,1024,native,rtx5060ti,2.963554,10.240414,0.099206,valid,valid,valid,none,gpu_board_power,4,4,4
sthereo_day_night_vis_vis,sift-gpu,128,native,rtx5060ti,3.201798,9.814722,0.100505,valid,valid,valid,none,gpu_board_power,4,4,4
sthereo_day_night_vis_vis,sift-gpu,256,native,rtx5060ti,5.630483,40.781702,0.182823,valid,valid,valid,none,gpu_board_power,4,4,4
sthereo_day_night_vis_vis,sift-gpu,512,native,rtx5060ti,9.615016,157.765833,0.370391,valid,valid,valid,none,gpu_board_power,4,4,4
sthereo_day_night_vis_vis,sift-gpu,1024,native,rtx5060ti,21.3918,647.709208,1.038293,valid,valid,valid,none,gpu_board_power,4,4,4
sthereo_day_night_vis_vis,superpoint-lightglue,128,fp16,rtx5060ti,6.610529,166.38467,0.225625,valid,valid,valid,none,gpu_board_power,4,4,4
sthereo_day_night_vis_vis,superpoint-lightglue,128,fp32,rtx5060ti,6.968459,388.38467,0.358617,valid,valid,valid,none,gpu_board_power,4,4,4
sthereo_day_night_vis_vis,superpoint-lightglue,128,mp,rtx5060ti,6.927983,168.38467,0.260306,valid,valid,valid,none,gpu_board_power,4,4,4
sthereo_day_night_vis_vis,superpoint-lightglue,256,fp16,rtx5060ti,6.323803,180.38467,0.291344,valid,valid,valid,none,gpu_board_power,4,4,4
sthereo_day_night_vis_vis,superpoint-lightglue,256,fp32,rtx5060ti,7.827237,314.38467,0.647756,valid,valid,valid,none,gpu_board_power,4,4,4
sthereo_day_night_vis_vis,superpoint-lightglue,256,mp,rtx5060ti,6.713186,190.38467,0.372829,valid,valid,valid,none,gpu_board_power,4,4,4
sthereo_day_night_vis_vis,superpoint-lightglue,512,fp16,rtx5060ti,7.079778,290.38467,0.527502,valid,valid,valid,none,gpu_board_power,4,4,4
sthereo_day_night_vis_vis,superpoint-lightglue,512,fp32,rtx5060ti,11.445578,340.38467,1.453511,valid,valid,valid,none,gpu_board_power,4,4,4
sthereo_day_night_vis_vis,superpoint-lightglue,512,mp,rtx5060ti,7.394085,308.38467,0.642979,valid,valid,valid,none,gpu_board_power,4,4,4
sthereo_day_night_vis_vis,superpoint-lightglue,1024,fp16,rtx5060ti,16.32142,682.38467,1.842084,valid,valid,valid,none,gpu_board_power,4,4,4
sthereo_day_night_vis_vis,superpoint-lightglue,1024,fp32,rtx5060ti,36.193526,898.38467,5.745397,valid,valid,valid,none,gpu_board_power,4,4,4
sthereo_day_night_vis_vis,superpoint-lightglue,1024,mp,rtx5060ti,19.554975,698.38467,2.275608,valid,valid,valid,none,gpu_board_power,4,4,4
sthereo_day_night_vis_vis,superpoint-superglue,128,fp16,rtx5060ti,9.806811,166.199315,0.337668,valid,valid,valid,none,gpu_board_power,4,4,4
sthereo_day_night_vis_vis,superpoint-superglue,128,fp32,rtx5060ti,10.30876,388.198363,0.468771,valid,valid,valid,none,gpu_board_power,4,4,4
sthereo_day_night_vis_vis,superpoint-superglue,128,mp,rtx5060ti,12.576935,168.198363,0.431512,valid,valid,valid,none,gpu_board_power,4,4,4
sthereo_day_night_vis_vis,superpoint-superglue,256,fp16,rtx5060ti,9.937732,180.199315,0.407372,valid,valid,valid,none,gpu_board_power,4,4,4
sthereo_day_night_vis_vis,superpoint-superglue,256,fp32,rtx5060ti,11.522161,310.198363,0.770517,valid,valid,valid,none,gpu_board_power,4,4,4
sthereo_day_night_vis_vis,superpoint-superglue,256,mp,rtx5060ti,12.656786,184.198363,0.505198,valid,valid,valid,none,gpu_board_power,4,4,4
sthereo_day_night_vis_vis,superpoint-superglue,512,fp16,rtx5060ti,11.483284,290.199315,0.694538,valid,valid,valid,none,gpu_board_power,4,4,4
sthereo_day_night_vis_vis,superpoint-superglue,512,fp32,rtx5060ti,16.447037,338.198363,1.741182,valid,valid,valid,none,gpu_board_power,4,4,4
sthereo_day_night_vis_vis,superpoint-superglue,512,mp,rtx5060ti,13.820809,300.198363,0.811573,valid,valid,valid,none,gpu_board_power,4,4,4
sthereo_day_night_vis_vis,superpoint-superglue,1024,fp16,rtx5060ti,21.077542,682.199315,2.278075,valid,valid,valid,none,gpu_board_power,4,4,4
sthereo_day_night_vis_vis,superpoint-superglue,1024,fp32,rtx5060ti,44.270275,894.198363,6.686364,valid,valid,valid,none,gpu_board_power,4,4,4
sthereo_day_night_vis_vis,superpoint-superglue,1024,mp,rtx5060ti,23.520077,692.198363,2.404822,valid,valid,valid,none,gpu_board_power,4,4,4
sthereo_day_vis_thermal,dkm,128,fp32,rtx5060ti,1231.881639,14310.455077,158.881351,valid,valid,valid,none,gpu_board_power,4,4,4
sthereo_day_vis_thermal,dkm,128,mp,rtx5060ti,849.332028,13622.455351,95.168564,valid,valid,valid,none,gpu_board_power,4,4,4
sthereo_day_vis_thermal,dkm,256,fp32,rtx5060ti,1234.773432,14310.455077,159.359674,valid,valid,valid,none,gpu_board_power,4,4,4
sthereo_day_vis_thermal,dkm,256,mp,rtx5060ti,853.713804,13622.455351,95.595831,valid,valid,valid,none,gpu_board_power,4,4,4
sthereo_day_vis_thermal,dkm,512,fp32,rtx5060ti,1238.629741,14310.455077,158.342537,valid,valid,valid,none,gpu_board_power,4,4,4
sthereo_day_vis_thermal,dkm,512,mp,rtx5060ti,852.154751,13622.455351,94.990995,valid,valid,valid,none,gpu_board_power,4,4,4
sthereo_day_vis_thermal,dkm,1024,fp32,rtx5060ti,1248.098072,14310.455077,158.525142,valid,valid,valid,none,gpu_board_power,4,4,4
sthereo_day_vis_thermal,dkm,1024,mp,rtx5060ti,855.740349,13622.455351,95.572064,valid,valid,valid,none,gpu_board_power,4,4,4
sthereo_day_vis_thermal,efficientloftr,128,fp16,rtx5060ti,14.296397,422.039828,0.472416,valid,valid,valid,none,gpu_board_power,4,4,4
sthereo_day_vis_thermal,efficientloftr,128,fp32,rtx5060ti,14.610413,712.67883,0.63782,valid,valid,valid,none,gpu_board_power,4,4,4
sthereo_day_vis_thermal,efficientloftr,128,mp,rtx5060ti,16.736706,710.038877,0.561695,valid,valid,valid,none,gpu_board_power,4,4,4
sthereo_day_vis_thermal,efficientloftr,256,fp16,rtx5060ti,19.744822,686.039828,0.961375,valid,valid,valid,none,gpu_board_power,4,4,4
sthereo_day_vis_thermal,efficientloftr,256,fp32,rtx5060ti,20.405775,988.67883,1.752955,valid,valid,valid,none,gpu_board_power,4,4,4
sthereo_day_vis_thermal,efficientloftr,256,mp,rtx5060ti,21.20353,972.038877,1.078448,valid,valid,valid,none,gpu_board_power,4,4,4
sthereo_day_vis_thermal,efficientloftr,512,fp16,rtx5060ti,32.970762,1712.039828,2.919691,valid,valid,valid,none,gpu_board_power,4,4,4
sthereo_day_vis_thermal,efficientloftr,512,fp32,rtx5060ti,48.565258,2098.67883,5.896621,valid,valid,valid,none,gpu_board_power,4,4,4
sthereo_day_vis_thermal,efficientloftr,512,mp,rtx5060ti,35.894706,2008.038877,3.096097,valid,valid,valid,none,gpu_board_power,4,4,4
sthereo_day_vis_thermal,efficientloftr,1024,fp16,rtx5060ti,121.843201,7786.039828,13.776528,valid,valid,valid,none,gpu_board_power,4,4,4
sthereo_day_vis_thermal,efficientloftr,1024,fp32,rtx5060ti,192.184747,10480.67883,27.688765,valid,valid,valid,none,gpu_board_power,4,4,4
sthereo_day_vis_thermal,efficientloftr,1024,mp,rtx5060ti,133.776631,10040.038877,15.344936,valid,valid,valid,none,gpu_board_power,4,4,4
sthereo_day_vis_thermal,loftr,128,fp16,rtx5060ti,11.210724,184.043065,0.487193,valid,valid,valid,none,gpu_board_power,4,4,4
sthereo_day_vis_thermal,loftr,128,fp32,rtx5060ti,10.830666,244.682067,0.864663,valid,valid,valid,none,gpu_board_power,4,4,4
sthereo_day_vis_thermal,loftr,128,mp,rtx5060ti,12.796514,226.042113,0.566833,valid,valid,valid,none,gpu_board_power,4,4,4
sthereo_day_vis_thermal,loftr,256,fp16,rtx5060ti,12.205932,418.043065,0.907356,valid,valid,valid,none,gpu_board_power,4,4,4
sthereo_day_vis_thermal,loftr,256,fp32,rtx5060ti,19.258354,428.682067,2.176939,valid,valid,valid,none,gpu_board_power,4,4,4
sthereo_day_vis_thermal,loftr,256,mp,rtx5060ti,14.320731,458.042113,0.98871,valid,valid,valid,none,gpu_board_power,4,4,4
sthereo_day_vis_thermal,loftr,512,fp16,rtx5060ti,29.839402,1272.043065,3.131371,valid,valid,valid,none,gpu_board_power,4,4,4
sthereo_day_vis_thermal,loftr,512,fp32,rtx5060ti,56.59686,1386.682067,8.61407,valid,valid,valid,none,gpu_board_power,4,4,4
sthereo_day_vis_thermal,loftr,512,mp,rtx5060ti,32.061343,1362.042113,3.249755,valid,valid,valid,none,gpu_board_power,4,4,4
sthereo_day_vis_thermal,loftr,1024,fp16,rtx5060ti,120.655624,6892.043065,14.062933,valid,valid,valid,none,gpu_board_power,4,4,4
sthereo_day_vis_thermal,loftr,1024,fp32,rtx5060ti,228.306838,7528.682067,36.458949,valid,valid,valid,none,gpu_board_power,4,4,4
sthereo_day_vis_thermal,loftr,1024,mp,rtx5060ti,130.469583,6102.042113,15.18753,valid,valid,valid,none,gpu_board_power,4,4,4
sthereo_day_vis_thermal,mast3r,128,fp32,rtx5060ti,43.765794,3292.808878,4.78898,valid,valid,valid,none,gpu_board_power,4,4,4
sthereo_day_vis_thermal,mast3r,128,mp,rtx5060ti,45.461253,3292.808878,3.782594,valid,valid,valid,none,gpu_board_power,4,4,4
sthereo_day_vis_thermal,mast3r,256,fp32,rtx5060ti,87.211699,3522.168924,10.882099,valid,valid,valid,none,gpu_board_power,4,4,4
sthereo_day_vis_thermal,mast3r,256,mp,rtx5060ti,73.577618,3522.168924,7.953134,valid,valid,valid,none,gpu_board_power,4,4,4
sthereo_day_vis_thermal,mast3r,512,fp32,rtx5060ti,363.481172,5044.201892,47.692072,valid,valid,valid,none,gpu_board_power,4,4,4
sthereo_day_vis_thermal,mast3r,512,mp,rtx5060ti,287.85471,4876.201892,32.358858,valid,valid,valid,none,gpu_board_power,4,4,4
sthereo_day_vis_thermal,mast3r,1024,fp32,rtx5060ti,2482.951797,11554.201892,341.973902,valid,valid,valid,none,gpu_board_power,4,4,4
sthereo_day_vis_thermal,mast3r,1024,mp,rtx5060ti,2194.204888,10942.201892,261.682263,valid,valid,valid,none,gpu_board_power,4,4,4
sthereo_day_vis_thermal,matchanything-eloftr,128,fp16,rtx5060ti,17.536873,424.039828,0.572871,valid,valid,valid,none,gpu_board_power,4,4,4
sthereo_day_vis_thermal,matchanything-eloftr,128,fp32,rtx5060ti,15.989915,714.67883,0.731595,valid,valid,valid,none,gpu_board_power,4,4,4
sthereo_day_vis_thermal,matchanything-eloftr,128,mp,rtx5060ti,18.652451,714.038877,0.643552,valid,valid,valid,none,gpu_board_power,4,4,4
sthereo_day_vis_thermal,matchanything-eloftr,256,fp16,rtx5060ti,22.375946,688.039828,1.089518,valid,valid,valid,none,gpu_board_power,4,4,4
sthereo_day_vis_thermal,matchanything-eloftr,256,fp32,rtx5060ti,23.019227,992.67883,1.871547,valid,valid,valid,none,gpu_board_power,4,4,4
sthereo_day_vis_thermal,matchanything-eloftr,256,mp,rtx5060ti,23.710504,978.038877,1.182159,valid,valid,valid,none,gpu_board_power,4,4,4
sthereo_day_vis_thermal,matchanything-eloftr,512,fp16,rtx5060ti,36.195925,1696.039828,3.110597,valid,valid,valid,none,gpu_board_power,4,4,4
sthereo_day_vis_thermal,matchanything-eloftr,512,fp32,rtx5060ti,52.811405,2180.67883,6.519828,valid,valid,valid,none,gpu_board_power,4,4,4
sthereo_day_vis_thermal,matchanything-eloftr,512,mp,rtx5060ti,38.107055,2078.038877,3.488676,valid,valid,valid,none,gpu_board_power,4,4,4
sthereo_day_vis_thermal,matchanything-eloftr,1024,fp16,rtx5060ti,128.899112,7454.039828,14.190407,valid,valid,valid,none,gpu_board_power,4,4,4
sthereo_day_vis_thermal,matchanything-eloftr,1024,fp32,rtx5060ti,209.700559,10472.67883,29.970407,valid,valid,valid,none,gpu_board_power,4,4,4
sthereo_day_vis_thermal,matchanything-eloftr,1024,mp,rtx5060ti,138.775873,10060.038877,15.599868,valid,valid,valid,none,gpu_board_power,4,4,4
sthereo_day_vis_thermal,orb-cuda,128,native,rtx5060ti,0.009232,0.581196,0.000302,valid,valid,valid,none,gpu_board_power,4,4,4
sthereo_day_vis_thermal,orb-cuda,256,native,rtx5060ti,0.981618,2.978714,0.03009,valid,valid,valid,none,gpu_board_power,4,4,4
sthereo_day_vis_thermal,orb-cuda,512,native,rtx5060ti,2.287889,3.640953,0.072027,valid,valid,valid,none,gpu_board_power,4,4,4
sthereo_day_vis_thermal,orb-cuda,1024,native,rtx5060ti,3.245697,12.121956,0.114975,valid,valid,valid,none,gpu_board_power,4,4,4
sthereo_day_vis_thermal,sift-gpu,128,native,rtx5060ti,5.64908,9.887964,0.178548,valid,valid,valid,none,gpu_board_power,4,4,4
sthereo_day_vis_thermal,sift-gpu,256,native,rtx5060ti,8.945014,40.928919,0.293026,valid,valid,valid,none,gpu_board_power,4,4,4
sthereo_day_vis_thermal,sift-gpu,512,native,rtx5060ti,14.001047,157.977015,0.540107,valid,valid,valid,none,gpu_board_power,4,4,4
sthereo_day_vis_thermal,sift-gpu,1024,native,rtx5060ti,26.923569,647.858622,1.347193,valid,valid,valid,none,gpu_board_power,4,4,4
sthereo_day_vis_thermal,superpoint-lightglue,128,fp16,rtx5060ti,6.019224,166.38467,0.214481,valid,valid,valid,none,gpu_board_power,4,4,4
sthereo_day_vis_thermal,superpoint-lightglue,128,fp32,rtx5060ti,6.702011,388.38467,0.387144,valid,valid,valid,none,gpu_board_power,4,4,4
sthereo_day_vis_thermal,superpoint-lightglue,128,mp,rtx5060ti,6.240312,168.38467,0.257377,valid,valid,valid,none,gpu_board_power,4,4,4
sthereo_day_vis_thermal,superpoint-lightglue,256,fp16,rtx5060ti,6.979584,180.38467,0.347362,valid,valid,valid,none,gpu_board_power,4,4,4
sthereo_day_vis_thermal,superpoint-lightglue,256,fp32,rtx5060ti,9.624582,314.38467,0.866752,valid,valid,valid,none,gpu_board_power,4,4,4
sthereo_day_vis_thermal,superpoint-lightglue,256,mp,rtx5060ti,7.457755,190.38467,0.471751,valid,valid,valid,none,gpu_board_power,4,4,4
sthereo_day_vis_thermal,superpoint-lightglue,512,fp16,rtx5060ti,11.01999,290.38467,1.019298,valid,valid,valid,none,gpu_board_power,4,4,4
sthereo_day_vis_thermal,superpoint-lightglue,512,fp32,rtx5060ti,21.370289,340.38467,2.863447,valid,valid,valid,none,gpu_board_power,4,4,4
sthereo_day_vis_thermal,superpoint-lightglue,512,mp,rtx5060ti,15.270683,308.38467,1.714647,valid,valid,valid,none,gpu_board_power,4,4,4
sthereo_day_vis_thermal,superpoint-lightglue,1024,fp16,rtx5060ti,28.127258,682.38467,3.348714,valid,valid,valid,none,gpu_board_power,4,4,4
sthereo_day_vis_thermal,superpoint-lightglue,1024,fp32,rtx5060ti,62.126863,898.38467,9.703609,valid,valid,valid,none,gpu_board_power,4,4,4
sthereo_day_vis_thermal,superpoint-lightglue,1024,mp,rtx5060ti,37.1458,698.38467,4.749694,valid,valid,valid,none,gpu_board_power,4,4,4
sthereo_day_vis_thermal,superpoint-superglue,128,fp16,rtx5060ti,9.563726,166.199315,0.342285,valid,valid,valid,none,gpu_board_power,4,4,4
sthereo_day_vis_thermal,superpoint-superglue,128,fp32,rtx5060ti,10.659826,388.198363,0.520194,valid,valid,valid,none,gpu_board_power,4,4,4
sthereo_day_vis_thermal,superpoint-superglue,128,mp,rtx5060ti,12.827865,168.198363,0.437459,valid,valid,valid,none,gpu_board_power,4,4,4
sthereo_day_vis_thermal,superpoint-superglue,256,fp16,rtx5060ti,9.911244,180.199315,0.443389,valid,valid,valid,none,gpu_board_power,4,4,4
sthereo_day_vis_thermal,superpoint-superglue,256,fp32,rtx5060ti,12.633653,310.198363,0.984171,valid,valid,valid,none,gpu_board_power,4,4,4
sthereo_day_vis_thermal,superpoint-superglue,256,mp,rtx5060ti,12.780603,184.198363,0.546274,valid,valid,valid,none,gpu_board_power,4,4,4
sthereo_day_vis_thermal,superpoint-superglue,512,fp16,rtx5060ti,13.250319,290.199315,0.960037,valid,valid,valid,none,gpu_board_power,4,4,4
sthereo_day_vis_thermal,superpoint-superglue,512,fp32,rtx5060ti,21.087701,338.198363,2.659425,valid,valid,valid,none,gpu_board_power,4,4,4
sthereo_day_vis_thermal,superpoint-superglue,512,mp,rtx5060ti,14.956663,300.198363,1.052264,valid,valid,valid,none,gpu_board_power,4,4,4
sthereo_day_vis_thermal,superpoint-superglue,1024,fp16,rtx5060ti,27.463854,682.199315,3.198151,valid,valid,valid,none,gpu_board_power,4,4,4
sthereo_day_vis_thermal,superpoint-superglue,1024,fp32,rtx5060ti,59.291129,894.198363,9.458248,valid,valid,valid,none,gpu_board_power,4,4,4
sthereo_day_vis_thermal,superpoint-superglue,1024,mp,rtx5060ti,30.234167,692.198363,3.476124,valid,valid,valid,none,gpu_board_power,4,4,4
rubik_vis_vis_reference,dkm,128,fp32,thor,2642.331359,14310.452385,94.125399,valid,valid,valid,none,gpu_rail_power,4,4,4
rubik_vis_vis_reference,dkm,128,mp,thor,1520.613282,13622.45265,43.209738,valid,valid,valid,none,gpu_rail_power,4,4,4
rubik_vis_vis_reference,dkm,256,fp32,thor,2651.032791,14310.452385,94.845984,valid,valid,valid,none,gpu_rail_power,4,4,4
rubik_vis_vis_reference,dkm,256,mp,thor,1522.66551,13622.45265,43.324932,valid,valid,valid,none,gpu_rail_power,4,4,4
rubik_vis_vis_reference,dkm,512,fp32,thor,2649.35209,14310.452385,94.812871,valid,valid,valid,none,gpu_rail_power,4,4,4
rubik_vis_vis_reference,dkm,512,mp,thor,1517.059466,13622.45265,43.296343,valid,valid,valid,none,gpu_rail_power,4,4,4
rubik_vis_vis_reference,dkm,1024,fp32,thor,2656.850569,14310.452385,95.041604,valid,valid,valid,none,gpu_rail_power,4,4,4
rubik_vis_vis_reference,dkm,1024,mp,thor,1527.05925,13622.45265,43.50546,valid,valid,valid,none,gpu_rail_power,4,4,4
rubik_vis_vis_reference,efficientloftr,128,fp16,thor,28.340755,422.037002,0.235008,valid,valid,valid,none,gpu_rail_power,4,4,4
rubik_vis_vis_reference,efficientloftr,128,fp32,thor,26.334226,712.676149,0.430984,valid,valid,valid,none,gpu_rail_power,4,4,4
rubik_vis_vis_reference,efficientloftr,128,mp,thor,30.714092,710.03605,0.282503,valid,valid,valid,none,gpu_rail_power,4,4,4
rubik_vis_vis_reference,efficientloftr,256,fp16,thor,30.961696,686.037002,0.496175,valid,valid,valid,none,gpu_rail_power,4,4,4
rubik_vis_vis_reference,efficientloftr,256,fp32,thor,33.895768,988.676149,0.967072,valid,valid,valid,none,gpu_rail_power,4,4,4
rubik_vis_vis_reference,efficientloftr,256,mp,thor,33.480027,972.03605,0.543695,valid,valid,valid,none,gpu_rail_power,4,4,4
rubik_vis_vis_reference,efficientloftr,512,fp16,thor,64.710274,1700.03707,1.553225,valid,valid,valid,none,gpu_rail_power,4,4,4
rubik_vis_vis_reference,efficientloftr,512,fp32,thor,105.628876,2162.676149,3.871563,valid,valid,valid,none,gpu_rail_power,4,4,4
rubik_vis_vis_reference,efficientloftr,512,mp,thor,68.937078,2068.036119,1.652245,valid,valid,valid,none,gpu_rail_power,4,4,4
rubik_vis_vis_reference,efficientloftr,1024,fp16,thor,187.120014,7790.037059,5.721498,valid,valid,valid,none,gpu_rail_power,4,4,4
rubik_vis_vis_reference,efficientloftr,1024,fp32,thor,402.335266,10480.676149,16.349749,valid,valid,valid,none,gpu_rail_power,4,4,4
rubik_vis_vis_reference,efficientloftr,1024,mp,thor,208.133415,10078.036107,6.474462,valid,valid,valid,none,gpu_rail_power,4,4,4
rubik_vis_vis_reference,loftr,128,fp16,thor,19.374873,184.040284,0.217364,valid,valid,valid,none,gpu_rail_power,4,4,4
rubik_vis_vis_reference,loftr,128,fp32,thor,18.232558,244.679363,0.485596,valid,valid,valid,none,gpu_rail_power,4,4,4
rubik_vis_vis_reference,loftr,128,mp,thor,22.498347,226.039332,0.276211,valid,valid,valid,none,gpu_rail_power,4,4,4
rubik_vis_vis_reference,loftr,256,fp16,thor,21.012262,408.040284,0.454152,valid,valid,valid,none,gpu_rail_power,4,4,4
rubik_vis_vis_reference,loftr,256,fp32,thor,41.439819,428.679363,1.472456,valid,valid,valid,none,gpu_rail_power,4,4,4
rubik_vis_vis_reference,loftr,256,mp,thor,23.481241,458.039332,0.49995,valid,valid,valid,none,gpu_rail_power,4,4,4
rubik_vis_vis_reference,loftr,512,fp16,thor,37.60799,1386.040284,1.263384,valid,valid,valid,none,gpu_rail_power,4,4,4
rubik_vis_vis_reference,loftr,512,fp32,thor,142.916944,1392.679363,5.67373,valid,valid,valid,none,gpu_rail_power,4,4,4
rubik_vis_vis_reference,loftr,512,mp,thor,39.778544,1450.039332,1.343422,valid,valid,valid,none,gpu_rail_power,4,4,4
rubik_vis_vis_reference,loftr,1024,fp16,thor,163.227509,6908.040296,5.596448,valid,valid,valid,none,gpu_rail_power,4,4,4
rubik_vis_vis_reference,loftr,1024,fp32,thor,547.925763,7528.679363,23.413061,valid,valid,valid,none,gpu_rail_power,4,4,4
rubik_vis_vis_reference,loftr,1024,mp,thor,171.95882,6192.039344,5.898151,valid,valid,valid,none,gpu_rail_power,4,4,4
rubik_vis_vis_reference,mast3r,128,fp32,thor,116.658713,4084.806177,3.552197,valid,valid,valid,none,gpu_rail_power,4,4,4
rubik_vis_vis_reference,mast3r,128,mp,thor,130.080495,4104.806177,3.065222,valid,valid,valid,none,gpu_rail_power,4,4,4
rubik_vis_vis_reference,mast3r,256,fp32,thor,239.508771,5832.806177,8.555595,valid,valid,valid,none,gpu_rail_power,4,4,4
rubik_vis_vis_reference,mast3r,256,mp,thor,206.711937,5848.806177,5.639923,valid,valid,valid,none,gpu_rail_power,4,4,4
rubik_vis_vis_reference,mast3r,512,fp32,thor,816.933352,6094.839156,27.590569,valid,valid,valid,none,gpu_rail_power,4,4,4
rubik_vis_vis_reference,mast3r,512,mp,thor,559.658479,6126.839156,17.364142,valid,valid,valid,none,gpu_rail_power,4,4,4
rubik_vis_vis_reference,mast3r,1024,fp32,thor,5554.032829,8030.839156,182.844794,valid,valid,valid,none,gpu_rail_power,4,4,4
rubik_vis_vis_reference,mast3r,1024,mp,thor,4483.170203,8394.839156,125.502448,valid,valid,valid,none,gpu_rail_power,4,4,4
rubik_vis_vis_reference,matchanything-eloftr,128,fp16,thor,30.933101,424.037002,0.251551,valid,valid,valid,none,gpu_rail_power,4,4,4
rubik_vis_vis_reference,matchanything-eloftr,128,fp32,thor,27.879719,714.676149,0.470049,valid,valid,valid,none,gpu_rail_power,4,4,4
rubik_vis_vis_reference,matchanything-eloftr,128,mp,thor,33.368062,714.03605,0.299602,valid,valid,valid,none,gpu_rail_power,4,4,4
rubik_vis_vis_reference,matchanything-eloftr,256,fp16,thor,33.521386,688.037002,0.543504,valid,valid,valid,none,gpu_rail_power,4,4,4
rubik_vis_vis_reference,matchanything-eloftr,256,fp32,thor,36.170225,992.676149,1.018355,valid,valid,valid,none,gpu_rail_power,4,4,4
rubik_vis_vis_reference,matchanything-eloftr,256,mp,thor,35.567421,978.03605,0.583313,valid,valid,valid,none,gpu_rail_power,4,4,4
rubik_vis_vis_reference,matchanything-eloftr,512,fp16,thor,67.07021,1696.03707,1.626916,valid,valid,valid,none,gpu_rail_power,4,4,4
rubik_vis_vis_reference,matchanything-eloftr,512,fp32,thor,113.960543,2180.676149,4.069909,valid,valid,valid,none,gpu_rail_power,4,4,4
rubik_vis_vis_reference,matchanything-eloftr,512,mp,thor,69.323265,2074.036119,1.698095,valid,valid,valid,none,gpu_rail_power,4,4,4
rubik_vis_vis_reference,matchanything-eloftr,1024,fp16,thor,196.754758,7470.03707,5.913571,valid,valid,valid,none,gpu_rail_power,4,4,4
rubik_vis_vis_reference,matchanything-eloftr,1024,fp32,thor,441.022671,10436.676149,17.46091,valid,valid,valid,none,gpu_rail_power,4,4,4
rubik_vis_vis_reference,matchanything-eloftr,1024,mp,thor,213.809007,10064.036119,6.576526,valid,valid,valid,none,gpu_rail_power,4,4,4
rubik_vis_vis_reference,orb-cuda,128,native,thor,1.014682,0.696476,0.005146,valid,valid,valid,none,gpu_rail_power,4,4,4
rubik_vis_vis_reference,orb-cuda,256,native,thor,7.032473,2.951859,0.023983,valid,valid,valid,none,gpu_rail_power,4,4,4
rubik_vis_vis_reference,orb-cuda,512,native,thor,15.835968,3.390022,0.046983,valid,valid,valid,none,gpu_rail_power,4,4,4
rubik_vis_vis_reference,orb-cuda,1024,native,thor,29.583177,11.076939,0.091112,valid,valid,valid,none,gpu_rail_power,4,4,4
rubik_vis_vis_reference,sift-gpu,128,native,thor,16.975116,9.91189,0.120329,valid,valid,valid,none,gpu_rail_power,4,4,4
rubik_vis_vis_reference,sift-gpu,256,native,thor,25.429581,41.048304,0.208798,valid,valid,valid,none,gpu_rail_power,4,4,4
rubik_vis_vis_reference,sift-gpu,512,native,thor,54.783886,158.973841,0.50543,valid,valid,valid,none,gpu_rail_power,4,4,4
rubik_vis_vis_reference,sift-gpu,1024,native,thor,147.754467,651.728251,1.775079,valid,valid,valid,none,gpu_rail_power,4,4,4
rubik_vis_vis_reference,superpoint-lightglue,128,fp16,thor,12.156569,134.381844,0.108371,valid,valid,valid,none,gpu_rail_power,4,4,4
rubik_vis_vis_reference,superpoint-lightglue,128,fp32,thor,13.65585,230.381855,0.263543,valid,valid,valid,none,gpu_rail_power,4,4,4
rubik_vis_vis_reference,superpoint-lightglue,128,mp,thor,12.299578,136.381844,0.155734,valid,valid,valid,none,gpu_rail_power,4,4,4
rubik_vis_vis_reference,superpoint-lightglue,256,fp16,thor,10.669393,154.381855,0.16696,valid,valid,valid,none,gpu_rail_power,4,4,4
rubik_vis_vis_reference,superpoint-lightglue,256,fp32,thor,18.810455,258.381967,0.542551,valid,valid,valid,none,gpu_rail_power,4,4,4
rubik_vis_vis_reference,superpoint-lightglue,256,mp,thor,10.716544,164.381855,0.227511,valid,valid,valid,none,gpu_rail_power,4,4,4
rubik_vis_vis_reference,superpoint-lightglue,512,fp16,thor,16.480013,262.381889,0.453235,valid,valid,valid,none,gpu_rail_power,4,4,4
rubik_vis_vis_reference,superpoint-lightglue,512,fp32,thor,57.211783,750.381967,1.911662,valid,valid,valid,none,gpu_rail_power,4,4,4
rubik_vis_vis_reference,superpoint-lightglue,512,mp,thor,22.994885,276.381889,0.749134,valid,valid,valid,none,gpu_rail_power,4,4,4
rubik_vis_vis_reference,superpoint-lightglue,1024,fp16,thor,53.421279,682.381901,1.741624,valid,valid,valid,none,gpu_rail_power,4,4,4
rubik_vis_vis_reference,superpoint-lightglue,1024,fp32,thor,145.441601,898.381967,5.963738,valid,valid,valid,none,gpu_rail_power,4,4,4
rubik_vis_vis_reference,superpoint-lightglue,1024,mp,thor,72.370263,698.381901,2.794354,valid,valid,valid,none,gpu_rail_power,4,4,4
rubik_vis_vis_reference,superpoint-superglue,128,fp16,thor,16.850344,134.196488,0.173067,valid,valid,valid,none,gpu_rail_power,4,4,4
rubik_vis_vis_reference,superpoint-superglue,128,fp32,thor,18.688969,230.195548,0.312675,valid,valid,valid,none,gpu_rail_power,4,4,4
rubik_vis_vis_reference,superpoint-superglue,128,mp,thor,20.954097,136.195537,0.229107,valid,valid,valid,none,gpu_rail_power,4,4,4
rubik_vis_vis_reference,superpoint-superglue,256,fp16,thor,17.641362,154.1965,0.252043,valid,valid,valid,none,gpu_rail_power,4,4,4
rubik_vis_vis_reference,superpoint-superglue,256,fp32,thor,24.717775,254.19566,0.623732,valid,valid,valid,none,gpu_rail_power,4,4,4
rubik_vis_vis_reference,superpoint-superglue,256,mp,thor,21.315016,158.195548,0.309321,valid,valid,valid,none,gpu_rail_power,4,4,4
rubik_vis_vis_reference,superpoint-superglue,512,fp16,thor,20.892823,262.196534,0.541832,valid,valid,valid,none,gpu_rail_power,4,4,4
rubik_vis_vis_reference,superpoint-superglue,512,fp32,thor,65.690758,748.195671,2.037239,valid,valid,valid,none,gpu_rail_power,4,4,4
rubik_vis_vis_reference,superpoint-superglue,512,mp,thor,24.862249,270.195582,0.618916,valid,valid,valid,none,gpu_rail_power,4,4,4
rubik_vis_vis_reference,superpoint-superglue,1024,fp16,thor,62.777343,672.196546,1.956461,valid,valid,valid,none,gpu_rail_power,4,4,4
rubik_vis_vis_reference,superpoint-superglue,1024,fp32,thor,156.454728,782.195671,6.494478,valid,valid,valid,none,gpu_rail_power,4,4,4
rubik_vis_vis_reference,superpoint-superglue,1024,mp,thor,82.520586,692.195594,2.54692,valid,valid,valid,none,gpu_rail_power,4,4,4
sthereo_day_night_thermal_thermal,dkm,128,fp32,thor,2648.188725,14310.452385,94.173288,valid,valid,valid,none,gpu_rail_power,4,4,4
sthereo_day_night_thermal_thermal,dkm,128,mp,thor,1521.802082,13622.45265,43.393883,valid,valid,valid,none,gpu_rail_power,4,4,4
sthereo_day_night_thermal_thermal,dkm,256,fp32,thor,2653.666207,14310.452385,94.913096,valid,valid,valid,none,gpu_rail_power,4,4,4
sthereo_day_night_thermal_thermal,dkm,256,mp,thor,1530.013361,13622.45265,43.42917,valid,valid,valid,none,gpu_rail_power,4,4,4
sthereo_day_night_thermal_thermal,dkm,512,fp32,thor,2660.284846,14310.452385,94.765613,valid,valid,valid,none,gpu_rail_power,4,4,4
sthereo_day_night_thermal_thermal,dkm,512,mp,thor,1531.454047,13622.45265,43.483113,valid,valid,valid,none,gpu_rail_power,4,4,4
sthereo_day_night_thermal_thermal,dkm,1024,fp32,thor,2676.005511,14310.452385,95.217677,valid,valid,valid,none,gpu_rail_power,4,4,4
sthereo_day_night_thermal_thermal,dkm,1024,mp,thor,1550.212078,13622.45265,43.694472,valid,valid,valid,none,gpu_rail_power,4,4,4
sthereo_day_night_thermal_thermal,efficientloftr,128,fp16,thor,28.44401,422.037002,0.264582,valid,valid,valid,none,gpu_rail_power,4,4,4
sthereo_day_night_thermal_thermal,efficientloftr,128,fp32,thor,27.313442,712.676149,0.545184,valid,valid,valid,none,gpu_rail_power,4,4,4
sthereo_day_night_thermal_thermal,efficientloftr,128,mp,thor,30.983012,710.03605,0.310789,valid,valid,valid,none,gpu_rail_power,4,4,4
sthereo_day_night_thermal_thermal,efficientloftr,256,fp16,thor,36.033286,686.037002,0.636426,valid,valid,valid,none,gpu_rail_power,4,4,4
sthereo_day_night_thermal_thermal,efficientloftr,256,fp32,thor,41.198131,988.676149,1.367964,valid,valid,valid,none,gpu_rail_power,4,4,4
sthereo_day_night_thermal_thermal,efficientloftr,256,mp,thor,38.42626,972.03605,0.688786,valid,valid,valid,none,gpu_rail_power,4,4,4
sthereo_day_night_thermal_thermal,efficientloftr,512,fp16,thor,85.805062,1700.03707,2.024561,valid,valid,valid,none,gpu_rail_power,4,4,4
sthereo_day_night_thermal_thermal,efficientloftr,512,fp32,thor,139.740882,2162.676149,5.107978,valid,valid,valid,none,gpu_rail_power,4,4,4
sthereo_day_night_thermal_thermal,efficientloftr,512,mp,thor,90.853744,2068.036119,2.177825,valid,valid,valid,none,gpu_rail_power,4,4,4
sthereo_day_night_thermal_thermal,efficientloftr,1024,fp16,thor,271.390143,7790.037059,8.230627,valid,valid,valid,none,gpu_rail_power,4,4,4
sthereo_day_night_thermal_thermal,efficientloftr,1024,fp32,thor,589.964266,10480.676149,23.434406,valid,valid,valid,none,gpu_rail_power,4,4,4
sthereo_day_night_thermal_thermal,efficientloftr,1024,mp,thor,308.384736,10078.036107,9.49743,valid,valid,valid,none,gpu_rail_power,4,4,4
sthereo_day_night_thermal_thermal,loftr,128,fp16,thor,19.266842,184.040284,0.249337,valid,valid,valid,none,gpu_rail_power,4,4,4
sthereo_day_night_thermal_thermal,loftr,128,fp32,thor,19.1779,244.679363,0.561535,valid,valid,valid,none,gpu_rail_power,4,4,4
sthereo_day_night_thermal_thermal,loftr,128,mp,thor,22.215355,226.039332,0.311795,valid,valid,valid,none,gpu_rail_power,4,4,4
sthereo_day_night_thermal_thermal,loftr,256,fp16,thor,20.863684,408.040284,0.52322,valid,valid,valid,none,gpu_rail_power,4,4,4
sthereo_day_night_thermal_thermal,loftr,256,fp32,thor,54.348202,428.679363,2.038903,valid,valid,valid,none,gpu_rail_power,4,4,4
sthereo_day_night_thermal_thermal,loftr,256,mp,thor,23.11127,458.039332,0.577773,valid,valid,valid,none,gpu_rail_power,4,4,4
sthereo_day_night_thermal_thermal,loftr,512,fp16,thor,52.580117,1386.040284,1.813519,valid,valid,valid,none,gpu_rail_power,4,4,4
sthereo_day_night_thermal_thermal,loftr,512,fp32,thor,200.014011,1392.679363,8.055551,valid,valid,valid,none,gpu_rail_power,4,4,4
sthereo_day_night_thermal_thermal,loftr,512,mp,thor,56.152793,1450.039332,1.884345,valid,valid,valid,none,gpu_rail_power,4,4,4
sthereo_day_night_thermal_thermal,loftr,1024,fp16,thor,235.867289,6908.040296,8.104139,valid,valid,valid,none,gpu_rail_power,4,4,4
sthereo_day_night_thermal_thermal,loftr,1024,fp32,thor,771.352545,7528.679363,33.444824,valid,valid,valid,none,gpu_rail_power,4,4,4
sthereo_day_night_thermal_thermal,loftr,1024,mp,thor,254.271015,6192.039344,8.728459,valid,valid,valid,none,gpu_rail_power,4,4,4
sthereo_day_night_thermal_thermal,mast3r,128,fp32,thor,128.74757,4084.806177,3.956684,valid,valid,valid,none,gpu_rail_power,4,4,4
sthereo_day_night_thermal_thermal,mast3r,128,mp,thor,143.944101,4104.806177,3.486873,valid,valid,valid,none,gpu_rail_power,4,4,4
sthereo_day_night_thermal_thermal,mast3r,256,fp32,thor,308.657893,5832.806177,10.858555,valid,valid,valid,none,gpu_rail_power,4,4,4
sthereo_day_night_thermal_thermal,mast3r,256,mp,thor,254.678324,5848.806177,7.18222,valid,valid,valid,none,gpu_rail_power,4,4,4
sthereo_day_night_thermal_thermal,mast3r,512,fp32,thor,1289.592634,6094.839156,43.446396,valid,valid,valid,none,gpu_rail_power,4,4,4
sthereo_day_night_thermal_thermal,mast3r,512,mp,thor,946.009065,6126.839156,27.837187,valid,valid,valid,none,gpu_rail_power,4,4,4
sthereo_day_night_thermal_thermal,mast3r,1024,fp32,thor,9915.642071,8030.839156,326.125298,valid,valid,valid,none,gpu_rail_power,4,4,4
sthereo_day_night_thermal_thermal,mast3r,1024,mp,thor,8190.654799,8394.839156,225.857952,valid,valid,valid,none,gpu_rail_power,4,4,4
sthereo_day_night_thermal_thermal,matchanything-eloftr,128,fp16,thor,31.088184,424.037002,0.285389,valid,valid,valid,none,gpu_rail_power,4,4,4
sthereo_day_night_thermal_thermal,matchanything-eloftr,128,fp32,thor,29.058615,714.676149,0.58261,valid,valid,valid,none,gpu_rail_power,4,4,4
sthereo_day_night_thermal_thermal,matchanything-eloftr,128,mp,thor,33.873466,714.03605,0.326119,valid,valid,valid,none,gpu_rail_power,4,4,4
sthereo_day_night_thermal_thermal,matchanything-eloftr,256,fp16,thor,38.792851,688.037002,0.696191,valid,valid,valid,none,gpu_rail_power,4,4,4
sthereo_day_night_thermal_thermal,matchanything-eloftr,256,fp32,thor,44.009221,992.676149,1.449993,valid,valid,valid,none,gpu_rail_power,4,4,4
sthereo_day_night_thermal_thermal,matchanything-eloftr,256,mp,thor,41.312245,978.03605,0.741238,valid,valid,valid,none,gpu_rail_power,4,4,4
sthereo_day_night_thermal_thermal,matchanything-eloftr,512,fp16,thor,87.381562,1696.03707,2.147203,valid,valid,valid,none,gpu_rail_power,4,4,4
sthereo_day_night_thermal_thermal,matchanything-eloftr,512,fp32,thor,158.533946,2180.676149,5.584787,valid,valid,valid,none,gpu_rail_power,4,4,4
sthereo_day_night_thermal_thermal,matchanything-eloftr,512,mp,thor,90.310641,2074.036119,2.317624,valid,valid,valid,none,gpu_rail_power,4,4,4
sthereo_day_night_thermal_thermal,matchanything-eloftr,1024,fp16,thor,299.172538,7470.03707,8.575966,valid,valid,valid,none,gpu_rail_power,4,4,4
sthereo_day_night_thermal_thermal,matchanything-eloftr,1024,fp32,thor,660.070743,10436.676149,24.952307,valid,valid,valid,none,gpu_rail_power,4,4,4
sthereo_day_night_thermal_thermal,matchanything-eloftr,1024,mp,thor,333.424623,10064.036119,9.705232,valid,valid,valid,none,gpu_rail_power,4,4,4
sthereo_day_night_thermal_thermal,orb-cuda,128,native,thor,1.577188,0.754337,0.007546,valid,valid,valid,none,gpu_rail_power,4,4,4
sthereo_day_night_thermal_thermal,orb-cuda,256,native,thor,6.262366,2.974808,0.020991,valid,valid,valid,none,gpu_rail_power,4,4,4
sthereo_day_night_thermal_thermal,orb-cuda,512,native,thor,10.19922,3.669029,0.031305,valid,valid,valid,none,gpu_rail_power,4,4,4
sthereo_day_night_thermal_thermal,orb-cuda,1024,native,thor,19.919857,12.343391,0.067519,valid,valid,valid,none,gpu_rail_power,4,4,4
sthereo_day_night_thermal_thermal,sift-gpu,128,native,thor,14.627191,9.868189,0.102689,valid,valid,valid,none,gpu_rail_power,4,4,4
sthereo_day_night_thermal_thermal,sift-gpu,256,native,thor,19.858187,40.83639,0.157761,valid,valid,valid,none,gpu_rail_power,4,4,4
sthereo_day_night_thermal_thermal,sift-gpu,512,native,thor,30.388482,157.50387,0.297222,valid,valid,valid,none,gpu_rail_power,4,4,4
sthereo_day_night_thermal_thermal,sift-gpu,1024,native,thor,52.56164,646.230936,0.667115,valid,valid,valid,none,gpu_rail_power,4,4,4
sthereo_day_night_thermal_thermal,superpoint-lightglue,128,fp16,thor,13.879108,134.381844,0.128684,valid,valid,valid,none,gpu_rail_power,4,4,4
sthereo_day_night_thermal_thermal,superpoint-lightglue,128,fp32,thor,15.294602,230.381855,0.334916,valid,valid,valid,none,gpu_rail_power,4,4,4
sthereo_day_night_thermal_thermal,superpoint-lightglue,128,mp,thor,12.304064,136.381844,0.169993,valid,valid,valid,none,gpu_rail_power,4,4,4
sthereo_day_night_thermal_thermal,superpoint-lightglue,256,fp16,thor,14.380098,154.381855,0.222859,valid,valid,valid,none,gpu_rail_power,4,4,4
sthereo_day_night_thermal_thermal,superpoint-lightglue,256,fp32,thor,24.993362,258.381967,0.754578,valid,valid,valid,none,gpu_rail_power,4,4,4
sthereo_day_night_thermal_thermal,superpoint-lightglue,256,mp,thor,13.873864,164.381855,0.302298,valid,valid,valid,none,gpu_rail_power,4,4,4
sthereo_day_night_thermal_thermal,superpoint-lightglue,512,fp16,thor,17.741533,262.381889,0.55548,valid,valid,valid,none,gpu_rail_power,4,4,4
sthereo_day_night_thermal_thermal,superpoint-lightglue,512,fp32,thor,67.211926,750.381967,2.31508,valid,valid,valid,none,gpu_rail_power,4,4,4
sthereo_day_night_thermal_thermal,superpoint-lightglue,512,mp,thor,27.903886,276.381889,0.918422,valid,valid,valid,none,gpu_rail_power,4,4,4
sthereo_day_night_thermal_thermal,superpoint-lightglue,1024,fp16,thor,61.355599,682.381901,1.617611,valid,valid,valid,none,gpu_rail_power,4,4,4
sthereo_day_night_thermal_thermal,superpoint-lightglue,1024,fp32,thor,151.867491,898.381967,6.344629,valid,valid,valid,none,gpu_rail_power,4,4,4
sthereo_day_night_thermal_thermal,superpoint-lightglue,1024,mp,thor,56.728735,698.381901,1.865014,valid,valid,valid,none,gpu_rail_power,4,4,4
sthereo_day_night_thermal_thermal,superpoint-superglue,128,fp16,thor,16.743558,134.196488,0.177954,valid,valid,valid,none,gpu_rail_power,4,4,4
sthereo_day_night_thermal_thermal,superpoint-superglue,128,fp32,thor,20.407766,230.195548,0.361612,valid,valid,valid,none,gpu_rail_power,4,4,4
sthereo_day_night_thermal_thermal,superpoint-superglue,128,mp,thor,20.84713,136.195537,0.236464,valid,valid,valid,none,gpu_rail_power,4,4,4
sthereo_day_night_thermal_thermal,superpoint-superglue,256,fp16,thor,18.087916,154.1965,0.264374,valid,valid,valid,none,gpu_rail_power,4,4,4
sthereo_day_night_thermal_thermal,superpoint-superglue,256,fp32,thor,28.888005,254.19566,0.796436,valid,valid,valid,none,gpu_rail_power,4,4,4
sthereo_day_night_thermal_thermal,superpoint-superglue,256,mp,thor,21.991239,158.195548,0.32334,valid,valid,valid,none,gpu_rail_power,4,4,4
sthereo_day_night_thermal_thermal,superpoint-superglue,512,fp16,thor,24.364386,262.196534,0.633825,valid,valid,valid,none,gpu_rail_power,4,4,4
sthereo_day_night_thermal_thermal,superpoint-superglue,512,fp32,thor,80.962757,748.195671,2.462727,valid,valid,valid,none,gpu_rail_power,4,4,4
sthereo_day_night_thermal_thermal,superpoint-superglue,512,mp,thor,27.699033,270.195582,0.650141,valid,valid,valid,none,gpu_rail_power,4,4,4
sthereo_day_night_thermal_thermal,superpoint-superglue,1024,fp16,thor,70.978987,672.196546,1.684306,valid,valid,valid,none,gpu_rail_power,4,4,4
sthereo_day_night_thermal_thermal,superpoint-superglue,1024,fp32,thor,161.17541,782.195671,6.306839,valid,valid,valid,none,gpu_rail_power,4,4,4
sthereo_day_night_thermal_thermal,superpoint-superglue,1024,mp,thor,78.068425,692.195594,1.793968,valid,valid,valid,none,gpu_rail_power,4,4,4
sthereo_day_night_vis_vis,dkm,128,fp32,thor,2636.092952,14310.452385,93.845139,valid,valid,valid,none,gpu_rail_power,4,4,4
sthereo_day_night_vis_vis,dkm,128,mp,thor,1512.770155,13622.45265,43.092974,valid,valid,valid,none,gpu_rail_power,4,4,4
sthereo_day_night_vis_vis,dkm,256,fp32,thor,2642.913857,14310.452385,94.542587,valid,valid,valid,none,gpu_rail_power,4,4,4
sthereo_day_night_vis_vis,dkm,256,mp,thor,1516.653828,13622.45265,43.130942,valid,valid,valid,none,gpu_rail_power,4,4,4
sthereo_day_night_vis_vis,dkm,512,fp32,thor,2641.129295,14310.452385,94.374842,valid,valid,valid,none,gpu_rail_power,4,4,4
sthereo_day_night_vis_vis,dkm,512,mp,thor,1514.231446,13622.45265,43.050234,valid,valid,valid,none,gpu_rail_power,4,4,4
sthereo_day_night_vis_vis,dkm,1024,fp32,thor,2640.716963,14310.452385,94.660447,valid,valid,valid,none,gpu_rail_power,4,4,4
sthereo_day_night_vis_vis,dkm,1024,mp,thor,1524.768381,13622.45265,43.234976,valid,valid,valid,none,gpu_rail_power,4,4,4
sthereo_day_night_vis_vis,efficientloftr,128,fp16,thor,24.649308,422.037002,0.163339,valid,valid,valid,none,gpu_rail_power,4,4,4
sthereo_day_night_vis_vis,efficientloftr,128,fp32,thor,23.087237,712.676149,0.289456,valid,valid,valid,none,gpu_rail_power,4,4,4
sthereo_day_night_vis_vis,efficientloftr,128,mp,thor,27.243177,710.03605,0.223358,valid,valid,valid,none,gpu_rail_power,4,4,4
sthereo_day_night_vis_vis,efficientloftr,256,fp16,thor,28.880313,686.037002,0.424944,valid,valid,valid,none,gpu_rail_power,4,4,4
sthereo_day_night_vis_vis,efficientloftr,256,fp32,thor,32.003461,988.676149,0.84789,valid,valid,valid,none,gpu_rail_power,4,4,4
sthereo_day_night_vis_vis,efficientloftr,256,mp,thor,32.208482,972.03605,0.466501,valid,valid,valid,none,gpu_rail_power,4,4,4
sthereo_day_night_vis_vis,efficientloftr,512,fp16,thor,64.122473,1700.03707,1.214991,valid,valid,valid,none,gpu_rail_power,4,4,4
sthereo_day_night_vis_vis,efficientloftr,512,fp32,thor,86.515631,2162.676149,3.042875,valid,valid,valid,none,gpu_rail_power,4,4,4
sthereo_day_night_vis_vis,efficientloftr,512,mp,thor,65.301242,2068.036119,1.277613,valid,valid,valid,none,gpu_rail_power,4,4,4
sthereo_day_night_vis_vis,efficientloftr,1024,fp16,thor,153.339816,7790.037059,4.373306,valid,valid,valid,none,gpu_rail_power,4,4,4
sthereo_day_night_vis_vis,efficientloftr,1024,fp32,thor,306.468106,10480.676149,12.162774,valid,valid,valid,none,gpu_rail_power,4,4,4
sthereo_day_night_vis_vis,efficientloftr,1024,mp,thor,165.999661,10078.036107,4.833915,valid,valid,valid,none,gpu_rail_power,4,4,4
sthereo_day_night_vis_vis,loftr,128,fp16,thor,19.15614,184.040284,0.194356,valid,valid,valid,none,gpu_rail_power,4,4,4
sthereo_day_night_vis_vis,loftr,128,fp32,thor,17.952038,244.679363,0.424948,valid,valid,valid,none,gpu_rail_power,4,4,4
sthereo_day_night_vis_vis,loftr,128,mp,thor,22.073479,226.039332,0.250709,valid,valid,valid,none,gpu_rail_power,4,4,4
sthereo_day_night_vis_vis,loftr,256,fp16,thor,19.064094,408.040284,0.379542,valid,valid,valid,none,gpu_rail_power,4,4,4
sthereo_day_night_vis_vis,loftr,256,fp32,thor,33.795299,428.679363,1.182015,valid,valid,valid,none,gpu_rail_power,4,4,4
sthereo_day_night_vis_vis,loftr,256,mp,thor,22.140572,458.039332,0.425622,valid,valid,valid,none,gpu_rail_power,4,4,4
sthereo_day_night_vis_vis,loftr,512,fp16,thor,31.133523,1386.040284,0.958995,valid,valid,valid,none,gpu_rail_power,4,4,4
sthereo_day_night_vis_vis,loftr,512,fp32,thor,112.279948,1392.679363,4.353166,valid,valid,valid,none,gpu_rail_power,4,4,4
sthereo_day_night_vis_vis,loftr,512,mp,thor,32.333987,1450.039332,1.021708,valid,valid,valid,none,gpu_rail_power,4,4,4
sthereo_day_night_vis_vis,loftr,1024,fp16,thor,121.953507,6908.040296,4.01242,valid,valid,valid,none,gpu_rail_power,4,4,4
sthereo_day_night_vis_vis,loftr,1024,fp32,thor,409.779633,7528.679363,17.831994,valid,valid,valid,none,gpu_rail_power,4,4,4
sthereo_day_night_vis_vis,loftr,1024,mp,thor,126.088722,6192.039344,4.186823,valid,valid,valid,none,gpu_rail_power,4,4,4
sthereo_day_night_vis_vis,mast3r,128,fp32,thor,115.190786,4084.806177,3.271229,valid,valid,valid,none,gpu_rail_power,4,4,4
sthereo_day_night_vis_vis,mast3r,128,mp,thor,129.610331,4104.806177,2.974621,valid,valid,valid,none,gpu_rail_power,4,4,4
sthereo_day_night_vis_vis,mast3r,256,fp32,thor,341.277193,5832.806177,10.693826,valid,valid,valid,none,gpu_rail_power,4,4,4
sthereo_day_night_vis_vis,mast3r,256,mp,thor,318.586788,5848.806177,9.025258,valid,valid,valid,none,gpu_rail_power,4,4,4
sthereo_day_night_vis_vis,mast3r,512,fp32,thor,850.927482,6094.839156,27.17087,valid,valid,valid,none,gpu_rail_power,4,4,4
sthereo_day_night_vis_vis,mast3r,512,mp,thor,669.452247,6126.839156,19.752934,valid,valid,valid,none,gpu_rail_power,4,4,4
sthereo_day_night_vis_vis,mast3r,1024,fp32,thor,3603.789894,8030.839156,121.339371,valid,valid,valid,none,gpu_rail_power,4,4,4
sthereo_day_night_vis_vis,mast3r,1024,mp,thor,2960.712284,8394.839156,84.293992,valid,valid,valid,none,gpu_rail_power,4,4,4
sthereo_day_night_vis_vis,matchanything-eloftr,128,fp16,thor,27.267507,424.037002,0.175809,valid,valid,valid,none,gpu_rail_power,4,4,4
sthereo_day_night_vis_vis,matchanything-eloftr,128,fp32,thor,24.759906,714.676149,0.317449,valid,valid,valid,none,gpu_rail_power,4,4,4
sthereo_day_night_vis_vis,matchanything-eloftr,128,mp,thor,30.01568,714.03605,0.234955,valid,valid,valid,none,gpu_rail_power,4,4,4
sthereo_day_night_vis_vis,matchanything-eloftr,256,fp16,thor,32.064254,688.037002,0.470066,valid,valid,valid,none,gpu_rail_power,4,4,4
sthereo_day_night_vis_vis,matchanything-eloftr,256,fp32,thor,34.362199,992.676149,0.90505,valid,valid,valid,none,gpu_rail_power,4,4,4
sthereo_day_night_vis_vis,matchanything-eloftr,256,mp,thor,34.361425,978.03605,0.518303,valid,valid,valid,none,gpu_rail_power,4,4,4
sthereo_day_night_vis_vis,matchanything-eloftr,512,fp16,thor,61.647416,1696.03707,1.270465,valid,valid,valid,none,gpu_rail_power,4,4,4
sthereo_day_night_vis_vis,matchanything-eloftr,512,fp32,thor,89.386047,2180.676149,3.237517,valid,valid,valid,none,gpu_rail_power,4,4,4
sthereo_day_night_vis_vis,matchanything-eloftr,512,mp,thor,63.383836,2074.036119,1.319697,valid,valid,valid,none,gpu_rail_power,4,4,4
sthereo_day_night_vis_vis,matchanything-eloftr,1024,fp16,thor,154.381467,7470.03707,4.484273,valid,valid,valid,none,gpu_rail_power,4,4,4
sthereo_day_night_vis_vis,matchanything-eloftr,1024,fp32,thor,336.142176,10436.676149,13.182223,valid,valid,valid,none,gpu_rail_power,4,4,4
sthereo_day_night_vis_vis,matchanything-eloftr,1024,mp,thor,164.376899,10064.036119,4.855157,valid,valid,valid,none,gpu_rail_power,4,4,4
sthereo_day_night_vis_vis,orb-cuda,128,native,thor,0.014482,0.581196,5.6e-05,valid,valid,valid,none,gpu_rail_power,4,4,4
sthereo_day_night_vis_vis,orb-cuda,256,native,thor,3.980609,2.836964,0.015379,valid,valid,valid,none,gpu_rail_power,4,4,4
sthereo_day_night_vis_vis,orb-cuda,512,native,thor,11.816854,3.167221,0.035462,valid,valid,valid,none,gpu_rail_power,4,4,4
sthereo_day_night_vis_vis,orb-cuda,1024,native,thor,19.590833,10.240414,0.067221,valid,valid,valid,none,gpu_rail_power,4,4,4
sthereo_day_night_vis_vis,sift-gpu,128,native,thor,9.145474,9.814966,0.063805,valid,valid,valid,none,gpu_rail_power,4,4,4
sthereo_day_night_vis_vis,sift-gpu,256,native,thor,16.192382,40.789759,0.119614,valid,valid,valid,none,gpu_rail_power,4,4,4
sthereo_day_night_vis_vis,sift-gpu,512,native,thor,28.141549,157.765833,0.259093,valid,valid,valid,none,gpu_rail_power,4,4,4
sthereo_day_night_vis_vis,sift-gpu,1024,native,thor,61.191649,647.709452,0.655062,valid,valid,valid,none,gpu_rail_power,4,4,4
sthereo_day_night_vis_vis,superpoint-lightglue,128,fp16,thor,12.262691,134.381844,0.108871,valid,valid,valid,none,gpu_rail_power,4,4,4
sthereo_day_night_vis_vis,superpoint-lightglue,128,fp32,thor,12.879135,230.381855,0.222438,valid,valid,valid,none,gpu_rail_power,4,4,4
sthereo_day_night_vis_vis,superpoint-lightglue,128,mp,thor,11.865897,136.381844,0.145205,valid,valid,valid,none,gpu_rail_power,4,4,4
sthereo_day_night_vis_vis,superpoint-lightglue,256,fp16,thor,11.93542,154.381855,0.152546,valid,valid,valid,none,gpu_rail_power,4,4,4
sthereo_day_night_vis_vis,superpoint-lightglue,256,fp32,thor,19.21179,258.381967,0.502458,valid,valid,valid,none,gpu_rail_power,4,4,4
sthereo_day_night_vis_vis,superpoint-lightglue,256,mp,thor,10.890344,164.381855,0.198855,valid,valid,valid,none,gpu_rail_power,4,4,4
sthereo_day_night_vis_vis,superpoint-lightglue,512,fp16,thor,12.339952,262.381889,0.281027,valid,valid,valid,none,gpu_rail_power,4,4,4
sthereo_day_night_vis_vis,superpoint-lightglue,512,fp32,thor,42.553169,750.381967,1.287173,valid,valid,valid,none,gpu_rail_power,4,4,4
sthereo_day_night_vis_vis,superpoint-lightglue,512,mp,thor,13.422928,276.381889,0.352707,valid,valid,valid,none,gpu_rail_power,4,4,4
sthereo_day_night_vis_vis,superpoint-lightglue,1024,fp16,thor,34.920878,682.381901,0.925249,valid,valid,valid,none,gpu_rail_power,4,4,4
sthereo_day_night_vis_vis,superpoint-lightglue,1024,fp32,thor,87.492323,898.381967,3.611258,valid,valid,valid,none,gpu_rail_power,4,4,4
sthereo_day_night_vis_vis,superpoint-lightglue,1024,mp,thor,36.086574,698.381901,1.175699,valid,valid,valid,none,gpu_rail_power,4,4,4
sthereo_day_night_vis_vis,superpoint-superglue,128,fp16,thor,17.044813,134.196488,0.16784,valid,valid,valid,none,gpu_rail_power,4,4,4
sthereo_day_night_vis_vis,superpoint-superglue,128,fp32,thor,17.973806,230.195548,0.269934,valid,valid,valid,none,gpu_rail_power,4,4,4
sthereo_day_night_vis_vis,superpoint-superglue,128,mp,thor,21.105383,136.195537,0.225412,valid,valid,valid,none,gpu_rail_power,4,4,4
sthereo_day_night_vis_vis,superpoint-superglue,256,fp16,thor,17.07122,154.1965,0.208461,valid,valid,valid,none,gpu_rail_power,4,4,4
sthereo_day_night_vis_vis,superpoint-superglue,256,fp32,thor,25.265504,254.19566,0.531518,valid,valid,valid,none,gpu_rail_power,4,4,4
sthereo_day_night_vis_vis,superpoint-superglue,256,mp,thor,20.994664,158.195548,0.272673,valid,valid,valid,none,gpu_rail_power,4,4,4
sthereo_day_night_vis_vis,superpoint-superglue,512,fp16,thor,19.519036,262.196534,0.410438,valid,valid,valid,none,gpu_rail_power,4,4,4
sthereo_day_night_vis_vis,superpoint-superglue,512,fp32,thor,59.134196,748.195671,1.558948,valid,valid,valid,none,gpu_rail_power,4,4,4
sthereo_day_night_vis_vis,superpoint-superglue,512,mp,thor,23.417474,270.195582,0.454577,valid,valid,valid,none,gpu_rail_power,4,4,4
sthereo_day_night_vis_vis,superpoint-superglue,1024,fp16,thor,51.553971,672.196546,1.230938,valid,valid,valid,none,gpu_rail_power,4,4,4
sthereo_day_night_vis_vis,superpoint-superglue,1024,fp32,thor,103.950016,782.195671,4.134469,valid,valid,valid,none,gpu_rail_power,4,4,4
sthereo_day_night_vis_vis,superpoint-superglue,1024,mp,thor,55.382676,692.195594,1.336516,valid,valid,valid,none,gpu_rail_power,4,4,4
sthereo_day_vis_thermal,dkm,128,fp32,thor,2638.888866,14310.452385,94.12481,valid,valid,valid,none,gpu_rail_power,4,4,4
sthereo_day_vis_thermal,dkm,128,mp,thor,1517.692804,13622.45265,43.357492,valid,valid,valid,none,gpu_rail_power,4,4,4
sthereo_day_vis_thermal,dkm,256,fp32,thor,2652.234921,14310.452385,94.815772,valid,valid,valid,none,gpu_rail_power,4,4,4
sthereo_day_vis_thermal,dkm,256,mp,thor,1526.241573,13622.45265,43.385332,valid,valid,valid,none,gpu_rail_power,4,4,4
sthereo_day_vis_thermal,dkm,512,fp32,thor,2649.44659,14310.452385,94.684148,valid,valid,valid,none,gpu_rail_power,4,4,4
sthereo_day_vis_thermal,dkm,512,mp,thor,1524.621153,13622.45265,43.316816,valid,valid,valid,none,gpu_rail_power,4,4,4
sthereo_day_vis_thermal,dkm,1024,fp32,thor,2660.37401,14310.452385,94.98901,valid,valid,valid,none,gpu_rail_power,4,4,4
sthereo_day_vis_thermal,dkm,1024,mp,thor,1536.255687,13622.45265,43.490257,valid,valid,valid,none,gpu_rail_power,4,4,4
sthereo_day_vis_thermal,efficientloftr,128,fp16,thor,25.655195,422.037002,0.185118,valid,valid,valid,none,gpu_rail_power,4,4,4
sthereo_day_vis_thermal,efficientloftr,128,fp32,thor,23.854077,712.676149,0.350373,valid,valid,valid,none,gpu_rail_power,4,4,4
sthereo_day_vis_thermal,efficientloftr,128,mp,thor,28.65666,710.03605,0.249958,valid,valid,valid,none,gpu_rail_power,4,4,4
sthereo_day_vis_thermal,efficientloftr,256,fp16,thor,32.94878,686.037002,0.527838,valid,valid,valid,none,gpu_rail_power,4,4,4
sthereo_day_vis_thermal,efficientloftr,256,fp32,thor,36.31618,988.676149,1.147985,valid,valid,valid,none,gpu_rail_power,4,4,4
sthereo_day_vis_thermal,efficientloftr,256,mp,thor,35.974296,972.03605,0.581219,valid,valid,valid,none,gpu_rail_power,4,4,4
sthereo_day_vis_thermal,efficientloftr,512,fp16,thor,70.447521,1700.03707,1.535382,valid,valid,valid,none,gpu_rail_power,4,4,4
sthereo_day_vis_thermal,efficientloftr,512,fp32,thor,112.452142,2162.676149,3.987515,valid,valid,valid,none,gpu_rail_power,4,4,4
sthereo_day_vis_thermal,efficientloftr,512,mp,thor,71.561877,2068.036119,1.634471,valid,valid,valid,none,gpu_rail_power,4,4,4
sthereo_day_vis_thermal,efficientloftr,1024,fp16,thor,197.088961,7790.037059,5.965514,valid,valid,valid,none,gpu_rail_power,4,4,4
sthereo_day_vis_thermal,efficientloftr,1024,fp32,thor,436.091947,10480.676149,17.388293,valid,valid,valid,none,gpu_rail_power,4,4,4
sthereo_day_vis_thermal,efficientloftr,1024,mp,thor,219.212034,10078.036107,6.714691,valid,valid,valid,none,gpu_rail_power,4,4,4
sthereo_day_vis_thermal,loftr,128,fp16,thor,22.323245,184.040284,0.282811,valid,valid,valid,none,gpu_rail_power,4,4,4
sthereo_day_vis_thermal,loftr,128,fp32,thor,20.068472,244.679363,0.541724,valid,valid,valid,none,gpu_rail_power,4,4,4
sthereo_day_vis_thermal,loftr,128,mp,thor,25.083016,226.039332,0.334178,valid,valid,valid,none,gpu_rail_power,4,4,4
sthereo_day_vis_thermal,loftr,256,fp16,thor,22.619685,408.040284,0.488632,valid,valid,valid,none,gpu_rail_power,4,4,4
sthereo_day_vis_thermal,loftr,256,fp32,thor,44.832586,428.679363,1.627812,valid,valid,valid,none,gpu_rail_power,4,4,4
sthereo_day_vis_thermal,loftr,256,mp,thor,25.752568,458.039332,0.53758,valid,valid,valid,none,gpu_rail_power,4,4,4
sthereo_day_vis_thermal,loftr,512,fp16,thor,39.353793,1386.040284,1.373247,valid,valid,valid,none,gpu_rail_power,4,4,4
sthereo_day_vis_thermal,loftr,512,fp32,thor,154.957308,1392.679363,6.082937,valid,valid,valid,none,gpu_rail_power,4,4,4
sthereo_day_vis_thermal,loftr,512,mp,thor,42.622489,1450.039332,1.439195,valid,valid,valid,none,gpu_rail_power,4,4,4
sthereo_day_vis_thermal,loftr,1024,fp16,thor,168.864285,6908.040296,5.731917,valid,valid,valid,none,gpu_rail_power,4,4,4
sthereo_day_vis_thermal,loftr,1024,fp32,thor,608.840295,7528.679363,25.303935,valid,valid,valid,none,gpu_rail_power,4,4,4
sthereo_day_vis_thermal,loftr,1024,mp,thor,180.262775,6192.039344,6.107863,valid,valid,valid,none,gpu_rail_power,4,4,4
sthereo_day_vis_thermal,mast3r,128,fp32,thor,130.956847,4084.806177,3.966981,valid,valid,valid,none,gpu_rail_power,4,4,4
sthereo_day_vis_thermal,mast3r,128,mp,thor,146.796223,4104.806177,3.460065,valid,valid,valid,none,gpu_rail_power,4,4,4
sthereo_day_vis_thermal,mast3r,256,fp32,thor,326.482807,5832.806177,10.559071,valid,valid,valid,none,gpu_rail_power,4,4,4
sthereo_day_vis_thermal,mast3r,256,mp,thor,307.183769,5848.806177,8.391287,valid,valid,valid,none,gpu_rail_power,4,4,4
sthereo_day_vis_thermal,mast3r,512,fp32,thor,1073.680791,6094.839156,35.570677,valid,valid,valid,none,gpu_rail_power,4,4,4
sthereo_day_vis_thermal,mast3r,512,mp,thor,795.005477,6126.839156,23.4676,valid,valid,valid,none,gpu_rail_power,4,4,4
sthereo_day_vis_thermal,mast3r,1024,fp32,thor,5553.34261,8030.839156,195.356619,valid,valid,valid,none,gpu_rail_power,4,4,4
sthereo_day_vis_thermal,mast3r,1024,mp,thor,4377.097587,8394.839156,127.202186,valid,valid,valid,none,gpu_rail_power,4,4,4
sthereo_day_vis_thermal,matchanything-eloftr,128,fp16,thor,31.087973,424.037002,0.22408,valid,valid,valid,none,gpu_rail_power,4,4,4
sthereo_day_vis_thermal,matchanything-eloftr,128,fp32,thor,27.131142,714.676149,0.388673,valid,valid,valid,none,gpu_rail_power,4,4,4
sthereo_day_vis_thermal,matchanything-eloftr,128,mp,thor,33.470027,714.03605,0.280911,valid,valid,valid,none,gpu_rail_power,4,4,4
sthereo_day_vis_thermal,matchanything-eloftr,256,fp16,thor,38.78129,688.037002,0.607456,valid,valid,valid,none,gpu_rail_power,4,4,4
sthereo_day_vis_thermal,matchanything-eloftr,256,fp32,thor,40.462384,992.676149,1.245941,valid,valid,valid,none,gpu_rail_power,4,4,4
sthereo_day_vis_thermal,matchanything-eloftr,256,mp,thor,40.981201,978.03605,0.655461,valid,valid,valid,none,gpu_rail_power,4,4,4
sthereo_day_vis_thermal,matchanything-eloftr,512,fp16,thor,75.071628,1696.03707,1.61761,valid,valid,valid,none,gpu_rail_power,4,4,4
sthereo_day_vis_thermal,matchanything-eloftr,512,fp32,thor,122.425325,2180.676149,4.27641,valid,valid,valid,none,gpu_rail_power,4,4,4
sthereo_day_vis_thermal,matchanything-eloftr,512,mp,thor,72.343003,2074.036119,1.694517,valid,valid,valid,none,gpu_rail_power,4,4,4
sthereo_day_vis_thermal,matchanything-eloftr,1024,fp16,thor,211.036787,7470.03707,6.174733,valid,valid,valid,none,gpu_rail_power,4,4,4
sthereo_day_vis_thermal,matchanything-eloftr,1024,fp32,thor,479.775254,10436.676149,18.609173,valid,valid,valid,none,gpu_rail_power,4,4,4
sthereo_day_vis_thermal,matchanything-eloftr,1024,mp,thor,232.224502,10064.036119,6.898095,valid,valid,valid,none,gpu_rail_power,4,4,4
sthereo_day_vis_thermal,orb-cuda,128,native,thor,0.014107,0.581196,5.3e-05,valid,valid,valid,none,gpu_rail_power,4,4,4
sthereo_day_vis_thermal,orb-cuda,256,native,thor,4.833626,2.978714,0.017473,valid,valid,valid,none,gpu_rail_power,4,4,4
sthereo_day_vis_thermal,orb-cuda,512,native,thor,13.252168,3.640953,0.040316,valid,valid,valid,none,gpu_rail_power,4,4,4
sthereo_day_vis_thermal,orb-cuda,1024,native,thor,22.805497,12.121956,0.079275,valid,valid,valid,none,gpu_rail_power,4,4,4
sthereo_day_vis_thermal,sift-gpu,128,native,thor,15.299278,9.888208,0.107794,valid,valid,valid,none,gpu_rail_power,4,4,4
sthereo_day_vis_thermal,sift-gpu,256,native,thor,23.305993,40.936975,0.187508,valid,valid,valid,none,gpu_rail_power,4,4,4
sthereo_day_vis_thermal,sift-gpu,512,native,thor,38.479453,157.977015,0.358338,valid,valid,valid,none,gpu_rail_power,4,4,4
sthereo_day_vis_thermal,sift-gpu,1024,native,thor,75.246456,647.858866,0.813881,valid,valid,valid,none,gpu_rail_power,4,4,4
sthereo_day_vis_thermal,superpoint-lightglue,128,fp16,thor,11.350561,134.381844,0.106948,valid,valid,valid,none,gpu_rail_power,4,4,4
sthereo_day_vis_thermal,superpoint-lightglue,128,fp32,thor,12.96806,230.381855,0.262282,valid,valid,valid,none,gpu_rail_power,4,4,4
sthereo_day_vis_thermal,superpoint-lightglue,128,mp,thor,11.691117,136.381844,0.145715,valid,valid,valid,none,gpu_rail_power,4,4,4
sthereo_day_vis_thermal,superpoint-lightglue,256,fp16,thor,12.713038,154.381855,0.188323,valid,valid,valid,none,gpu_rail_power,4,4,4
sthereo_day_vis_thermal,superpoint-lightglue,256,fp32,thor,21.682541,258.381967,0.647847,valid,valid,valid,none,gpu_rail_power,4,4,4
sthereo_day_vis_thermal,superpoint-lightglue,256,mp,thor,12.923524,164.381855,0.266167,valid,valid,valid,none,gpu_rail_power,4,4,4
sthereo_day_vis_thermal,superpoint-lightglue,512,fp16,thor,19.356099,262.381889,0.562856,valid,valid,valid,none,gpu_rail_power,4,4,4
sthereo_day_vis_thermal,superpoint-lightglue,512,fp32,thor,64.225345,750.381967,2.212142,valid,valid,valid,none,gpu_rail_power,4,4,4
sthereo_day_vis_thermal,superpoint-lightglue,512,mp,thor,28.514563,276.381889,0.996222,valid,valid,valid,none,gpu_rail_power,4,4,4
sthereo_day_vis_thermal,superpoint-lightglue,1024,fp16,thor,57.301234,682.381901,1.658656,valid,valid,valid,none,gpu_rail_power,4,4,4
sthereo_day_vis_thermal,superpoint-lightglue,1024,fp32,thor,148.793592,898.381967,6.063367,valid,valid,valid,none,gpu_rail_power,4,4,4
sthereo_day_vis_thermal,superpoint-lightglue,1024,mp,thor,69.534667,698.381901,2.531871,valid,valid,valid,none,gpu_rail_power,4,4,4
sthereo_day_vis_thermal,superpoint-superglue,128,fp16,thor,17.019347,134.196488,0.176716,valid,valid,valid,none,gpu_rail_power,4,4,4
sthereo_day_vis_thermal,superpoint-superglue,128,fp32,thor,18.934118,230.195548,0.322038,valid,valid,valid,none,gpu_rail_power,4,4,4
sthereo_day_vis_thermal,superpoint-superglue,128,mp,thor,20.99387,136.195537,0.234142,valid,valid,valid,none,gpu_rail_power,4,4,4
sthereo_day_vis_thermal,superpoint-superglue,256,fp16,thor,17.861424,154.1965,0.252387,valid,valid,valid,none,gpu_rail_power,4,4,4
sthereo_day_vis_thermal,superpoint-superglue,256,fp32,thor,27.804857,254.19566,0.703218,valid,valid,valid,none,gpu_rail_power,4,4,4
sthereo_day_vis_thermal,superpoint-superglue,256,mp,thor,21.500093,158.195548,0.307828,valid,valid,valid,none,gpu_rail_power,4,4,4
sthereo_day_vis_thermal,superpoint-superglue,512,fp16,thor,21.75949,262.196534,0.591148,valid,valid,valid,none,gpu_rail_power,4,4,4
sthereo_day_vis_thermal,superpoint-superglue,512,fp32,thor,70.423191,748.195671,2.201399,valid,valid,valid,none,gpu_rail_power,4,4,4
sthereo_day_vis_thermal,superpoint-superglue,512,mp,thor,25.59232,270.195582,0.601307,valid,valid,valid,none,gpu_rail_power,4,4,4
sthereo_day_vis_thermal,superpoint-superglue,1024,fp16,thor,59.32819,672.196546,1.671793,valid,valid,valid,none,gpu_rail_power,4,4,4
sthereo_day_vis_thermal,superpoint-superglue,1024,fp32,thor,142.51061,782.195671,5.801409,valid,valid,valid,none,gpu_rail_power,4,4,4
sthereo_day_vis_thermal,superpoint-superglue,1024,mp,thor,65.591237,692.195594,1.793201,valid,valid,valid,none,gpu_rail_power,4,4,4
